status	alignment_id	source	tier	english_word	gothic_surface	gothic_surface_gothic	script_ok	dist_1	match_1	dist_2	match_2	dist_3	match_3	english_sentence	gothic_sentence_roman	gothic_sentence_gothic
delete	train_1159_d0	llm_diversify	1	having	habands	𐌷𐌰𐌱𐌰𐌽𐌳𐍃	yes	0	habands: having	1	hatands: enemy	2	haban: be, be; ?, consider, have, have at one’s disposal, have hold...	for he taught them with authority, and not like the scribes.	was auk laisjands ins swe waldufni habands, jah ni swaswe bokarjos.	𐍅𐌰𐍃 𐌰𐌿𐌺 𐌻𐌰𐌹𐍃𐌾𐌰𐌽𐌳𐍃 𐌹𐌽𐍃 𐍃𐍅𐌴 𐍅𐌰𐌻𐌳𐌿𐍆𐌽𐌹 𐌷𐌰𐌱𐌰𐌽𐌳𐍃, 𐌾𐌰𐌷 𐌽𐌹 𐍃𐍅𐌰𐍃𐍅𐌴 𐌱𐍉𐌺𐌰𐍂𐌾𐍉𐍃.
delete	train_0016_d0	llm_diversify	1	good news	wailamerjan	𐍅𐌰𐌹𐌻𐌰𐌼𐌴𐍂𐌾𐌰𐌽	yes	0	waílamērjan: preach the good, proclaim, spread good news of	2	wajamērjan: blaspheme, defame (V.), slander (V.), speak sacrilegiously	3	waílamēreins: evangelism, evangelizing, good news-spreading, good tidings,...	The angel answered him, "I am Gabriel, who stands in the presence of God. I was sent to speak to you, and to bring you this good news.	jah andhafjands sa aggilus qaþ du imma: ik im Gabriel sa standands in andwairþja gudis, jah insandiþs im rodjan du þus jah wailamerjan þus þata.	𐌾𐌰𐌷 𐌰𐌽𐌳𐌷𐌰𐍆𐌾𐌰𐌽𐌳𐍃 𐍃𐌰 𐌰𐌲𐌲𐌹𐌻𐌿𐍃 𐌵𐌰𐌸 𐌳𐌿 𐌹𐌼𐌼𐌰: 𐌹𐌺 𐌹𐌼 𐌲𐌰𐌱𐍂𐌹𐌴𐌻 𐍃𐌰 𐍃𐍄𐌰𐌽𐌳𐌰𐌽𐌳𐍃 𐌹𐌽 𐌰𐌽𐌳𐍅𐌰𐌹𐍂𐌸𐌾𐌰 𐌲𐌿𐌳𐌹𐍃, 𐌾𐌰𐌷 𐌹𐌽𐍃𐌰𐌽𐌳𐌹𐌸𐍃 𐌹𐌼 𐍂𐍉𐌳𐌾𐌰𐌽 𐌳𐌿 𐌸𐌿𐍃 𐌾𐌰𐌷 𐍅𐌰𐌹𐌻𐌰𐌼𐌴𐍂𐌾𐌰𐌽 𐌸𐌿𐍃 𐌸𐌰𐍄𐌰.
delete	train_0714_d0	llm_diversify	2	blade	gras	𐌲𐍂𐌰𐍃	yes	0	gras: grass (N.), green growth, green vegetable, weeds	1	grams: angry	1	þras: bold, daring (Adj.), fast (1)	For the earth bears fruit: first the blade, then the ear, then the full grain in the ear.	silbo auk airþa akran bairiþ: frumist gras, þaþroh ahs, þaþroh fulliþ kaurnis in þamma ahsa.	𐍃𐌹𐌻𐌱𐍉 𐌰𐌿𐌺 𐌰𐌹𐍂𐌸𐌰 𐌰𐌺𐍂𐌰𐌽 𐌱𐌰𐌹𐍂𐌹𐌸: 𐍆𐍂𐌿𐌼𐌹𐍃𐍄 𐌲𐍂𐌰𐍃, 𐌸𐌰𐌸𐍂𐍉𐌷 𐌰𐌷𐍃, 𐌸𐌰𐌸𐍂𐍉𐌷 𐍆𐌿𐌻𐌻𐌹𐌸 𐌺𐌰𐌿𐍂𐌽𐌹𐍃 𐌹𐌽 𐌸𐌰𐌼𐌼𐌰 𐌰𐌷𐍃𐌰.
delete	train_0902_d0	llm_diversify	2	certainly	amen	𐌰𐌼𐌴𐌽	yes	0	amen: amen	2	agan: be afraid of	2	anan: breathe	Most certainly I tell you, whoever will not receive the Kingdom of God like a little child, he will in no way enter into it."	amen, qiþa izwis: saei ni andnimiþ þiudangardja gudis swe barn, ni þauh qimiþ in izai.	𐌰𐌼𐌴𐌽, 𐌵𐌹𐌸𐌰 𐌹𐌶𐍅𐌹𐍃: 𐍃𐌰𐌴𐌹 𐌽𐌹 𐌰𐌽𐌳𐌽𐌹𐌼𐌹𐌸 𐌸𐌹𐌿𐌳𐌰𐌽𐌲𐌰𐍂𐌳𐌾𐌰 𐌲𐌿𐌳𐌹𐍃 𐍃𐍅𐌴 𐌱𐌰𐍂𐌽, 𐌽𐌹 𐌸𐌰𐌿𐌷 𐌵𐌹𐌼𐌹𐌸 𐌹𐌽 𐌹𐌶𐌰𐌹.
delete	train_1293_d0	llm_diversify	2	were	was	𐍅𐌰𐍃	yes	1	wars: alert (Adj.), on guard, preventing (Adj.), wary	1	ƕas: anyone, anything, what, who	1	bas: bare (Adj.)	Among them were Mary Magdalene, Mary the mother of James and Joses, and the mother of the sons of Zebedee.	in þaimei was Marja so Magdalene, jah Marja so Iakobis jah Iosezis aiþei, jah aiþei suniwe Zaibaidaiaus.	𐌹𐌽 𐌸𐌰𐌹𐌼𐌴𐌹 𐍅𐌰𐍃 𐌼𐌰𐍂𐌾𐌰 𐍃𐍉 𐌼𐌰𐌲𐌳𐌰𐌻𐌴𐌽𐌴, 𐌾𐌰𐌷 𐌼𐌰𐍂𐌾𐌰 𐍃𐍉 𐌹𐌰𐌺𐍉𐌱𐌹𐍃 𐌾𐌰𐌷 𐌹𐍉𐍃𐌴𐌶𐌹𐍃 𐌰𐌹𐌸𐌴𐌹, 𐌾𐌰𐌷 𐌰𐌹𐌸𐌴𐌹 𐍃𐌿𐌽𐌹𐍅𐌴 𐌶𐌰𐌹𐌱𐌰𐌹𐌳𐌰𐌹𐌰𐌿𐍃.
delete	train_0547_d0	llm_diversify	2	minas	dailos	𐌳𐌰𐌹𐌻𐍉𐍃	yes	1	dails: part (N.), portion (N.), share (N.)	2	daigs: batch of dough, dough, lump of dough, mouldable batch, mould...	2	daila: community, fragmentariness, incompleteness, partaking (N.), ...	"They said to him, 'Lord, he has ten minas!'	jah qeþun du imma: frauja, habaiþ taihun dailos.	𐌾𐌰𐌷 𐌵𐌴𐌸𐌿𐌽 𐌳𐌿 𐌹𐌼𐌼𐌰: 𐍆𐍂𐌰𐌿𐌾𐌰, 𐌷𐌰𐌱𐌰𐌹𐌸 𐍄𐌰𐌹𐌷𐌿𐌽 𐌳𐌰𐌹𐌻𐍉𐍃.
delete	train_0551_d1	llm_diversify	2	Olivet	alewjo	𐌰𐌻𐌴𐍅𐌾𐍉	yes	1	alēwja: of olives, pertaining to olives	2	alakjō: all, all inclusively, all together, to a man	2	arwjō: for naught, for no reason, gratis, in vain, without cause, w...	It happened, when he drew near to Bethsphage and Bethany, at the mountain that is called Olivet, he sent two of his disciples,	jah warþ, biþe nehva was Beþsfagein jah Beþanijin, at fairgunja þatei haitada alewjo, insandida twans siponje seinaize	𐌾𐌰𐌷 𐍅𐌰𐍂𐌸, 𐌱𐌹𐌸𐌴 𐌽𐌴𐍈𐌰 𐍅𐌰𐍃 𐌱𐌴𐌸𐍃𐍆𐌰𐌲𐌴𐌹𐌽 𐌾𐌰𐌷 𐌱𐌴𐌸𐌰𐌽𐌹𐌾𐌹𐌽, 𐌰𐍄 𐍆𐌰𐌹𐍂𐌲𐌿𐌽𐌾𐌰 𐌸𐌰𐍄𐌴𐌹 𐌷𐌰𐌹𐍄𐌰𐌳𐌰 𐌰𐌻𐌴𐍅𐌾𐍉, 𐌹𐌽𐍃𐌰𐌽𐌳𐌹𐌳𐌰 𐍄𐍅𐌰𐌽𐍃 𐍃𐌹𐍀𐍉𐌽𐌾𐌴 𐍃𐌴𐌹𐌽𐌰𐌹𐌶𐌴
delete	train_0238_o0	llm_original	2	like	wileid	𐍅𐌹𐌻𐌴𐌹𐌳	yes	2	wilþeis: undomesticated, wild	2	wiljei: willingness	3	wēreis: agreeable, agreeing (Adj.)	"As you would like people to do to you, do exactly so to them.	jah swaswe wileid ei taujaina izwis mans, jah jus taujaid im samaleiko.	𐌾𐌰𐌷 𐍃𐍅𐌰𐍃𐍅𐌴 𐍅𐌹𐌻𐌴𐌹𐌳 𐌴𐌹 𐍄𐌰𐌿𐌾𐌰𐌹𐌽𐌰 𐌹𐌶𐍅𐌹𐍃 𐌼𐌰𐌽𐍃, 𐌾𐌰𐌷 𐌾𐌿𐍃 𐍄𐌰𐌿𐌾𐌰𐌹𐌳 𐌹𐌼 𐍃𐌰𐌼𐌰𐌻𐌴𐌹𐌺𐍉.
delete	train_1149_d0	llm_diversify	2	thrown	atlagjada	𐌰𐍄𐌻𐌰𐌲𐌾𐌰𐌳𐌰	yes	2	atlagjan: deposit at, lay at, lay before, lay into, lay on, lay onto	3	aflagjan: lay aside, lay down, lay off away, put off	4	atligan: lie (V.) (2) adjacent to, lie (V.) (2) at hand	Every tree that doesn't grow good fruit is cut down, and thrown into the fire.	all bagme ni taujandane akran god usmaitada jah in fon atlagjada.	𐌰𐌻𐌻 𐌱𐌰𐌲𐌼𐌴 𐌽𐌹 𐍄𐌰𐌿𐌾𐌰𐌽𐌳𐌰𐌽𐌴 𐌰𐌺𐍂𐌰𐌽 𐌲𐍉𐌳 𐌿𐍃𐌼𐌰𐌹𐍄𐌰𐌳𐌰 𐌾𐌰𐌷 𐌹𐌽 𐍆𐍉𐌽 𐌰𐍄𐌻𐌰𐌲𐌾𐌰𐌳𐌰.
delete	train_1197_d1	llm_diversify	2	worshiped	inwait	𐌹𐌽𐍅𐌰𐌹𐍄	yes	2	idweit: disgrace (N.), ignominy, reproach (N.)	3	iowi: a god?	3	insahts: account (N.), argumentation, explication, exposition, report...	While he told these things to them, behold, a ruler came and worshiped him, saying, "My daughter has just died, but come and lay your hand on her, and she will live."	miþþanei is rodida þata du im, þaruh reiks ains qimands inwait ina, qiþands þatei dauhtar meina nu gaswalt; akei qimands atlagei handu þeina ana ija, jah libaiþ.	𐌼𐌹𐌸𐌸𐌰𐌽𐌴𐌹 𐌹𐍃 𐍂𐍉𐌳𐌹𐌳𐌰 𐌸𐌰𐍄𐌰 𐌳𐌿 𐌹𐌼, 𐌸𐌰𐍂𐌿𐌷 𐍂𐌴𐌹𐌺𐍃 𐌰𐌹𐌽𐍃 𐌵𐌹𐌼𐌰𐌽𐌳𐍃 𐌹𐌽𐍅𐌰𐌹𐍄 𐌹𐌽𐌰, 𐌵𐌹𐌸𐌰𐌽𐌳𐍃 𐌸𐌰𐍄𐌴𐌹 𐌳𐌰𐌿𐌷𐍄𐌰𐍂 𐌼𐌴𐌹𐌽𐌰 𐌽𐌿 𐌲𐌰𐍃𐍅𐌰𐌻𐍄; 𐌰𐌺𐌴𐌹 𐌵𐌹𐌼𐌰𐌽𐌳𐍃 𐌰𐍄𐌻𐌰𐌲𐌴𐌹 𐌷𐌰𐌽𐌳𐌿 𐌸𐌴𐌹𐌽𐌰 𐌰𐌽𐌰 𐌹𐌾𐌰, 𐌾𐌰𐌷 𐌻𐌹𐌱𐌰𐌹𐌸.
delete	train_0675_o0	llm_original	3	Zealot	Kananeiten	𐌺𐌰𐌽𐌰𐌽𐌴𐌹𐍄𐌴𐌽	no	4	andbeitan: castigate, censure (V.), rebuke, scold (V.), snap at, threat...	4	anahneiwan: bend down to, bow (V.) (1), stoop down to	4	anahaitan: berate, call on, call upon, invoke (V.), reprimand (V.), sco...	Andrew; Philip; Bartholomew; Matthew; Thomas; James, the son of Alphaeus; Thaddaeus; Simon the Zealot;	jah Andraian jah Filippu jah Barþaulaumaiu jah Matþaiu jah Þoman jah Iakobu þana Alfaiaus jah Þaddaiu jah Seimona þana Kananeiten	𐌾𐌰𐌷 𐌰𐌽𐌳𐍂𐌰𐌹𐌰𐌽 𐌾𐌰𐌷 𐍆𐌹𐌻𐌹𐍀𐍀𐌿 𐌾𐌰𐌷 𐌱𐌰𐍂𐌸𐌰𐌿𐌻𐌰𐌿𐌼𐌰𐌹𐌿 𐌾𐌰𐌷 𐌼𐌰𐍄𐌸𐌰𐌹𐌿 𐌾𐌰𐌷 𐌸𐍉𐌼𐌰𐌽 𐌾𐌰𐌷 𐌹𐌰𐌺𐍉𐌱𐌿 𐌸𐌰𐌽𐌰 𐌰𐌻𐍆𐌰𐌹𐌰𐌿𐍃 𐌾𐌰𐌷 𐌸𐌰𐌳𐌳𐌰𐌹𐌿 𐌾𐌰𐌷 𐍃𐌴𐌹𐌼𐍉𐌽𐌰 𐌸𐌰𐌽𐌰 𐌺𐌰𐌽𐌰𐌽𐌴𐌹𐍄𐌴𐌽
okay	train_0021_d0	llm_diversify	1	take away	afniman	𐌰𐍆𐌽𐌹𐌼𐌰𐌽	yes	0	afniman: remove (V.), take away, withdraw	1	atniman: bring into, take unto, transfer to	2	afaikan: abjure, deny, disavow, forswear, renounce (V.)	"Thus has the Lord done to me in the days in which he looked at me, to take away my reproach among men."	þatei swa mis gatawida frauja in dagam þaimei insahv afniman idweit mein in mannam.	𐌸𐌰𐍄𐌴𐌹 𐍃𐍅𐌰 𐌼𐌹𐍃 𐌲𐌰𐍄𐌰𐍅𐌹𐌳𐌰 𐍆𐍂𐌰𐌿𐌾𐌰 𐌹𐌽 𐌳𐌰𐌲𐌰𐌼 𐌸𐌰𐌹𐌼𐌴𐌹 𐌹𐌽𐍃𐌰𐍈 𐌰𐍆𐌽𐌹𐌼𐌰𐌽 𐌹𐌳𐍅𐌴𐌹𐍄 𐌼𐌴𐌹𐌽 𐌹𐌽 𐌼𐌰𐌽𐌽𐌰𐌼.
okay	train_0051_d0	llm_diversify	1	circumcise	bimaitan	𐌱𐌹𐌼𐌰𐌹𐍄𐌰𐌽	yes	0	bimaitan: circumcise	1	bihaitan: call out about, proclaim about, speak vociferously	1	bimaitans: circumcised	It happened on the eighth day, that they came to circumcise the child; and they would have called him Zacharias, after the name of the father.	jah warþ in daga ahtudin, qemun bimaitan þata barn jah haihaitun ina afar namin attins is Zakarian.	𐌾𐌰𐌷 𐍅𐌰𐍂𐌸 𐌹𐌽 𐌳𐌰𐌲𐌰 𐌰𐌷𐍄𐌿𐌳𐌹𐌽, 𐌵𐌴𐌼𐌿𐌽 𐌱𐌹𐌼𐌰𐌹𐍄𐌰𐌽 𐌸𐌰𐍄𐌰 𐌱𐌰𐍂𐌽 𐌾𐌰𐌷 𐌷𐌰𐌹𐌷𐌰𐌹𐍄𐌿𐌽 𐌹𐌽𐌰 𐌰𐍆𐌰𐍂 𐌽𐌰𐌼𐌹𐌽 𐌰𐍄𐍄𐌹𐌽𐍃 𐌹𐍃 𐌶𐌰𐌺𐌰𐍂𐌹𐌰𐌽.
okay	train_0052_d0	llm_diversify	1	not	ne	𐌽𐌴	yes	0	ne: nay (Adv.), no	1	e: abbreviation for 5, e	1	n: abbreviation for 50, n	His mother answered, "Not so; but he will be called John."	jah andhafjandei so aiþei is qaþ: ne, ak haitaidau Iohannes.	𐌾𐌰𐌷 𐌰𐌽𐌳𐌷𐌰𐍆𐌾𐌰𐌽𐌳𐌴𐌹 𐍃𐍉 𐌰𐌹𐌸𐌴𐌹 𐌹𐍃 𐌵𐌰𐌸: 𐌽𐌴, 𐌰𐌺 𐌷𐌰𐌹𐍄𐌰𐌹𐌳𐌰𐌿 𐌹𐍉𐌷𐌰𐌽𐌽𐌴𐍃.
okay	train_0095_d0	llm_diversify	1	concerning	bi	𐌱𐌹	yes	0	bi: about, against, approximately, around, at, because of, befor...	1	ei: a time wherein, in a way that, in such a manner, in that cas...	1	b: abbreviation for 2, b	Joseph and his mother were marveling at the things which were spoken concerning him,	jah was Iosef jah aiþei is sildaleikjandona ana þaim þoei rodida wesun bi ina.	𐌾𐌰𐌷 𐍅𐌰𐍃 𐌹𐍉𐍃𐌴𐍆 𐌾𐌰𐌷 𐌰𐌹𐌸𐌴𐌹 𐌹𐍃 𐍃𐌹𐌻𐌳𐌰𐌻𐌴𐌹𐌺𐌾𐌰𐌽𐌳𐍉𐌽𐌰 𐌰𐌽𐌰 𐌸𐌰𐌹𐌼 𐌸𐍉𐌴𐌹 𐍂𐍉𐌳𐌹𐌳𐌰 𐍅𐌴𐍃𐌿𐌽 𐌱𐌹 𐌹𐌽𐌰.
okay	train_0194_d1	llm_diversify	1	alone	ains	𐌰𐌹𐌽𐍃	yes	0	ains: a, alone, an, anyone, once (= ainamma sinþa), one, only, sin...	1	aiws: age (N.), all time, eternity	1	ans: wooden beam	The scribes and the Pharisees began to reason, saying, "Who is this that speaks blasphemies? Who can forgive sins, but God alone?"	jah dugunnun þagkjan þai bokarjos jah Fareisaieis qiþandans: hvas ist sa, saei rodeiþ naiteinins? hvas mag afletan frawaurhtins, alja ains guþ?	𐌾𐌰𐌷 𐌳𐌿𐌲𐌿𐌽𐌽𐌿𐌽 𐌸𐌰𐌲𐌺𐌾𐌰𐌽 𐌸𐌰𐌹 𐌱𐍉𐌺𐌰𐍂𐌾𐍉𐍃 𐌾𐌰𐌷 𐍆𐌰𐍂𐌴𐌹𐍃𐌰𐌹𐌴𐌹𐍃 𐌵𐌹𐌸𐌰𐌽𐌳𐌰𐌽𐍃: 𐍈𐌰𐍃 𐌹𐍃𐍄 𐍃𐌰, 𐍃𐌰𐌴𐌹 𐍂𐍉𐌳𐌴𐌹𐌸 𐌽𐌰𐌹𐍄𐌴𐌹𐌽𐌹𐌽𐍃? 𐍈𐌰𐍃 𐌼𐌰𐌲 𐌰𐍆𐌻𐌴𐍄𐌰𐌽 𐍆𐍂𐌰𐍅𐌰𐌿𐍂𐌷𐍄𐌹𐌽𐍃, 𐌰𐌻𐌾𐌰 𐌰𐌹𐌽𐍃 𐌲𐌿𐌸?
okay	train_0204_d0	llm_diversify	1	often	ufta	𐌿𐍆𐍄𐌰	yes	0	ufta: frequently, often	1	afta: behind	1	uftō: indeed, quite likely, very possibly	They said to him, "Why do John's disciples often fast and pray, likewise also the disciples of the Pharisees, but yours eat and drink?"	iþ eis qeþun du imma: duhve siponjos Iohannes fastand ufta jah bidos taujand, samaleiko jah Fareisaiei, iþ þai þeinai siponjos matjand jah drigkand?	𐌹𐌸 𐌴𐌹𐍃 𐌵𐌴𐌸𐌿𐌽 𐌳𐌿 𐌹𐌼𐌼𐌰: 𐌳𐌿𐍈𐌴 𐍃𐌹𐍀𐍉𐌽𐌾𐍉𐍃 𐌹𐍉𐌷𐌰𐌽𐌽𐌴𐍃 𐍆𐌰𐍃𐍄𐌰𐌽𐌳 𐌿𐍆𐍄𐌰 𐌾𐌰𐌷 𐌱𐌹𐌳𐍉𐍃 𐍄𐌰𐌿𐌾𐌰𐌽𐌳, 𐍃𐌰𐌼𐌰𐌻𐌴𐌹𐌺𐍉 𐌾𐌰𐌷 𐍆𐌰𐍂𐌴𐌹𐍃𐌰𐌹𐌴𐌹, 𐌹𐌸 𐌸𐌰𐌹 𐌸𐌴𐌹𐌽𐌰𐌹 𐍃𐌹𐍀𐍉𐌽𐌾𐍉𐍃 𐌼𐌰𐍄𐌾𐌰𐌽𐌳 𐌾𐌰𐌷 𐌳𐍂𐌹𐌲𐌺𐌰𐌽𐌳?
okay	train_0204_d1	llm_diversify	1	likewise	samaleiko	𐍃𐌰𐌼𐌰𐌻𐌴𐌹𐌺𐍉	yes	0	samaleikō: in like manner, in the same way, in the selfsame manner, lik...	1	samaleiks: equal, identical, like (1), of the same form	2	laþaleikō: charitably, gladly, hospitably, invitation-like	They said to him, "Why do John's disciples often fast and pray, likewise also the disciples of the Pharisees, but yours eat and drink?"	iþ eis qeþun du imma: duhve siponjos Iohannes fastand ufta jah bidos taujand, samaleiko jah Fareisaiei, iþ þai þeinai siponjos matjand jah drigkand?	𐌹𐌸 𐌴𐌹𐍃 𐌵𐌴𐌸𐌿𐌽 𐌳𐌿 𐌹𐌼𐌼𐌰: 𐌳𐌿𐍈𐌴 𐍃𐌹𐍀𐍉𐌽𐌾𐍉𐍃 𐌹𐍉𐌷𐌰𐌽𐌽𐌴𐍃 𐍆𐌰𐍃𐍄𐌰𐌽𐌳 𐌿𐍆𐍄𐌰 𐌾𐌰𐌷 𐌱𐌹𐌳𐍉𐍃 𐍄𐌰𐌿𐌾𐌰𐌽𐌳, 𐍃𐌰𐌼𐌰𐌻𐌴𐌹𐌺𐍉 𐌾𐌰𐌷 𐍆𐌰𐍂𐌴𐌹𐍃𐌰𐌹𐌴𐌹, 𐌹𐌸 𐌸𐌰𐌹 𐌸𐌴𐌹𐌽𐌰𐌹 𐍃𐌹𐍀𐍉𐌽𐌾𐍉𐍃 𐌼𐌰𐍄𐌾𐌰𐌽𐌳 𐌾𐌰𐌷 𐌳𐍂𐌹𐌲𐌺𐌰𐌽𐌳?
okay	train_0207_d0	llm_diversify	1	new	niujis	𐌽𐌹𐌿𐌾𐌹𐍃	yes	0	niujis: fresh (Adj.), new, unused, young	1	niþjis: kinsman, male blood-relative	2	þiubjis: clandestine, secret	He also told a parable to them. "No one puts a piece from a new garment on an old garment, or else he will tear the new, and also the piece from the new will not match the old.	qaþuh þan jah gajukon du im, þatei ainshun plat snagins niujis ni lagjid ana snagan fairnjana, aiþþau jah sa niuja aftaurnid, jah þamma fairnjin ni gatimid þata af þamma niujin.	𐌵𐌰𐌸𐌿𐌷 𐌸𐌰𐌽 𐌾𐌰𐌷 𐌲𐌰𐌾𐌿𐌺𐍉𐌽 𐌳𐌿 𐌹𐌼, 𐌸𐌰𐍄𐌴𐌹 𐌰𐌹𐌽𐍃𐌷𐌿𐌽 𐍀𐌻𐌰𐍄 𐍃𐌽𐌰𐌲𐌹𐌽𐍃 𐌽𐌹𐌿𐌾𐌹𐍃 𐌽𐌹 𐌻𐌰𐌲𐌾𐌹𐌳 𐌰𐌽𐌰 𐍃𐌽𐌰𐌲𐌰𐌽 𐍆𐌰𐌹𐍂𐌽𐌾𐌰𐌽𐌰, 𐌰𐌹𐌸𐌸𐌰𐌿 𐌾𐌰𐌷 𐍃𐌰 𐌽𐌹𐌿𐌾𐌰 𐌰𐍆𐍄𐌰𐌿𐍂𐌽𐌹𐌳, 𐌾𐌰𐌷 𐌸𐌰𐌼𐌼𐌰 𐍆𐌰𐌹𐍂𐌽𐌾𐌹𐌽 𐌽𐌹 𐌲𐌰𐍄𐌹𐌼𐌹𐌳 𐌸𐌰𐍄𐌰 𐌰𐍆 𐌸𐌰𐌼𐌼𐌰 𐌽𐌹𐌿𐌾𐌹𐌽.
okay	train_0220_d0	llm_diversify	1	pray	bidjan	𐌱𐌹𐌳𐌾𐌰𐌽	yes	0	bidjan: ask, ask a favour, ask for, beg, beseech, entreat, petition ...	1	bidan: ask for, beseech	1	baidjan: compel, force (V.)	It happened in these days, that he went out to the mountain to pray, and he continued all night in prayer to God.	jah warþ in dagam þaim, ei usiddja Iesus in fairguni bidjan; jah was naht þairwakands in bidai gudis.	𐌾𐌰𐌷 𐍅𐌰𐍂𐌸 𐌹𐌽 𐌳𐌰𐌲𐌰𐌼 𐌸𐌰𐌹𐌼, 𐌴𐌹 𐌿𐍃𐌹𐌳𐌳𐌾𐌰 𐌹𐌴𐍃𐌿𐍃 𐌹𐌽 𐍆𐌰𐌹𐍂𐌲𐌿𐌽𐌹 𐌱𐌹𐌳𐌾𐌰𐌽; 𐌾𐌰𐌷 𐍅𐌰𐍃 𐌽𐌰𐌷𐍄 𐌸𐌰𐌹𐍂𐍅𐌰𐌺𐌰𐌽𐌳𐍃 𐌹𐌽 𐌱𐌹𐌳𐌰𐌹 𐌲𐌿𐌳𐌹𐍃.
okay	train_0242_d0	llm_diversify	1	merciful	bleiþs	𐌱𐌻𐌴𐌹𐌸𐍃	yes	0	bleiþs: kind-hearted, merciful	1	sleiþs: baleful, baneful, dangerous, dire, fierce, pernicious	1	bleis: coloured	Therefore be merciful, even as your Father is also merciful.	wairþaid bleiþjandans, swaswe jah atta izwar bleiþs ist.	𐍅𐌰𐌹𐍂𐌸𐌰𐌹𐌳 𐌱𐌻𐌴𐌹𐌸𐌾𐌰𐌽𐌳𐌰𐌽𐍃, 𐍃𐍅𐌰𐍃𐍅𐌴 𐌾𐌰𐌷 𐌰𐍄𐍄𐌰 𐌹𐌶𐍅𐌰𐍂 𐌱𐌻𐌴𐌹𐌸𐍃 𐌹𐍃𐍄.
okay	train_0245_d0	llm_diversify	1	above	ufar	𐌿𐍆𐌰𐍂	yes	0	ufar: above, over	1	ufarō: above, atop, in supervision of, on top, on top of, over, ove...	1	ufara: superior, the one above	A disciple is not above his teacher, but everyone when he is fully trained will be like his teacher.	nist siponeis ufar laisari seinana; iþ gamanwids hvarjizuh wairþai swe laisaris is.	𐌽𐌹𐍃𐍄 𐍃𐌹𐍀𐍉𐌽𐌴𐌹𐍃 𐌿𐍆𐌰𐍂 𐌻𐌰𐌹𐍃𐌰𐍂𐌹 𐍃𐌴𐌹𐌽𐌰𐌽𐌰; 𐌹𐌸 𐌲𐌰𐌼𐌰𐌽𐍅𐌹𐌳𐍃 𐍈𐌰𐍂𐌾𐌹𐌶𐌿𐌷 𐍅𐌰𐌹𐍂𐌸𐌰𐌹 𐍃𐍅𐌴 𐌻𐌰𐌹𐍃𐌰𐍂𐌹𐍃 𐌹𐍃.
okay	train_0267_d1	llm_diversify	1	about	bi	𐌱𐌹	yes	0	bi: about, against, approximately, around, at, because of, befor...	1	ei: a time wherein, in a way that, in such a manner, in that cas...	1	b: abbreviation for 2, b	The disciples of John told him about all these things.	jah gataihun Iohannen siponjos is bi alla þo.	𐌾𐌰𐌷 𐌲𐌰𐍄𐌰𐌹𐌷𐌿𐌽 𐌹𐍉𐌷𐌰𐌽𐌽𐌴𐌽 𐍃𐌹𐍀𐍉𐌽𐌾𐍉𐍃 𐌹𐍃 𐌱𐌹 𐌰𐌻𐌻𐌰 𐌸𐍉.
okay	train_0285_d0	llm_diversify	1	tell	qiþan	𐌵𐌹𐌸𐌰𐌽	yes	0	qiþan: express (V.), give an opinion, say, speak, tell	1	niþan: bring into affinity, bring into kinship, help (V.), make kin...	1	qiman: arrive, come, get to; lat. venire	Jesus answered him, "Simon, I have something to tell you." He said, "Teacher, say on."	jah andhafjands Iesus qaþ du Paitrau: Seimon, skal þus hva qiþan. iþ is qaþ: laisari, qiþ!	𐌾𐌰𐌷 𐌰𐌽𐌳𐌷𐌰𐍆𐌾𐌰𐌽𐌳𐍃 𐌹𐌴𐍃𐌿𐍃 𐌵𐌰𐌸 𐌳𐌿 𐍀𐌰𐌹𐍄𐍂𐌰𐌿: 𐍃𐌴𐌹𐌼𐍉𐌽, 𐍃𐌺𐌰𐌻 𐌸𐌿𐍃 𐍈𐌰 𐌵𐌹𐌸𐌰𐌽. 𐌹𐌸 𐌹𐍃 𐌵𐌰𐌸: 𐌻𐌰𐌹𐍃𐌰𐍂𐌹, 𐌵𐌹𐌸!
okay	train_0329_d0	llm_diversify	1	still	nauhþan	𐌽𐌰𐌿𐌷𐌸𐌰𐌽	yes	0	naúhþan: still (Adv.), yet	1	naúhan: be barely adequate, be just enough	2	naúhþanuh: and as yet, still (Adv.), yet	While he still spoke, one from the ruler of the synagogue's house came, saying to him, "Your daughter is dead. Don't trouble the Teacher."	nauhþan imma rodjandin gaggiþ sums manne fram þis fauramaþleis swnagogais, qiþands du imma þatei gadauþnoda dauhtar þeina; ni draibei þana laisari.	𐌽𐌰𐌿𐌷𐌸𐌰𐌽 𐌹𐌼𐌼𐌰 𐍂𐍉𐌳𐌾𐌰𐌽𐌳𐌹𐌽 𐌲𐌰𐌲𐌲𐌹𐌸 𐍃𐌿𐌼𐍃 𐌼𐌰𐌽𐌽𐌴 𐍆𐍂𐌰𐌼 𐌸𐌹𐍃 𐍆𐌰𐌿𐍂𐌰𐌼𐌰𐌸𐌻𐌴𐌹𐍃 𐍃𐍅𐌽𐌰𐌲𐍉𐌲𐌰𐌹𐍃, 𐌵𐌹𐌸𐌰𐌽𐌳𐍃 𐌳𐌿 𐌹𐌼𐌼𐌰 𐌸𐌰𐍄𐌴𐌹 𐌲𐌰𐌳𐌰𐌿𐌸𐌽𐍉𐌳𐌰 𐌳𐌰𐌿𐌷𐍄𐌰𐍂 𐌸𐌴𐌹𐌽𐌰; 𐌽𐌹 𐌳𐍂𐌰𐌹𐌱𐌴𐌹 𐌸𐌰𐌽𐌰 𐌻𐌰𐌹𐍃𐌰𐍂𐌹.
okay	train_0454_d1	llm_diversify	1	manager	fauragaggja	𐍆𐌰𐌿𐍂𐌰𐌲𐌰𐌲𐌲𐌾𐌰	yes	0	faúragaggja: manager, steward, superintendent	1	faúragagga: house-steward, manager, superintendent, „fore-goer“	2	faúragaggi: administration, management, stewardship, superintendency	"The manager said within himself, 'What will I do, seeing that my lord is taking away the management position from me? I don't have strength to dig. I am ashamed to beg.	qaþ þan in sis sa fauragaggja: hva taujau, þandei frauja meins afnimiþ fauragaggi af mis? graban ni mag, bidjan skama mik.	𐌵𐌰𐌸 𐌸𐌰𐌽 𐌹𐌽 𐍃𐌹𐍃 𐍃𐌰 𐍆𐌰𐌿𐍂𐌰𐌲𐌰𐌲𐌲𐌾𐌰: 𐍈𐌰 𐍄𐌰𐌿𐌾𐌰𐌿, 𐌸𐌰𐌽𐌳𐌴𐌹 𐍆𐍂𐌰𐌿𐌾𐌰 𐌼𐌴𐌹𐌽𐍃 𐌰𐍆𐌽𐌹𐌼𐌹𐌸 𐍆𐌰𐌿𐍂𐌰𐌲𐌰𐌲𐌲𐌹 𐌰𐍆 𐌼𐌹𐍃? 𐌲𐍂𐌰𐌱𐌰𐌽 𐌽𐌹 𐌼𐌰𐌲, 𐌱𐌹𐌳𐌾𐌰𐌽 𐍃𐌺𐌰𐌼𐌰 𐌼𐌹𐌺.
okay	train_0470_d0	llm_diversify	1	grain	kaurno	𐌺𐌰𐌿𐍂𐌽𐍉	yes	0	kaúrnō: grain seed, granule, kernel	1	kaúrn: grain, granular fruit of the cereal grasses; lat. triticum, ...	2	kaúrus: burdensome, heavy, oppressive, weighty	The Lord said, "If you had faith like a grain of mustard seed, you would tell this sycamore tree, 'Be uprooted, and be planted in the sea,' and it would obey you.	qaþ þan frauja: jabai habaidedeiþ galaubein swe kaurno sinapis, aiþþau jus jabai qiþeiþ du bairabagma þamma: uslausei þuk us waurtim jah ussatei þuk in marein, jah andhausidedi þau izwis.	𐌵𐌰𐌸 𐌸𐌰𐌽 𐍆𐍂𐌰𐌿𐌾𐌰: 𐌾𐌰𐌱𐌰𐌹 𐌷𐌰𐌱𐌰𐌹𐌳𐌴𐌳𐌴𐌹𐌸 𐌲𐌰𐌻𐌰𐌿𐌱𐌴𐌹𐌽 𐍃𐍅𐌴 𐌺𐌰𐌿𐍂𐌽𐍉 𐍃𐌹𐌽𐌰𐍀𐌹𐍃, 𐌰𐌹𐌸𐌸𐌰𐌿 𐌾𐌿𐍃 𐌾𐌰𐌱𐌰𐌹 𐌵𐌹𐌸𐌴𐌹𐌸 𐌳𐌿 𐌱𐌰𐌹𐍂𐌰𐌱𐌰𐌲𐌼𐌰 𐌸𐌰𐌼𐌼𐌰: 𐌿𐍃𐌻𐌰𐌿𐍃𐌴𐌹 𐌸𐌿𐌺 𐌿𐍃 𐍅𐌰𐌿𐍂𐍄𐌹𐌼 𐌾𐌰𐌷 𐌿𐍃𐍃𐌰𐍄𐌴𐌹 𐌸𐌿𐌺 𐌹𐌽 𐌼𐌰𐍂𐌴𐌹𐌽, 𐌾𐌰𐌷 𐌰𐌽𐌳𐌷𐌰𐌿𐍃𐌹𐌳𐌴𐌳𐌹 𐌸𐌰𐌿 𐌹𐌶𐍅𐌹𐍃.
okay	train_0470_d4	llm_diversify	1	grain	kaurno	𐌺𐌰𐌿𐍂𐌽𐍉	yes	0	kaúrnō: grain seed, granule, kernel	1	kaúrn: grain, granular fruit of the cereal grasses; lat. triticum, ...	2	kaúrus: burdensome, heavy, oppressive, weighty	The Lord said, "If you had faith like a grain of mustard seed, you would tell this sycamore tree, 'Be uprooted, and be planted in the sea,' and it would obey you.	qaþ þan frauja: jabai habaidedeiþ galaubein swe kaurno sinapis, aiþþau jus jabai qiþeiþ du bairabagma þamma: uslausei þuk us waurtim jah ussatei þuk in marein, jah andhausidedi þau izwis.	𐌵𐌰𐌸 𐌸𐌰𐌽 𐍆𐍂𐌰𐌿𐌾𐌰: 𐌾𐌰𐌱𐌰𐌹 𐌷𐌰𐌱𐌰𐌹𐌳𐌴𐌳𐌴𐌹𐌸 𐌲𐌰𐌻𐌰𐌿𐌱𐌴𐌹𐌽 𐍃𐍅𐌴 𐌺𐌰𐌿𐍂𐌽𐍉 𐍃𐌹𐌽𐌰𐍀𐌹𐍃, 𐌰𐌹𐌸𐌸𐌰𐌿 𐌾𐌿𐍃 𐌾𐌰𐌱𐌰𐌹 𐌵𐌹𐌸𐌴𐌹𐌸 𐌳𐌿 𐌱𐌰𐌹𐍂𐌰𐌱𐌰𐌲𐌼𐌰 𐌸𐌰𐌼𐌼𐌰: 𐌿𐍃𐌻𐌰𐌿𐍃𐌴𐌹 𐌸𐌿𐌺 𐌿𐍃 𐍅𐌰𐌿𐍂𐍄𐌹𐌼 𐌾𐌰𐌷 𐌿𐍃𐍃𐌰𐍄𐌴𐌹 𐌸𐌿𐌺 𐌹𐌽 𐌼𐌰𐍂𐌴𐌹𐌽, 𐌾𐌰𐌷 𐌰𐌽𐌳𐌷𐌰𐌿𐍃𐌹𐌳𐌴𐌳𐌹 𐌸𐌰𐌿 𐌹𐌶𐍅𐌹𐍃.
okay	train_0503_d0	llm_diversify	1	two	twai	𐍄𐍅𐌰𐌹	yes	0	twai: two	1	wai: woe (Interj.)	2	swau: is it in such a way that, is it thus that, so also	"Two men went up into the temple to pray; one was a Pharisee, and the other was a tax collector.	mans twai usiddjedun in alh bidjan, ains Fareisaius jah anþar motareis.	𐌼𐌰𐌽𐍃 𐍄𐍅𐌰𐌹 𐌿𐍃𐌹𐌳𐌳𐌾𐌴𐌳𐌿𐌽 𐌹𐌽 𐌰𐌻𐌷 𐌱𐌹𐌳𐌾𐌰𐌽, 𐌰𐌹𐌽𐍃 𐍆𐌰𐍂𐌴𐌹𐍃𐌰𐌹𐌿𐍃 𐌾𐌰𐌷 𐌰𐌽𐌸𐌰𐍂 𐌼𐍉𐍄𐌰𐍂𐌴𐌹𐍃.
okay	train_0541_d0	llm_diversify	1	mina	skatts	𐍃𐌺𐌰𐍄𐍄𐍃	yes	0	skatts: coin, denarius, mina, piece of money	1	skafts: act of creation, created, creation, creature, readied, ready...	1	skauts: fringe (N.), hem (N.) (1), projecting edge, projection, prot...	"The second came, saying, 'Your mina, Lord, has made five minas.'	jah qam anþar qiþands: frauja, skatts þeins gawaurhta fimf skattans.	𐌾𐌰𐌷 𐌵𐌰𐌼 𐌰𐌽𐌸𐌰𐍂 𐌵𐌹𐌸𐌰𐌽𐌳𐍃: 𐍆𐍂𐌰𐌿𐌾𐌰, 𐍃𐌺𐌰𐍄𐍄𐍃 𐌸𐌴𐌹𐌽𐍃 𐌲𐌰𐍅𐌰𐌿𐍂𐌷𐍄𐌰 𐍆𐌹𐌼𐍆 𐍃𐌺𐌰𐍄𐍄𐌰𐌽𐍃.
okay	train_0542_d0	llm_diversify	1	over	ufaro	𐌿𐍆𐌰𐍂𐍉	yes	0	ufarō: above, atop, in supervision of, on top, on top of, over, ove...	1	ufar: above, over	1	ufara: superior, the one above	"So he said to him, 'And you are to be over five cities.'	qaþ þan jah du þamma: jah þu sijais ufaro fimf baurgim.	𐌵𐌰𐌸 𐌸𐌰𐌽 𐌾𐌰𐌷 𐌳𐌿 𐌸𐌰𐌼𐌼𐌰: 𐌾𐌰𐌷 𐌸𐌿 𐍃𐌹𐌾𐌰𐌹𐍃 𐌿𐍆𐌰𐍂𐍉 𐍆𐌹𐌼𐍆 𐌱𐌰𐌿𐍂𐌲𐌹𐌼.
okay	train_0600_d1	llm_diversify	1	to be	wisan	𐍅𐌹𐍃𐌰𐌽	yes	0	wisan: be, be in being, be present, continue, dine, eat a good meal...	1	wigan: armed conflict, move (V.), war	1	lisan: assemble, collect (V.), gather	He said to them, "Why do they say that the Christ is David's son?	qaþ þan du im: hvaiwa qiþand Xristu sunu Daweidis wisan?	𐌵𐌰𐌸 𐌸𐌰𐌽 𐌳𐌿 𐌹𐌼: 𐍈𐌰𐌹𐍅𐌰 𐌵𐌹𐌸𐌰𐌽𐌳 𐍇𐍂𐌹𐍃𐍄𐌿 𐍃𐌿𐌽𐌿 𐌳𐌰𐍅𐌴𐌹𐌳𐌹𐍃 𐍅𐌹𐍃𐌰𐌽?
okay	train_0641_d0	llm_diversify	1	again	aftra	𐌰𐍆𐍄𐍂𐌰	yes	0	aftra: again, back (Adv.), backwards, once more	1	afta: behind	1	afara: descendant	When he entered again into Capernaum after some days, it was heard that he was in the house.	Jah galaiþ aftra in Kafarnaum afar dagans, jah gafrehun þatei in garda ist.	𐌾𐌰𐌷 𐌲𐌰𐌻𐌰𐌹𐌸 𐌰𐍆𐍄𐍂𐌰 𐌹𐌽 𐌺𐌰𐍆𐌰𐍂𐌽𐌰𐌿𐌼 𐌰𐍆𐌰𐍂 𐌳𐌰𐌲𐌰𐌽𐍃, 𐌾𐌰𐌷 𐌲𐌰𐍆𐍂𐌴𐌷𐌿𐌽 𐌸𐌰𐍄𐌴𐌹 𐌹𐌽 𐌲𐌰𐍂𐌳𐌰 𐌹𐍃𐍄.
okay	train_0649_d0	llm_diversify	1	go	gagg	𐌲𐌰𐌲𐌲	yes	0	gagg: road, street, way	1	gagga: going person	1	gaggi: walk (N.), walking (N.)	"I tell you, arise, take up your mat, and go to your house."	þus qiþa: urreis nimuh þata badi þein jah gagg du garda þeinamma.	𐌸𐌿𐍃 𐌵𐌹𐌸𐌰: 𐌿𐍂𐍂𐌴𐌹𐍃 𐌽𐌹𐌼𐌿𐌷 𐌸𐌰𐍄𐌰 𐌱𐌰𐌳𐌹 𐌸𐌴𐌹𐌽 𐌾𐌰𐌷 𐌲𐌰𐌲𐌲 𐌳𐌿 𐌲𐌰𐍂𐌳𐌰 𐌸𐌴𐌹𐌽𐌰𐌼𐌼𐌰.
okay	train_0691_d0	llm_diversify	1	sat down	gasitan	𐌲𐌰𐍃𐌹𐍄𐌰𐌽	yes	0	gasitan: sit down, take a seat	1	gamitan: apportion, measure out, mete out	2	gahaitan: announce as a pledge, call together, claim to be, convoke, p...	Again he began to teach by the seaside. A great multitude was gathered to him, so that he entered into a boat in the sea, and sat down. All the multitude were on the land by the sea.	Jah aftra Iesus dugann laisjan at marein, jah galesun sik du imma manageins filu, swaswe ina galeiþandan in skip gasitan in marein; jah alla so managei wiþra marein ana staþa was.	𐌾𐌰𐌷 𐌰𐍆𐍄𐍂𐌰 𐌹𐌴𐍃𐌿𐍃 𐌳𐌿𐌲𐌰𐌽𐌽 𐌻𐌰𐌹𐍃𐌾𐌰𐌽 𐌰𐍄 𐌼𐌰𐍂𐌴𐌹𐌽, 𐌾𐌰𐌷 𐌲𐌰𐌻𐌴𐍃𐌿𐌽 𐍃𐌹𐌺 𐌳𐌿 𐌹𐌼𐌼𐌰 𐌼𐌰𐌽𐌰𐌲𐌴𐌹𐌽𐍃 𐍆𐌹𐌻𐌿, 𐍃𐍅𐌰𐍃𐍅𐌴 𐌹𐌽𐌰 𐌲𐌰𐌻𐌴𐌹𐌸𐌰𐌽𐌳𐌰𐌽 𐌹𐌽 𐍃𐌺𐌹𐍀 𐌲𐌰𐍃𐌹𐍄𐌰𐌽 𐌹𐌽 𐌼𐌰𐍂𐌴𐌹𐌽; 𐌾𐌰𐌷 𐌰𐌻𐌻𐌰 𐍃𐍉 𐌼𐌰𐌽𐌰𐌲𐌴𐌹 𐍅𐌹𐌸𐍂𐌰 𐌼𐌰𐍂𐌴𐌹𐌽 𐌰𐌽𐌰 𐍃𐍄𐌰𐌸𐌰 𐍅𐌰𐍃.
okay	train_0713_d0	llm_diversify	1	seed	fraiw	𐍆𐍂𐌰𐌹𐍅	yes	0	fraiw: seed (N.)	1	hraiw: carrion	2	fram: about, at, before, by, farther, forth, forwards, from, near,...	and should sleep and rise night and day, and the seed should spring up and grow, he doesn't know how.	jah slepiþ jah urreisiþ naht jah daga, jah þata fraiw keiniþ jah liudiþ swe ni wait is.	𐌾𐌰𐌷 𐍃𐌻𐌴𐍀𐌹𐌸 𐌾𐌰𐌷 𐌿𐍂𐍂𐌴𐌹𐍃𐌹𐌸 𐌽𐌰𐌷𐍄 𐌾𐌰𐌷 𐌳𐌰𐌲𐌰, 𐌾𐌰𐌷 𐌸𐌰𐍄𐌰 𐍆𐍂𐌰𐌹𐍅 𐌺𐌴𐌹𐌽𐌹𐌸 𐌾𐌰𐌷 𐌻𐌹𐌿𐌳𐌹𐌸 𐍃𐍅𐌴 𐌽𐌹 𐍅𐌰𐌹𐍄 𐌹𐍃.
okay	train_0714_d1	llm_diversify	1	ear	ahs	𐌰𐌷𐍃	yes	0	ahs: ear of grain, level-headed, sensible	1	ahsa: axis, axle, name of a-rune?	1	ans: wooden beam	For the earth bears fruit: first the blade, then the ear, then the full grain in the ear.	silbo auk airþa akran bairiþ: frumist gras, þaþroh ahs, þaþroh fulliþ kaurnis in þamma ahsa.	𐍃𐌹𐌻𐌱𐍉 𐌰𐌿𐌺 𐌰𐌹𐍂𐌸𐌰 𐌰𐌺𐍂𐌰𐌽 𐌱𐌰𐌹𐍂𐌹𐌸: 𐍆𐍂𐌿𐌼𐌹𐍃𐍄 𐌲𐍂𐌰𐍃, 𐌸𐌰𐌸𐍂𐍉𐌷 𐌰𐌷𐍃, 𐌸𐌰𐌸𐍂𐍉𐌷 𐍆𐌿𐌻𐌻𐌹𐌸 𐌺𐌰𐌿𐍂𐌽𐌹𐍃 𐌹𐌽 𐌸𐌰𐌼𐌼𐌰 𐌰𐌷𐍃𐌰.
okay	train_0736_d1	llm_diversify	1	herd	hairda	𐌷𐌰𐌹𐍂𐌳𐌰	yes	0	haírda: flock (N.), herd (N.)	1	gaírda: belt (N.), girdle (N.)	2	faírra: afar, at a great distance, far off, remote	At once Jesus gave them permission. The unclean spirits came out and entered into the pigs. The herd of about two thousand rushed down the steep bank into the sea, and they were drowned in the sea.	jah uslaubida im Iesus suns. jah usgaggandans ahmans þai unhrainjans galiþun in þo sweina, jah rann so hairda and driuson in marein; wesunuþ~þan swe twos þusundjos, jah afhvapnodedun in marein.	𐌾𐌰𐌷 𐌿𐍃𐌻𐌰𐌿𐌱𐌹𐌳𐌰 𐌹𐌼 𐌹𐌴𐍃𐌿𐍃 𐍃𐌿𐌽𐍃. 𐌾𐌰𐌷 𐌿𐍃𐌲𐌰𐌲𐌲𐌰𐌽𐌳𐌰𐌽𐍃 𐌰𐌷𐌼𐌰𐌽𐍃 𐌸𐌰𐌹 𐌿𐌽𐌷𐍂𐌰𐌹𐌽𐌾𐌰𐌽𐍃 𐌲𐌰𐌻𐌹𐌸𐌿𐌽 𐌹𐌽 𐌸𐍉 𐍃𐍅𐌴𐌹𐌽𐌰, 𐌾𐌰𐌷 𐍂𐌰𐌽𐌽 𐍃𐍉 𐌷𐌰𐌹𐍂𐌳𐌰 𐌰𐌽𐌳 𐌳𐍂𐌹𐌿𐍃𐍉𐌽 𐌹𐌽 𐌼𐌰𐍂𐌴𐌹𐌽; 𐍅𐌴𐍃𐌿𐌽𐌿𐌸~𐌸𐌰𐌽 𐍃𐍅𐌴 𐍄𐍅𐍉𐍃 𐌸𐌿𐍃𐌿𐌽𐌳𐌾𐍉𐍃, 𐌾𐌰𐌷 𐌰𐍆𐍈𐌰𐍀𐌽𐍉𐌳𐌴𐌳𐌿𐌽 𐌹𐌽 𐌼𐌰𐍂𐌴𐌹𐌽.
okay	train_0745_d2	llm_diversify	1	much	filu	𐍆𐌹𐌻𐌿	yes	0	filu: copious amount, copiously, much, very (Adv.)	1	fill: hide (N.), skin (N.)	2	films: amazement, astonishment, bewildered stupor	and begged him much, saying, "My little daughter is at the point of death. Please come and lay your hands on her, that she may be made healthy, and live."	jah baþ ina filu, qiþands þatei dauhtar meina aftumist habaiþ, ei qimands lagjais ana þo handuns, ei ganisai jah libai.	𐌾𐌰𐌷 𐌱𐌰𐌸 𐌹𐌽𐌰 𐍆𐌹𐌻𐌿, 𐌵𐌹𐌸𐌰𐌽𐌳𐍃 𐌸𐌰𐍄𐌴𐌹 𐌳𐌰𐌿𐌷𐍄𐌰𐍂 𐌼𐌴𐌹𐌽𐌰 𐌰𐍆𐍄𐌿𐌼𐌹𐍃𐍄 𐌷𐌰𐌱𐌰𐌹𐌸, 𐌴𐌹 𐌵𐌹𐌼𐌰𐌽𐌳𐍃 𐌻𐌰𐌲𐌾𐌰𐌹𐍃 𐌰𐌽𐌰 𐌸𐍉 𐌷𐌰𐌽𐌳𐌿𐌽𐍃, 𐌴𐌹 𐌲𐌰𐌽𐌹𐍃𐌰𐌹 𐌾𐌰𐌷 𐌻𐌹𐌱𐌰𐌹.
okay	train_0779_d1	llm_diversify	1	have	haban	𐌷𐌰𐌱𐌰𐌽	yes	0	haban: be, be; ?, consider, have, have at one’s disposal, have hold...	1	taban: sacrifice (N.), sacrificial animal	1	hatan: be antipathetical toward, feel hostile toward, hate (V.), sh...	For John said to Herod, "It is not lawful for you to have your brother's wife."	qaþ auk Iohannes du Heroda þatei ni skuld ist þus haban qen broþrs þeinis.	𐌵𐌰𐌸 𐌰𐌿𐌺 𐌹𐍉𐌷𐌰𐌽𐌽𐌴𐍃 𐌳𐌿 𐌷𐌴𐍂𐍉𐌳𐌰 𐌸𐌰𐍄𐌴𐌹 𐌽𐌹 𐍃𐌺𐌿𐌻𐌳 𐌹𐍃𐍄 𐌸𐌿𐍃 𐌷𐌰𐌱𐌰𐌽 𐌵𐌴𐌽 𐌱𐍂𐍉𐌸𐍂𐍃 𐌸𐌴𐌹𐌽𐌹𐍃.
okay	train_0782_d2	llm_diversify	1	give	giba	𐌲𐌹𐌱𐌰	yes	0	giba: gift (N.), name of g-rune, present (N.), that which is given	1	gibla: edge of a roof peak, gable	1	giban: give; ?	When the daughter of Herodias herself came in and danced, she pleased Herod and those sitting with him. The king said to the young lady, "Ask me whatever you want, and I will give it to you."	jah atgaggandein inn dauhtar Herodiadins jah plinsjandein jah galeikandein Heroda jah þaim miþanakumbjandam, qaþ þiudans du þizai maujai: bidei mik þishvizuh þei wileis, jah giba þus.	𐌾𐌰𐌷 𐌰𐍄𐌲𐌰𐌲𐌲𐌰𐌽𐌳𐌴𐌹𐌽 𐌹𐌽𐌽 𐌳𐌰𐌿𐌷𐍄𐌰𐍂 𐌷𐌴𐍂𐍉𐌳𐌹𐌰𐌳𐌹𐌽𐍃 𐌾𐌰𐌷 𐍀𐌻𐌹𐌽𐍃𐌾𐌰𐌽𐌳𐌴𐌹𐌽 𐌾𐌰𐌷 𐌲𐌰𐌻𐌴𐌹𐌺𐌰𐌽𐌳𐌴𐌹𐌽 𐌷𐌴𐍂𐍉𐌳𐌰 𐌾𐌰𐌷 𐌸𐌰𐌹𐌼 𐌼𐌹𐌸𐌰𐌽𐌰𐌺𐌿𐌼𐌱𐌾𐌰𐌽𐌳𐌰𐌼, 𐌵𐌰𐌸 𐌸𐌹𐌿𐌳𐌰𐌽𐍃 𐌳𐌿 𐌸𐌹𐌶𐌰𐌹 𐌼𐌰𐌿𐌾𐌰𐌹: 𐌱𐌹𐌳𐌴𐌹 𐌼𐌹𐌺 𐌸𐌹𐍃𐍈𐌹𐌶𐌿𐌷 𐌸𐌴𐌹 𐍅𐌹𐌻𐌴𐌹𐍃, 𐌾𐌰𐌷 𐌲𐌹𐌱𐌰 𐌸𐌿𐍃.
okay	train_0803_d2	llm_diversify	1	away from	us	𐌿𐍃	yes	0	us: away from, forth from, from, of, out of, proceeding from, si...	1	u: abbreviation for 70, u	1	uh: also, and, consequently, likewise, so then, subsequently, th...	When he had entered into a house away from the multitude, his disciples asked him about the parable.	jah þan galaiþ in gard us þizai managein, frehun ina siponjos is bi þo gajukon.	𐌾𐌰𐌷 𐌸𐌰𐌽 𐌲𐌰𐌻𐌰𐌹𐌸 𐌹𐌽 𐌲𐌰𐍂𐌳 𐌿𐍃 𐌸𐌹𐌶𐌰𐌹 𐌼𐌰𐌽𐌰𐌲𐌴𐌹𐌽, 𐍆𐍂𐌴𐌷𐌿𐌽 𐌹𐌽𐌰 𐍃𐌹𐍀𐍉𐌽𐌾𐍉𐍃 𐌹𐍃 𐌱𐌹 𐌸𐍉 𐌲𐌰𐌾𐌿𐌺𐍉𐌽.
okay	train_0816_d0	llm_diversify	1	Again	aftra	𐌰𐍆𐍄𐍂𐌰	yes	0	aftra: again, back (Adv.), backwards, once more	1	afta: behind	1	afara: descendant	Again he departed from the borders of Tyre and Sidon, and came to the sea of Galilee, through the midst of the region of Decapolis.	jah aftra galeiþands af markom Twre jah Seidone qam at marein Galeilaie miþ tweihnaim markom Daikapaulaios.	𐌾𐌰𐌷 𐌰𐍆𐍄𐍂𐌰 𐌲𐌰𐌻𐌴𐌹𐌸𐌰𐌽𐌳𐍃 𐌰𐍆 𐌼𐌰𐍂𐌺𐍉𐌼 𐍄𐍅𐍂𐌴 𐌾𐌰𐌷 𐍃𐌴𐌹𐌳𐍉𐌽𐌴 𐌵𐌰𐌼 𐌰𐍄 𐌼𐌰𐍂𐌴𐌹𐌽 𐌲𐌰𐌻𐌴𐌹𐌻𐌰𐌹𐌴 𐌼𐌹𐌸 𐍄𐍅𐌴𐌹𐌷𐌽𐌰𐌹𐌼 𐌼𐌰𐍂𐌺𐍉𐌼 𐌳𐌰𐌹𐌺𐌰𐍀𐌰𐌿𐌻𐌰𐌹𐍉𐍃.
okay	train_0829_d0	llm_diversify	1	region	fera	𐍆𐌴𐍂𐌰	yes	0	fēra: adjacent section, collateral part, district bordering a sea,...	1	fēr: ambush (N.)	1	fērja: ambusher, spy (M.), waylayer	Immediately he entered into the boat with his disciples, and came into the region of Dalmanutha.	jah galaiþ sunsaiw in skip miþ siponjam seinaim, jah qam ana fera Magdalan.	𐌾𐌰𐌷 𐌲𐌰𐌻𐌰𐌹𐌸 𐍃𐌿𐌽𐍃𐌰𐌹𐍅 𐌹𐌽 𐍃𐌺𐌹𐍀 𐌼𐌹𐌸 𐍃𐌹𐍀𐍉𐌽𐌾𐌰𐌼 𐍃𐌴𐌹𐌽𐌰𐌹𐌼, 𐌾𐌰𐌷 𐌵𐌰𐌼 𐌰𐌽𐌰 𐍆𐌴𐍂𐌰 𐌼𐌰𐌲𐌳𐌰𐌻𐌰𐌽.
okay	train_0829_d1	llm_diversify	1	region	fera	𐍆𐌴𐍂𐌰	yes	0	fēra: adjacent section, collateral part, district bordering a sea,...	1	fēr: ambush (N.)	1	fērja: ambusher, spy (M.), waylayer	Immediately he entered into the boat with his disciples, and came into the region of Dalmanutha.	jah galaiþ sunsaiw in skip miþ siponjam seinaim, jah qam ana fera Magdalan.	𐌾𐌰𐌷 𐌲𐌰𐌻𐌰𐌹𐌸 𐍃𐌿𐌽𐍃𐌰𐌹𐍅 𐌹𐌽 𐍃𐌺𐌹𐍀 𐌼𐌹𐌸 𐍃𐌹𐍀𐍉𐌽𐌾𐌰𐌼 𐍃𐌴𐌹𐌽𐌰𐌹𐌼, 𐌾𐌰𐌷 𐌵𐌰𐌼 𐌰𐌽𐌰 𐍆𐌴𐍂𐌰 𐌼𐌰𐌲𐌳𐌰𐌻𐌰𐌽.
okay	train_0831_d1	llm_diversify	1	again	aftra	𐌰𐍆𐍄𐍂𐌰	yes	0	aftra: again, back (Adv.), backwards, once more	1	afta: behind	1	afara: descendant	He left them, and again entering into the boat, departed to the other side.	jah afletands ins, galeiþands aftra in skip uslaiþ hindar marein.	𐌾𐌰𐌷 𐌰𐍆𐌻𐌴𐍄𐌰𐌽𐌳𐍃 𐌹𐌽𐍃, 𐌲𐌰𐌻𐌴𐌹𐌸𐌰𐌽𐌳𐍃 𐌰𐍆𐍄𐍂𐌰 𐌹𐌽 𐍃𐌺𐌹𐍀 𐌿𐍃𐌻𐌰𐌹𐌸 𐌷𐌹𐌽𐌳𐌰𐍂 𐌼𐌰𐍂𐌴𐌹𐌽.
okay	train_0844_d1	llm_diversify	1	But	aþþan	𐌰𐌸𐌸𐌰𐌽	yes	0	aþþan: but, but nonetheless, but then, however although, though	1	alþan: grow old	2	niþan: bring into affinity, bring into kinship, help (V.), make kin...	He said to them, "But who do you say that I am?" Peter answered, "You are the Christ."	jah is qaþ du im: aþþan jus, hvana mik qiþiþ wisan? andhafjands þan Paitrus qaþ du imma: þu is Xristus.	𐌾𐌰𐌷 𐌹𐍃 𐌵𐌰𐌸 𐌳𐌿 𐌹𐌼: 𐌰𐌸𐌸𐌰𐌽 𐌾𐌿𐍃, 𐍈𐌰𐌽𐌰 𐌼𐌹𐌺 𐌵𐌹𐌸𐌹𐌸 𐍅𐌹𐍃𐌰𐌽? 𐌰𐌽𐌳𐌷𐌰𐍆𐌾𐌰𐌽𐌳𐍃 𐌸𐌰𐌽 𐍀𐌰𐌹𐍄𐍂𐌿𐍃 𐌵𐌰𐌸 𐌳𐌿 𐌹𐌼𐌼𐌰: 𐌸𐌿 𐌹𐍃 𐍇𐍂𐌹𐍃𐍄𐌿𐍃.
okay	train_0847_d1	llm_diversify	1	follow	laistjan	𐌻𐌰𐌹𐍃𐍄𐌾𐌰𐌽	yes	0	laistjan: follow, pursue	1	laisjan: instruct, learn (= sik laisjan), teach, teach o.s. (= sik la...	2	haifstjan: compete in a contest, contend, fight (V.), rival (V.), striv...	He called the multitude to himself with his disciples, and said to them, "Whoever wants to come after me, let him deny himself, and take up his cross, and follow me.	jah athaitands þo managein miþ siponjam seinaim qaþ du im: saei wili afar mis laistjan, inwidai sik silban jah nimai galgan seinana jah laistjai mik.	𐌾𐌰𐌷 𐌰𐍄𐌷𐌰𐌹𐍄𐌰𐌽𐌳𐍃 𐌸𐍉 𐌼𐌰𐌽𐌰𐌲𐌴𐌹𐌽 𐌼𐌹𐌸 𐍃𐌹𐍀𐍉𐌽𐌾𐌰𐌼 𐍃𐌴𐌹𐌽𐌰𐌹𐌼 𐌵𐌰𐌸 𐌳𐌿 𐌹𐌼: 𐍃𐌰𐌴𐌹 𐍅𐌹𐌻𐌹 𐌰𐍆𐌰𐍂 𐌼𐌹𐍃 𐌻𐌰𐌹𐍃𐍄𐌾𐌰𐌽, 𐌹𐌽𐍅𐌹𐌳𐌰𐌹 𐍃𐌹𐌺 𐍃𐌹𐌻𐌱𐌰𐌽 𐌾𐌰𐌷 𐌽𐌹𐌼𐌰𐌹 𐌲𐌰𐌻𐌲𐌰𐌽 𐍃𐌴𐌹𐌽𐌰𐌽𐌰 𐌾𐌰𐌷 𐌻𐌰𐌹𐍃𐍄𐌾𐌰𐌹 𐌼𐌹𐌺.
okay	train_0898_d0	llm_diversify	1	again	aftra	𐌰𐍆𐍄𐍂𐌰	yes	0	aftra: again, back (Adv.), backwards, once more	1	afta: behind	1	afara: descendant	In the house, his disciples asked him again about the same matter.	jah in garda aftra siponjos is bi þata samo frehun ina.	𐌾𐌰𐌷 𐌹𐌽 𐌲𐌰𐍂𐌳𐌰 𐌰𐍆𐍄𐍂𐌰 𐍃𐌹𐍀𐍉𐌽𐌾𐍉𐍃 𐌹𐍃 𐌱𐌹 𐌸𐌰𐍄𐌰 𐍃𐌰𐌼𐍉 𐍆𐍂𐌴𐌷𐌿𐌽 𐌹𐌽𐌰.
okay	train_0898_d2	llm_diversify	1	again	aftra	𐌰𐍆𐍄𐍂𐌰	yes	0	aftra: again, back (Adv.), backwards, once more	1	afta: behind	1	afara: descendant	In the house, his disciples asked him again about the same matter.	jah in garda aftra siponjos is bi þata samo frehun ina.	𐌾𐌰𐌷 𐌹𐌽 𐌲𐌰𐍂𐌳𐌰 𐌰𐍆𐍄𐍂𐌰 𐍃𐌹𐍀𐍉𐌽𐌾𐍉𐍃 𐌹𐍃 𐌱𐌹 𐌸𐌰𐍄𐌰 𐍃𐌰𐌼𐍉 𐍆𐍂𐌴𐌷𐌿𐌽 𐌹𐌽𐌰.
okay	train_0898_d4	llm_diversify	1	again	aftra	𐌰𐍆𐍄𐍂𐌰	yes	0	aftra: again, back (Adv.), backwards, once more	1	afta: behind	1	afara: descendant	In the house, his disciples asked him again about the same matter.	jah in garda aftra siponjos is bi þata samo frehun ina.	𐌾𐌰𐌷 𐌹𐌽 𐌲𐌰𐍂𐌳𐌰 𐌰𐍆𐍄𐍂𐌰 𐍃𐌹𐍀𐍉𐌽𐌾𐍉𐍃 𐌹𐍃 𐌱𐌹 𐌸𐌰𐍄𐌰 𐍃𐌰𐌼𐍉 𐍆𐍂𐌴𐌷𐌿𐌽 𐌹𐌽𐌰.
okay	train_0902_d1	llm_diversify	1	like	swe	𐍃𐍅𐌴	yes	0	swē: about, approximately, as, as if, in like manner as, just as,...	1	ƕē: how, in any way, in what way, somehow, to whom, wherewith, w...	1	swēs: one’s own, ownings, property, very own, what is owned	Most certainly I tell you, whoever will not receive the Kingdom of God like a little child, he will in no way enter into it."	amen, qiþa izwis: saei ni andnimiþ þiudangardja gudis swe barn, ni þauh qimiþ in izai.	𐌰𐌼𐌴𐌽, 𐌵𐌹𐌸𐌰 𐌹𐌶𐍅𐌹𐍃: 𐍃𐌰𐌴𐌹 𐌽𐌹 𐌰𐌽𐌳𐌽𐌹𐌼𐌹𐌸 𐌸𐌹𐌿𐌳𐌰𐌽𐌲𐌰𐍂𐌳𐌾𐌰 𐌲𐌿𐌳𐌹𐍃 𐍃𐍅𐌴 𐌱𐌰𐍂𐌽, 𐌽𐌹 𐌸𐌰𐌿𐌷 𐌵𐌹𐌼𐌹𐌸 𐌹𐌽 𐌹𐌶𐌰𐌹.
okay	train_0905_d0	llm_diversify	1	except	alja	𐌰𐌻𐌾𐌰	yes	0	alja: but, else than, except, other than, save (Präp.), unless	1	aljar: absent, away from here, elsewhere, somewhere else	1	ala: all, the entire, the whole	Jesus said to him, "Why do you call me good? No one is good except one--God.	iþ is qaþ du imma: hva mik qiþis þiuþeigana? ni hvashun þiuþeigs, alja ains guþ.	𐌹𐌸 𐌹𐍃 𐌵𐌰𐌸 𐌳𐌿 𐌹𐌼𐌼𐌰: 𐍈𐌰 𐌼𐌹𐌺 𐌵𐌹𐌸𐌹𐍃 𐌸𐌹𐌿𐌸𐌴𐌹𐌲𐌰𐌽𐌰? 𐌽𐌹 𐍈𐌰𐍃𐌷𐌿𐌽 𐌸𐌹𐌿𐌸𐌴𐌹𐌲𐍃, 𐌰𐌻𐌾𐌰 𐌰𐌹𐌽𐍃 𐌲𐌿𐌸.
okay	train_0944_d0	llm_diversify	1	ever	aiw	𐌰𐌹𐍅	yes	0	aiw: ever	1	aiws: age (N.), all time, eternity	1	-aiw: at any time, ever	Jesus told it, "May no one ever eat fruit from you again!" and his disciples heard it.	jah usbairands qaþ du imma: ni þanaseiþs us þus aiw manna akran matjai. jah gahausidedun þai siponjos is.	𐌾𐌰𐌷 𐌿𐍃𐌱𐌰𐌹𐍂𐌰𐌽𐌳𐍃 𐌵𐌰𐌸 𐌳𐌿 𐌹𐌼𐌼𐌰: 𐌽𐌹 𐌸𐌰𐌽𐌰𐍃𐌴𐌹𐌸𐍃 𐌿𐍃 𐌸𐌿𐍃 𐌰𐌹𐍅 𐌼𐌰𐌽𐌽𐌰 𐌰𐌺𐍂𐌰𐌽 𐌼𐌰𐍄𐌾𐌰𐌹. 𐌾𐌰𐌷 𐌲𐌰𐌷𐌰𐌿𐍃𐌹𐌳𐌴𐌳𐌿𐌽 𐌸𐌰𐌹 𐍃𐌹𐍀𐍉𐌽𐌾𐍉𐍃 𐌹𐍃.
okay	train_0944_d2	llm_diversify	1	ever	aiw	𐌰𐌹𐍅	yes	0	aiw: ever	1	aiws: age (N.), all time, eternity	1	-aiw: at any time, ever	Jesus told it, "May no one ever eat fruit from you again!" and his disciples heard it.	jah usbairands qaþ du imma: ni þanaseiþs us þus aiw manna akran matjai. jah gahausidedun þai siponjos is.	𐌾𐌰𐌷 𐌿𐍃𐌱𐌰𐌹𐍂𐌰𐌽𐌳𐍃 𐌵𐌰𐌸 𐌳𐌿 𐌹𐌼𐌼𐌰: 𐌽𐌹 𐌸𐌰𐌽𐌰𐍃𐌴𐌹𐌸𐍃 𐌿𐍃 𐌸𐌿𐍃 𐌰𐌹𐍅 𐌼𐌰𐌽𐌽𐌰 𐌰𐌺𐍂𐌰𐌽 𐌼𐌰𐍄𐌾𐌰𐌹. 𐌾𐌰𐌷 𐌲𐌰𐌷𐌰𐌿𐍃𐌹𐌳𐌴𐌳𐌿𐌽 𐌸𐌰𐌹 𐍃𐌹𐍀𐍉𐌽𐌾𐍉𐍃 𐌹𐍃.
okay	train_0956_d3	llm_diversify	1	again	aftra	𐌰𐍆𐍄𐍂𐌰	yes	0	aftra: again, back (Adv.), backwards, once more	1	afta: behind	1	afara: descendant	They came again to Jerusalem, and as he was walking in the temple, the chief priests, and the scribes, and the elders came to him,	jah iddjedun aftra du Iairusaulwmai. jah in alh hvarbondin imma, atiddjedun du imma þai auhumistans gudjans jah bokarjos jah sinistans.	𐌾𐌰𐌷 𐌹𐌳𐌳𐌾𐌴𐌳𐌿𐌽 𐌰𐍆𐍄𐍂𐌰 𐌳𐌿 𐌹𐌰𐌹𐍂𐌿𐍃𐌰𐌿𐌻𐍅𐌼𐌰𐌹. 𐌾𐌰𐌷 𐌹𐌽 𐌰𐌻𐌷 𐍈𐌰𐍂𐌱𐍉𐌽𐌳𐌹𐌽 𐌹𐌼𐌼𐌰, 𐌰𐍄𐌹𐌳𐌳𐌾𐌴𐌳𐌿𐌽 𐌳𐌿 𐌹𐌼𐌼𐌰 𐌸𐌰𐌹 𐌰𐌿𐌷𐌿𐌼𐌹𐍃𐍄𐌰𐌽𐍃 𐌲𐌿𐌳𐌾𐌰𐌽𐍃 𐌾𐌰𐌷 𐌱𐍉𐌺𐌰𐍂𐌾𐍉𐍃 𐌾𐌰𐌷 𐍃𐌹𐌽𐌹𐍃𐍄𐌰𐌽𐍃.
okay	train_0984_d1	llm_diversify	1	one	ains	𐌰𐌹𐌽𐍃	yes	0	ains: a, alone, an, anyone, once (= ainamma sinþa), one, only, sin...	1	aiws: age (N.), all time, eternity	1	ans: wooden beam	Jesus answered, "The greatest is, 'Hear, Israel, the Lord our God, the Lord is one:	iþ Iesus andhof imma þatei frumista allaizo anabusns: hausei, Israel, frauja guþ unsar frauja ains ist.	𐌹𐌸 𐌹𐌴𐍃𐌿𐍃 𐌰𐌽𐌳𐌷𐍉𐍆 𐌹𐌼𐌼𐌰 𐌸𐌰𐍄𐌴𐌹 𐍆𐍂𐌿𐌼𐌹𐍃𐍄𐌰 𐌰𐌻𐌻𐌰𐌹𐌶𐍉 𐌰𐌽𐌰𐌱𐌿𐍃𐌽𐍃: 𐌷𐌰𐌿𐍃𐌴𐌹, 𐌹𐍃𐍂𐌰𐌴𐌻, 𐍆𐍂𐌰𐌿𐌾𐌰 𐌲𐌿𐌸 𐌿𐌽𐍃𐌰𐍂 𐍆𐍂𐌰𐌿𐌾𐌰 𐌰𐌹𐌽𐍃 𐌹𐍃𐍄.
okay	train_0987_d0	llm_diversify	1	one	ains	𐌰𐌹𐌽𐍃	yes	0	ains: a, alone, an, anyone, once (= ainamma sinþa), one, only, sin...	1	aiws: age (N.), all time, eternity	1	ans: wooden beam	The scribe said to him, "Truly, teacher, you have said well that he is one, and there is none other but he,	jah qaþ du imma sa bokareis: waila, laisari, bi sunjai qast þatei ains ist, jah nist anþar alja imma;	𐌾𐌰𐌷 𐌵𐌰𐌸 𐌳𐌿 𐌹𐌼𐌼𐌰 𐍃𐌰 𐌱𐍉𐌺𐌰𐍂𐌴𐌹𐍃: 𐍅𐌰𐌹𐌻𐌰, 𐌻𐌰𐌹𐍃𐌰𐍂𐌹, 𐌱𐌹 𐍃𐌿𐌽𐌾𐌰𐌹 𐌵𐌰𐍃𐍄 𐌸𐌰𐍄𐌴𐌹 𐌰𐌹𐌽𐍃 𐌹𐍃𐍄, 𐌾𐌰𐌷 𐌽𐌹𐍃𐍄 𐌰𐌽𐌸𐌰𐍂 𐌰𐌻𐌾𐌰 𐌹𐌼𐌼𐌰;
okay	train_1012_d0	llm_diversify	1	Passover	paska	𐍀𐌰𐍃𐌺𐌰	yes	0	paska: Easter, Passover	1	aska: a sort of fish	1	laska: scrap (1) (N.), shred (N.)	and wherever he enters in, tell the master of the house, 'The Teacher says, "Where is the guest room, where I may eat the Passover with my disciples?"'	jah þadei inngaleiþai, qiþaits þamma heiwafraujin þatei laisareis qiþiþ: hvar sind saliþwos þarei paska miþ siponjam meinaim matjau?	𐌾𐌰𐌷 𐌸𐌰𐌳𐌴𐌹 𐌹𐌽𐌽𐌲𐌰𐌻𐌴𐌹𐌸𐌰𐌹, 𐌵𐌹𐌸𐌰𐌹𐍄𐍃 𐌸𐌰𐌼𐌼𐌰 𐌷𐌴𐌹𐍅𐌰𐍆𐍂𐌰𐌿𐌾𐌹𐌽 𐌸𐌰𐍄𐌴𐌹 𐌻𐌰𐌹𐍃𐌰𐍂𐌴𐌹𐍃 𐌵𐌹𐌸𐌹𐌸: 𐍈𐌰𐍂 𐍃𐌹𐌽𐌳 𐍃𐌰𐌻𐌹𐌸𐍅𐍉𐍃 𐌸𐌰𐍂𐌴𐌹 𐍀𐌰𐍃𐌺𐌰 𐌼𐌹𐌸 𐍃𐌹𐍀𐍉𐌽𐌾𐌰𐌼 𐌼𐌴𐌹𐌽𐌰𐌹𐌼 𐌼𐌰𐍄𐌾𐌰𐌿?
okay	train_1015_d0	llm_diversify	1	Behold	sai	𐍃𐌰𐌹	yes	0	sai: behold (Interj.), look (Interj.), see (Interj.)	1	sah: a person who, and who, precisely that one, this and no other	1	saio: bearer of official tidings, court messenger	He came the third time, and said to them, "Sleep on now, and take your rest. It is enough. The hour has come. Behold, the Son of Man is betrayed into the hands of sinners.	... sai, galewjada sunus mans in handuns frawaurhtaize.	... 𐍃𐌰𐌹, 𐌲𐌰𐌻𐌴𐍅𐌾𐌰𐌳𐌰 𐍃𐌿𐌽𐌿𐍃 𐌼𐌰𐌽𐍃 𐌹𐌽 𐌷𐌰𐌽𐌳𐌿𐌽𐍃 𐍆𐍂𐌰𐍅𐌰𐌿𐍂𐌷𐍄𐌰𐌹𐌶𐌴.
okay	train_1044_d0	llm_diversify	1	again	aftra	𐌰𐍆𐍄𐍂𐌰	yes	0	aftra: again, back (Adv.), backwards, once more	1	afta: behind	1	afara: descendant	Pilate again asked him, "Have you no answer? See how many things they testify against you!"	iþ Peilatus aftra frah ina qiþands: niu andhafjis ni waiht? sai, hvan filu ana þuk weitwodjand.	𐌹𐌸 𐍀𐌴𐌹𐌻𐌰𐍄𐌿𐍃 𐌰𐍆𐍄𐍂𐌰 𐍆𐍂𐌰𐌷 𐌹𐌽𐌰 𐌵𐌹𐌸𐌰𐌽𐌳𐍃: 𐌽𐌹𐌿 𐌰𐌽𐌳𐌷𐌰𐍆𐌾𐌹𐍃 𐌽𐌹 𐍅𐌰𐌹𐌷𐍄? 𐍃𐌰𐌹, 𐍈𐌰𐌽 𐍆𐌹𐌻𐌿 𐌰𐌽𐌰 𐌸𐌿𐌺 𐍅𐌴𐌹𐍄𐍅𐍉𐌳𐌾𐌰𐌽𐌳.
okay	train_1117_o2	llm_original	1	know	witi	𐍅𐌹𐍄𐌹	yes	0	witi: knowledge	1	wit: the both of us, the two of us, we two	1	wliti: face (N.)	But when you do merciful deeds, don't let your left hand know what your right hand does,	iþ þuk taujandan armaion ni witi hleidumei þeina, hva taujiþ taihswo þeina,	𐌹𐌸 𐌸𐌿𐌺 𐍄𐌰𐌿𐌾𐌰𐌽𐌳𐌰𐌽 𐌰𐍂𐌼𐌰𐌹𐍉𐌽 𐌽𐌹 𐍅𐌹𐍄𐌹 𐌷𐌻𐌴𐌹𐌳𐌿𐌼𐌴𐌹 𐌸𐌴𐌹𐌽𐌰, 𐍈𐌰 𐍄𐌰𐌿𐌾𐌹𐌸 𐍄𐌰𐌹𐌷𐍃𐍅𐍉 𐌸𐌴𐌹𐌽𐌰,
okay	train_1123_d1	llm_diversify	1	Our	unsar	𐌿𐌽𐍃𐌰𐍂	yes	0	unsar: our	1	undar: under, underneath	2	ufar: above, over	Pray like this: 'Our Father in heaven, may your name be kept holy.	swa nu bidjaiþ jus: atta unsar þu in himinam, weihnai namo þein.	𐍃𐍅𐌰 𐌽𐌿 𐌱𐌹𐌳𐌾𐌰𐌹𐌸 𐌾𐌿𐍃: 𐌰𐍄𐍄𐌰 𐌿𐌽𐍃𐌰𐍂 𐌸𐌿 𐌹𐌽 𐌷𐌹𐌼𐌹𐌽𐌰𐌼, 𐍅𐌴𐌹𐌷𐌽𐌰𐌹 𐌽𐌰𐌼𐍉 𐌸𐌴𐌹𐌽.
okay	train_1123_d3	llm_diversify	1	Our	unsar	𐌿𐌽𐍃𐌰𐍂	yes	0	unsar: our	1	undar: under, underneath	2	ufar: above, over	Pray like this: 'Our Father in heaven, may your name be kept holy.	swa nu bidjaiþ jus: atta unsar þu in himinam, weihnai namo þein.	𐍃𐍅𐌰 𐌽𐌿 𐌱𐌹𐌳𐌾𐌰𐌹𐌸 𐌾𐌿𐍃: 𐌰𐍄𐍄𐌰 𐌿𐌽𐍃𐌰𐍂 𐌸𐌿 𐌹𐌽 𐌷𐌹𐌼𐌹𐌽𐌰𐌼, 𐍅𐌴𐌹𐌷𐌽𐌰𐌹 𐌽𐌰𐌼𐍉 𐌸𐌴𐌹𐌽.
okay	train_1160_d0	llm_diversify	1	clean	hrains	𐌷𐍂𐌰𐌹𐌽𐍃	yes	0	hrains: clean (Adj.), cleanly, honourable	1	hrabns: raven	2	ains: a, alone, an, anyone, once (= ainamma sinþa), one, only, sin...	Jesus stretched out his hand, and touched him, saying, "I want to. Be made clean." Immediately his leprosy was cleansed.	jah ufrakjands handu attaitok imma qiþands: wiljau, wairþ hrains! jah suns hrain warþ þata þrutsfill is.	𐌾𐌰𐌷 𐌿𐍆𐍂𐌰𐌺𐌾𐌰𐌽𐌳𐍃 𐌷𐌰𐌽𐌳𐌿 𐌰𐍄𐍄𐌰𐌹𐍄𐍉𐌺 𐌹𐌼𐌼𐌰 𐌵𐌹𐌸𐌰𐌽𐌳𐍃: 𐍅𐌹𐌻𐌾𐌰𐌿, 𐍅𐌰𐌹𐍂𐌸 𐌷𐍂𐌰𐌹𐌽𐍃! 𐌾𐌰𐌷 𐍃𐌿𐌽𐍃 𐌷𐍂𐌰𐌹𐌽 𐍅𐌰𐍂𐌸 𐌸𐌰𐍄𐌰 𐌸𐍂𐌿𐍄𐍃𐍆𐌹𐌻𐌻 𐌹𐍃.
okay	train_1262_d3	llm_diversify	1	also	miþ	𐌼𐌹𐌸	yes	0	miþ: along, alongside, amongst, between, by the side of, concomit...	1	iþ: 19, but, even so, however, if, in any case, in the case that...	2	ei: a time wherein, in a way that, in such a manner, in that cas...	When he had gone out onto the porch, someone else saw him, and said to those who were there, "This man also was with Jesus of Nazareth."	usgaggandan þan ina in daur, gasahv ina anþara jah qaþ du þaim jainar: jas~sa was miþ Iesua þamma Nazoraiau.	𐌿𐍃𐌲𐌰𐌲𐌲𐌰𐌽𐌳𐌰𐌽 𐌸𐌰𐌽 𐌹𐌽𐌰 𐌹𐌽 𐌳𐌰𐌿𐍂, 𐌲𐌰𐍃𐌰𐍈 𐌹𐌽𐌰 𐌰𐌽𐌸𐌰𐍂𐌰 𐌾𐌰𐌷 𐌵𐌰𐌸 𐌳𐌿 𐌸𐌰𐌹𐌼 𐌾𐌰𐌹𐌽𐌰𐍂: 𐌾𐌰𐍃~𐍃𐌰 𐍅𐌰𐍃 𐌼𐌹𐌸 𐌹𐌴𐍃𐌿𐌰 𐌸𐌰𐌼𐌼𐌰 𐌽𐌰𐌶𐍉𐍂𐌰𐌹𐌰𐌿.
okay	train_1307_d0	llm_diversify	1	son-in-law	megs	𐌼𐌴𐌲𐍃	yes	0	mēgs: son-in-law	1	wēgs: storm (N.), undulation, wave (N.), wave motion	1	mēs: platform, platter, table	For there were many in Judah sworn to him, because he was the son-in-law of Shecaniah the son of Arah; and his son Jehohanan had taken the daughter of Meshullam the son of Berechiah as wife.	managai auk in Iudaia ufaiþjai weisun imma, unte megs was Saixaineiins, sunaus Aieirins, jah Ioanan sunus is nam dauhtar Maisaullamis, sunaus Barakeiins, du qenai.	𐌼𐌰𐌽𐌰𐌲𐌰𐌹 𐌰𐌿𐌺 𐌹𐌽 𐌹𐌿𐌳𐌰𐌹𐌰 𐌿𐍆𐌰𐌹𐌸𐌾𐌰𐌹 𐍅𐌴𐌹𐍃𐌿𐌽 𐌹𐌼𐌼𐌰, 𐌿𐌽𐍄𐌴 𐌼𐌴𐌲𐍃 𐍅𐌰𐍃 𐍃𐌰𐌹𐍇𐌰𐌹𐌽𐌴𐌹𐌹𐌽𐍃, 𐍃𐌿𐌽𐌰𐌿𐍃 𐌰𐌹𐌴𐌹𐍂𐌹𐌽𐍃, 𐌾𐌰𐌷 𐌹𐍉𐌰𐌽𐌰𐌽 𐍃𐌿𐌽𐌿𐍃 𐌹𐍃 𐌽𐌰𐌼 𐌳𐌰𐌿𐌷𐍄𐌰𐍂 𐌼𐌰𐌹𐍃𐌰𐌿𐌻𐌻𐌰𐌼𐌹𐍃, 𐍃𐌿𐌽𐌰𐌿𐍃 𐌱𐌰𐍂𐌰𐌺𐌴𐌹𐌹𐌽𐍃, 𐌳𐌿 𐌵𐌴𐌽𐌰𐌹.
okay	train_1307_d2	llm_diversify	1	son-in-law	megs	𐌼𐌴𐌲𐍃	yes	0	mēgs: son-in-law	1	wēgs: storm (N.), undulation, wave (N.), wave motion	1	mēs: platform, platter, table	For there were many in Judah sworn to him, because he was the son-in-law of Shecaniah the son of Arah; and his son Jehohanan had taken the daughter of Meshullam the son of Berechiah as wife.	managai auk in Iudaia ufaiþjai weisun imma, unte megs was Saixaineiins, sunaus Aieirins, jah Ioanan sunus is nam dauhtar Maisaullamis, sunaus Barakeiins, du qenai.	𐌼𐌰𐌽𐌰𐌲𐌰𐌹 𐌰𐌿𐌺 𐌹𐌽 𐌹𐌿𐌳𐌰𐌹𐌰 𐌿𐍆𐌰𐌹𐌸𐌾𐌰𐌹 𐍅𐌴𐌹𐍃𐌿𐌽 𐌹𐌼𐌼𐌰, 𐌿𐌽𐍄𐌴 𐌼𐌴𐌲𐍃 𐍅𐌰𐍃 𐍃𐌰𐌹𐍇𐌰𐌹𐌽𐌴𐌹𐌹𐌽𐍃, 𐍃𐌿𐌽𐌰𐌿𐍃 𐌰𐌹𐌴𐌹𐍂𐌹𐌽𐍃, 𐌾𐌰𐌷 𐌹𐍉𐌰𐌽𐌰𐌽 𐍃𐌿𐌽𐌿𐍃 𐌹𐍃 𐌽𐌰𐌼 𐌳𐌰𐌿𐌷𐍄𐌰𐍂 𐌼𐌰𐌹𐍃𐌰𐌿𐌻𐌻𐌰𐌼𐌹𐍃, 𐍃𐌿𐌽𐌰𐌿𐍃 𐌱𐌰𐍂𐌰𐌺𐌴𐌹𐌹𐌽𐍃, 𐌳𐌿 𐌵𐌴𐌽𐌰𐌹.
okay	train_1308_d0	llm_diversify	1	fear	ogjan	𐍉𐌲𐌾𐌰𐌽	yes	0	ōgjan: frighten, make afraid, make fear, scare (V.)	1	ōgan: be afraid, fear (V.), have fear, have reverence for, stand i...	1	agjan: frighten, worry (V.)	Also they spoke of his good deeds before me, and reported my words to him. Tobiah sent letters to put me in fear.	jah rodidedun du imma wai(la) in andwairþja meinamma, jah waurda meina spillodedun imma, jah aipistulans insandida Tobeias ogjan mik.	𐌾𐌰𐌷 𐍂𐍉𐌳𐌹𐌳𐌴𐌳𐌿𐌽 𐌳𐌿 𐌹𐌼𐌼𐌰 𐍅𐌰𐌹(𐌻𐌰) 𐌹𐌽 𐌰𐌽𐌳𐍅𐌰𐌹𐍂𐌸𐌾𐌰 𐌼𐌴𐌹𐌽𐌰𐌼𐌼𐌰, 𐌾𐌰𐌷 𐍅𐌰𐌿𐍂𐌳𐌰 𐌼𐌴𐌹𐌽𐌰 𐍃𐍀𐌹𐌻𐌻𐍉𐌳𐌴𐌳𐌿𐌽 𐌹𐌼𐌼𐌰, 𐌾𐌰𐌷 𐌰𐌹𐍀𐌹𐍃𐍄𐌿𐌻𐌰𐌽𐍃 𐌹𐌽𐍃𐌰𐌽𐌳𐌹𐌳𐌰 𐍄𐍉𐌱𐌴𐌹𐌰𐍃 𐍉𐌲𐌾𐌰𐌽 𐌼𐌹𐌺.
okay	train_1311_d1	llm_diversify	1	until	und	𐌿𐌽𐌳	yes	0	und: all the way to, away, down to, off, throughout, till, until,...	1	un-: a-, non-, un-	1	and: along, from one side to the other, on, on by, over, through,...	I said to them, Don't let the gates of Jerusalem be opened until the sun be hot; and while they stand [on guard], let them shut the doors, and bar you them: and appoint watches of the inhabitants of Jerusalem, everyone in his watch, and everyone [to be] over against his house.	jah qaþ im: ni uslukaindau daurons Iairusalems, und þatei urrinnai sunno ...	𐌾𐌰𐌷 𐌵𐌰𐌸 𐌹𐌼: 𐌽𐌹 𐌿𐍃𐌻𐌿𐌺𐌰𐌹𐌽𐌳𐌰𐌿 𐌳𐌰𐌿𐍂𐍉𐌽𐍃 𐌹𐌰𐌹𐍂𐌿𐍃𐌰𐌻𐌴𐌼𐍃, 𐌿𐌽𐌳 𐌸𐌰𐍄𐌴𐌹 𐌿𐍂𐍂𐌹𐌽𐌽𐌰𐌹 𐍃𐌿𐌽𐌽𐍉 ...
okay	train_0173_d0	llm_diversify	1	preach the good news	wailamerjan	𐍅𐌰𐌹𐌻𐌰𐌼𐌴𐍂𐌾𐌰𐌽	yes	0	waílamērjan: preach the good, proclaim, spread good news of	2	wajamērjan: blaspheme, defame (V.), slander (V.), speak sacrilegiously	3	waílamēreins: evangelism, evangelizing, good news-spreading, good tidings,...	But he said to them, "I must preach the good news of the Kingdom of God to the other cities also. For this reason I have been sent."	þaruh is qaþ du im þatei jah þaim anþaraim baurgim wailamerjan ik skal bi þiudangardja gudis, unte duþe mik insandida.	𐌸𐌰𐍂𐌿𐌷 𐌹𐍃 𐌵𐌰𐌸 𐌳𐌿 𐌹𐌼 𐌸𐌰𐍄𐌴𐌹 𐌾𐌰𐌷 𐌸𐌰𐌹𐌼 𐌰𐌽𐌸𐌰𐍂𐌰𐌹𐌼 𐌱𐌰𐌿𐍂𐌲𐌹𐌼 𐍅𐌰𐌹𐌻𐌰𐌼𐌴𐍂𐌾𐌰𐌽 𐌹𐌺 𐍃𐌺𐌰𐌻 𐌱𐌹 𐌸𐌹𐌿𐌳𐌰𐌽𐌲𐌰𐍂𐌳𐌾𐌰 𐌲𐌿𐌳𐌹𐍃, 𐌿𐌽𐍄𐌴 𐌳𐌿𐌸𐌴 𐌼𐌹𐌺 𐌹𐌽𐍃𐌰𐌽𐌳𐌹𐌳𐌰.
okay	train_0173_d1	llm_diversify	1	preach the good news	wailamerjan	𐍅𐌰𐌹𐌻𐌰𐌼𐌴𐍂𐌾𐌰𐌽	yes	0	waílamērjan: preach the good, proclaim, spread good news of	2	wajamērjan: blaspheme, defame (V.), slander (V.), speak sacrilegiously	3	waílamēreins: evangelism, evangelizing, good news-spreading, good tidings,...	But he said to them, "I must preach the good news of the Kingdom of God to the other cities also. For this reason I have been sent."	þaruh is qaþ du im þatei jah þaim anþaraim baurgim wailamerjan ik skal bi þiudangardja gudis, unte duþe mik insandida.	𐌸𐌰𐍂𐌿𐌷 𐌹𐍃 𐌵𐌰𐌸 𐌳𐌿 𐌹𐌼 𐌸𐌰𐍄𐌴𐌹 𐌾𐌰𐌷 𐌸𐌰𐌹𐌼 𐌰𐌽𐌸𐌰𐍂𐌰𐌹𐌼 𐌱𐌰𐌿𐍂𐌲𐌹𐌼 𐍅𐌰𐌹𐌻𐌰𐌼𐌴𐍂𐌾𐌰𐌽 𐌹𐌺 𐍃𐌺𐌰𐌻 𐌱𐌹 𐌸𐌹𐌿𐌳𐌰𐌽𐌲𐌰𐍂𐌳𐌾𐌰 𐌲𐌿𐌳𐌹𐍃, 𐌿𐌽𐍄𐌴 𐌳𐌿𐌸𐌴 𐌼𐌹𐌺 𐌹𐌽𐍃𐌰𐌽𐌳𐌹𐌳𐌰.
okay	train_0194_d0	llm_diversify	1	forgive	afletan	𐌰𐍆𐌻𐌴𐍄𐌰𐌽	yes	0	aflētan: absolve, forgive, leave (V.), let go, let off, release (V.),...	2	lētan: allow, emit, leave (V.), leave alone, let (V.), let alone, l...	2	afleiþan: depart (V.), go away, leave (V.)	The scribes and the Pharisees began to reason, saying, "Who is this that speaks blasphemies? Who can forgive sins, but God alone?"	jah dugunnun þagkjan þai bokarjos jah Fareisaieis qiþandans: hvas ist sa, saei rodeiþ naiteinins? hvas mag afletan frawaurhtins, alja ains guþ?	𐌾𐌰𐌷 𐌳𐌿𐌲𐌿𐌽𐌽𐌿𐌽 𐌸𐌰𐌲𐌺𐌾𐌰𐌽 𐌸𐌰𐌹 𐌱𐍉𐌺𐌰𐍂𐌾𐍉𐍃 𐌾𐌰𐌷 𐍆𐌰𐍂𐌴𐌹𐍃𐌰𐌹𐌴𐌹𐍃 𐌵𐌹𐌸𐌰𐌽𐌳𐌰𐌽𐍃: 𐍈𐌰𐍃 𐌹𐍃𐍄 𐍃𐌰, 𐍃𐌰𐌴𐌹 𐍂𐍉𐌳𐌴𐌹𐌸 𐌽𐌰𐌹𐍄𐌴𐌹𐌽𐌹𐌽𐍃? 𐍈𐌰𐍃 𐌼𐌰𐌲 𐌰𐍆𐌻𐌴𐍄𐌰𐌽 𐍆𐍂𐌰𐍅𐌰𐌿𐍂𐌷𐍄𐌹𐌽𐍃, 𐌰𐌻𐌾𐌰 𐌰𐌹𐌽𐍃 𐌲𐌿𐌸?
okay	train_0197_d0	llm_diversify	1	forgive	afletan	𐌰𐍆𐌻𐌴𐍄𐌰𐌽	yes	0	aflētan: absolve, forgive, leave (V.), let go, let off, release (V.),...	2	lētan: allow, emit, leave (V.), leave alone, let (V.), let alone, l...	2	afleiþan: depart (V.), go away, leave (V.)	But that you may know that the Son of Man has authority on earth to forgive sins" (he said to the paralyzed man), "I tell you, arise, and take up your cot, and go to your house."	aþþan ei witeid þatei waldufni habaid sa sunus mans ana airþai afletan frawaurhtins, qaþ du þamma usliþin: du þus qiþa, urreis jah ushafjands þata badi þeinata gagg in gard þeinana.	𐌰𐌸𐌸𐌰𐌽 𐌴𐌹 𐍅𐌹𐍄𐌴𐌹𐌳 𐌸𐌰𐍄𐌴𐌹 𐍅𐌰𐌻𐌳𐌿𐍆𐌽𐌹 𐌷𐌰𐌱𐌰𐌹𐌳 𐍃𐌰 𐍃𐌿𐌽𐌿𐍃 𐌼𐌰𐌽𐍃 𐌰𐌽𐌰 𐌰𐌹𐍂𐌸𐌰𐌹 𐌰𐍆𐌻𐌴𐍄𐌰𐌽 𐍆𐍂𐌰𐍅𐌰𐌿𐍂𐌷𐍄𐌹𐌽𐍃, 𐌵𐌰𐌸 𐌳𐌿 𐌸𐌰𐌼𐌼𐌰 𐌿𐍃𐌻𐌹𐌸𐌹𐌽: 𐌳𐌿 𐌸𐌿𐍃 𐌵𐌹𐌸𐌰, 𐌿𐍂𐍂𐌴𐌹𐍃 𐌾𐌰𐌷 𐌿𐍃𐌷𐌰𐍆𐌾𐌰𐌽𐌳𐍃 𐌸𐌰𐍄𐌰 𐌱𐌰𐌳𐌹 𐌸𐌴𐌹𐌽𐌰𐍄𐌰 𐌲𐌰𐌲𐌲 𐌹𐌽 𐌲𐌰𐍂𐌳 𐌸𐌴𐌹𐌽𐌰𐌽𐌰.
okay	train_0211_d0	llm_diversify	1	grain fields	atisk	𐌰𐍄𐌹𐍃𐌺	yes	0	atisk: grainfield, standing grain, wheat fields	2	alisi: alder	2	alisō: alder	Now it happened on the second Sabbath after the first, that he was going through the grain fields. His disciples plucked the heads of grain, and ate, rubbing them in their hands.	Jah warþ in sabbato anþaramma frumin gaggan imma þairh atisk, jah raupidedun ahsa siponjos is jah matidedun bnauandans handum.	𐌾𐌰𐌷 𐍅𐌰𐍂𐌸 𐌹𐌽 𐍃𐌰𐌱𐌱𐌰𐍄𐍉 𐌰𐌽𐌸𐌰𐍂𐌰𐌼𐌼𐌰 𐍆𐍂𐌿𐌼𐌹𐌽 𐌲𐌰𐌲𐌲𐌰𐌽 𐌹𐌼𐌼𐌰 𐌸𐌰𐌹𐍂𐌷 𐌰𐍄𐌹𐍃𐌺, 𐌾𐌰𐌷 𐍂𐌰𐌿𐍀𐌹𐌳𐌴𐌳𐌿𐌽 𐌰𐌷𐍃𐌰 𐍃𐌹𐍀𐍉𐌽𐌾𐍉𐍃 𐌹𐍃 𐌾𐌰𐌷 𐌼𐌰𐍄𐌹𐌳𐌴𐌳𐌿𐌽 𐌱𐌽𐌰𐌿𐌰𐌽𐌳𐌰𐌽𐍃 𐌷𐌰𐌽𐌳𐌿𐌼.
okay	train_0244_d0	llm_diversify	1	guide	tiuhan	𐍄𐌹𐌿𐌷𐌰𐌽	yes	0	tiuhan: bring, conduct (V.), guide (V.), lead (V.)	2	jiukan: battle (V.), be a boxer, conquer, fight (V.)	2	kiusan: examine by testing, prove by test, prove by trial, put to a ...	He spoke a parable to them. "Can the blind guide the blind? Won't they both fall into a pit?	qaþuh þan gajukon im: ibai mag blinds blindana tiuhan? niu bai in dal gadriusand?	𐌵𐌰𐌸𐌿𐌷 𐌸𐌰𐌽 𐌲𐌰𐌾𐌿𐌺𐍉𐌽 𐌹𐌼: 𐌹𐌱𐌰𐌹 𐌼𐌰𐌲 𐌱𐌻𐌹𐌽𐌳𐍃 𐌱𐌻𐌹𐌽𐌳𐌰𐌽𐌰 𐍄𐌹𐌿𐌷𐌰𐌽? 𐌽𐌹𐌿 𐌱𐌰𐌹 𐌹𐌽 𐌳𐌰𐌻 𐌲𐌰𐌳𐍂𐌹𐌿𐍃𐌰𐌽𐌳?
okay	train_0253_d1	llm_diversify	1	ruin	uswalteins	𐌿𐍃𐍅𐌰𐌻𐍄𐌴𐌹𐌽𐍃	yes	0	uswalteins: capsizal, collapse (N.), downfall, downthrow (N.), overthrow...	2	ussateins: begetting, engendering, origin, seeding (N.), semination, so...	2	ufswalleins: being puffed up, bloatedness, swelling up, swollenness, vani...	But he who hears, and doesn't do, is like a man who built a house on the earth without a foundation, against which the stream broke, and immediately it fell, and the ruin of that house was great."	iþ sa hausjands jah ni taujands galeiks ist mann timrjandin razn ana airþai inuh grunduwaddju, þatei bistagq flodus, jah suns gadraus, jah warþ so uswalteins þis raznis mikila.	𐌹𐌸 𐍃𐌰 𐌷𐌰𐌿𐍃𐌾𐌰𐌽𐌳𐍃 𐌾𐌰𐌷 𐌽𐌹 𐍄𐌰𐌿𐌾𐌰𐌽𐌳𐍃 𐌲𐌰𐌻𐌴𐌹𐌺𐍃 𐌹𐍃𐍄 𐌼𐌰𐌽𐌽 𐍄𐌹𐌼𐍂𐌾𐌰𐌽𐌳𐌹𐌽 𐍂𐌰𐌶𐌽 𐌰𐌽𐌰 𐌰𐌹𐍂𐌸𐌰𐌹 𐌹𐌽𐌿𐌷 𐌲𐍂𐌿𐌽𐌳𐌿𐍅𐌰𐌳𐌳𐌾𐌿, 𐌸𐌰𐍄𐌴𐌹 𐌱𐌹𐍃𐍄𐌰𐌲𐌵 𐍆𐌻𐍉𐌳𐌿𐍃, 𐌾𐌰𐌷 𐍃𐌿𐌽𐍃 𐌲𐌰𐌳𐍂𐌰𐌿𐍃, 𐌾𐌰𐌷 𐍅𐌰𐍂𐌸 𐍃𐍉 𐌿𐍃𐍅𐌰𐌻𐍄𐌴𐌹𐌽𐍃 𐌸𐌹𐍃 𐍂𐌰𐌶𐌽𐌹𐍃 𐌼𐌹𐌺𐌹𐌻𐌰.
okay	train_0310_d1	llm_diversify	1	other side	hindar	𐌷𐌹𐌽𐌳𐌰𐍂	yes	0	hindar: ahead of, behind, beyond, on the far side of, on the part of...	2	hindana: behind, beyond, in back of, on the far side of, on the yon s...	2	binda: band, ligament (N.), ligature	Now it happened on one of those days, that he entered into a boat, himself and his disciples, and he said to them, "Let's go over to the other side of the lake." So they launched out.	warþ þan in ainamma þize dage, jah is galaiþ in skip jah siponjos is, jah qaþ du im: galeiþam hindar þana marisaiw! jah galiþun.	𐍅𐌰𐍂𐌸 𐌸𐌰𐌽 𐌹𐌽 𐌰𐌹𐌽𐌰𐌼𐌼𐌰 𐌸𐌹𐌶𐌴 𐌳𐌰𐌲𐌴, 𐌾𐌰𐌷 𐌹𐍃 𐌲𐌰𐌻𐌰𐌹𐌸 𐌹𐌽 𐍃𐌺𐌹𐍀 𐌾𐌰𐌷 𐍃𐌹𐍀𐍉𐌽𐌾𐍉𐍃 𐌹𐍃, 𐌾𐌰𐌷 𐌵𐌰𐌸 𐌳𐌿 𐌹𐌼: 𐌲𐌰𐌻𐌴𐌹𐌸𐌰𐌼 𐌷𐌹𐌽𐌳𐌰𐍂 𐌸𐌰𐌽𐌰 𐌼𐌰𐍂𐌹𐍃𐌰𐌹𐍅! 𐌾𐌰𐌷 𐌲𐌰𐌻𐌹𐌸𐌿𐌽.
okay	train_0345_d1	llm_diversify	1	set before	faurlagjan	𐍆𐌰𐌿𐍂𐌻𐌰𐌲𐌾𐌰𐌽	yes	0	faúrlagjan: lay before, place before, put forth, set in front of	2	faúrgaggan: go past, pass on by	2	ufarlagjan: lay over	He took the five loaves and the two fish, and looking up to the sky, he blessed them, and broke them, and gave them to the disciples to set before the multitude.	nimands þan þans fimf hlaibans jah twans fiskans, insaihvands du himina gaþiuþida ins jah gabrak jah gaf siponjam du faurlagjan þizai managein.	𐌽𐌹𐌼𐌰𐌽𐌳𐍃 𐌸𐌰𐌽 𐌸𐌰𐌽𐍃 𐍆𐌹𐌼𐍆 𐌷𐌻𐌰𐌹𐌱𐌰𐌽𐍃 𐌾𐌰𐌷 𐍄𐍅𐌰𐌽𐍃 𐍆𐌹𐍃𐌺𐌰𐌽𐍃, 𐌹𐌽𐍃𐌰𐌹𐍈𐌰𐌽𐌳𐍃 𐌳𐌿 𐌷𐌹𐌼𐌹𐌽𐌰 𐌲𐌰𐌸𐌹𐌿𐌸𐌹𐌳𐌰 𐌹𐌽𐍃 𐌾𐌰𐌷 𐌲𐌰𐌱𐍂𐌰𐌺 𐌾𐌰𐌷 𐌲𐌰𐍆 𐍃𐌹𐍀𐍉𐌽𐌾𐌰𐌼 𐌳𐌿 𐍆𐌰𐌿𐍂𐌻𐌰𐌲𐌾𐌰𐌽 𐌸𐌹𐌶𐌰𐌹 𐌼𐌰𐌽𐌰𐌲𐌴𐌹𐌽.
okay	train_0361_d2	llm_diversify	1	only child	ainaha	𐌰𐌹𐌽𐌰𐌷𐌰	yes	0	ainaha: only (Adj.), sole	2	inahs: circumspect (Adj.), judicious, prudent, wise (Adj.)	2	wainahs: lamentable, miserable, woeful, wretched	Behold, a man from the crowd called out, saying, "Teacher, I beg you to look at my son, for he is my only child.	jah sai, manna us þizai managein ufwopida qiþands: laisari, bidja þuk insaihvan du sunu meinamma, unte ainaha mis ist.	𐌾𐌰𐌷 𐍃𐌰𐌹, 𐌼𐌰𐌽𐌽𐌰 𐌿𐍃 𐌸𐌹𐌶𐌰𐌹 𐌼𐌰𐌽𐌰𐌲𐌴𐌹𐌽 𐌿𐍆𐍅𐍉𐍀𐌹𐌳𐌰 𐌵𐌹𐌸𐌰𐌽𐌳𐍃: 𐌻𐌰𐌹𐍃𐌰𐍂𐌹, 𐌱𐌹𐌳𐌾𐌰 𐌸𐌿𐌺 𐌹𐌽𐍃𐌰𐌹𐍈𐌰𐌽 𐌳𐌿 𐍃𐌿𐌽𐌿 𐌼𐌴𐌹𐌽𐌰𐌼𐌼𐌰, 𐌿𐌽𐍄𐌴 𐌰𐌹𐌽𐌰𐌷𐌰 𐌼𐌹𐍃 𐌹𐍃𐍄.
okay	train_0366_d0	llm_diversify	1	delivered up	atgiban	𐌰𐍄𐌲𐌹𐌱𐌰𐌽	yes	0	atgiban: deliver into the custody of, give over to, give unto	2	atligan: lie (V.) (2) adjacent to, lie (V.) (2) at hand	2	athaban: approach (V.), betake	"Let these words sink into your ears, for the Son of Man will be delivered up into the hands of men."	lagjiþ jus in ausona izwara þo waurda, unte sunus mans skulds ist atgiban in handuns manne.	𐌻𐌰𐌲𐌾𐌹𐌸 𐌾𐌿𐍃 𐌹𐌽 𐌰𐌿𐍃𐍉𐌽𐌰 𐌹𐌶𐍅𐌰𐍂𐌰 𐌸𐍉 𐍅𐌰𐌿𐍂𐌳𐌰, 𐌿𐌽𐍄𐌴 𐍃𐌿𐌽𐌿𐍃 𐌼𐌰𐌽𐍃 𐍃𐌺𐌿𐌻𐌳𐍃 𐌹𐍃𐍄 𐌰𐍄𐌲𐌹𐌱𐌰𐌽 𐌹𐌽 𐌷𐌰𐌽𐌳𐌿𐌽𐍃 𐌼𐌰𐌽𐌽𐌴.
okay	train_0381_d1	llm_diversify	1	bury	usfilhan	𐌿𐍃𐍆𐌹𐌻𐌷𐌰𐌽	yes	0	usfilhan: bury, inter (V.)	2	ustiuhan: accomplish, bring up, complete (V.), conduct out, consummate...	2	usfilma: amazed, astonished, bewildered, frightened, shaken, struck	But Jesus said to him, "Leave the dead to bury their own dead, but you go and announce the Kingdom of God."	qaþ þan du imma Iesus: let þans dauþans usfilhan seinans nawins: iþ þu gagg jah gaspillo þiudangardja gudis.	𐌵𐌰𐌸 𐌸𐌰𐌽 𐌳𐌿 𐌹𐌼𐌼𐌰 𐌹𐌴𐍃𐌿𐍃: 𐌻𐌴𐍄 𐌸𐌰𐌽𐍃 𐌳𐌰𐌿𐌸𐌰𐌽𐍃 𐌿𐍃𐍆𐌹𐌻𐌷𐌰𐌽 𐍃𐌴𐌹𐌽𐌰𐌽𐍃 𐌽𐌰𐍅𐌹𐌽𐍃: 𐌹𐌸 𐌸𐌿 𐌲𐌰𐌲𐌲 𐌾𐌰𐌷 𐌲𐌰𐍃𐍀𐌹𐌻𐌻𐍉 𐌸𐌹𐌿𐌳𐌰𐌽𐌲𐌰𐍂𐌳𐌾𐌰 𐌲𐌿𐌳𐌹𐍃.
okay	train_0381_d2	llm_diversify	1	bury	usfilhan	𐌿𐍃𐍆𐌹𐌻𐌷𐌰𐌽	yes	0	usfilhan: bury, inter (V.)	2	ustiuhan: accomplish, bring up, complete (V.), conduct out, consummate...	2	usfilma: amazed, astonished, bewildered, frightened, shaken, struck	But Jesus said to him, "Leave the dead to bury their own dead, but you go and announce the Kingdom of God."	qaþ þan du imma Iesus: let þans dauþans usfilhan seinans nawins: iþ þu gagg jah gaspillo þiudangardja gudis.	𐌵𐌰𐌸 𐌸𐌰𐌽 𐌳𐌿 𐌹𐌼𐌼𐌰 𐌹𐌴𐍃𐌿𐍃: 𐌻𐌴𐍄 𐌸𐌰𐌽𐍃 𐌳𐌰𐌿𐌸𐌰𐌽𐍃 𐌿𐍃𐍆𐌹𐌻𐌷𐌰𐌽 𐍃𐌴𐌹𐌽𐌰𐌽𐍃 𐌽𐌰𐍅𐌹𐌽𐍃: 𐌹𐌸 𐌸𐌿 𐌲𐌰𐌲𐌲 𐌾𐌰𐌷 𐌲𐌰𐍃𐍀𐌹𐌻𐌻𐍉 𐌸𐌹𐌿𐌳𐌰𐌽𐌲𐌰𐍂𐌳𐌾𐌰 𐌲𐌿𐌳𐌹𐍃.
okay	train_0393_d1	llm_diversify	1	more tolerable	sutizo	𐍃𐌿𐍄𐌹𐌶𐍉	yes	0	sutizō: more endurable	2	sūtis: gentle, mild, moderate (Adj.), yielding	2	sūti: mildness, tranquility	I tell you, it will be more tolerable in that day for Sodom than for that city.	qiþa izwis þatei Saudaumjam in jainamma daga sutizo wairþiþ þau þizai baurg jainai.	𐌵𐌹𐌸𐌰 𐌹𐌶𐍅𐌹𐍃 𐌸𐌰𐍄𐌴𐌹 𐍃𐌰𐌿𐌳𐌰𐌿𐌼𐌾𐌰𐌼 𐌹𐌽 𐌾𐌰𐌹𐌽𐌰𐌼𐌼𐌰 𐌳𐌰𐌲𐌰 𐍃𐌿𐍄𐌹𐌶𐍉 𐍅𐌰𐌹𐍂𐌸𐌹𐌸 𐌸𐌰𐌿 𐌸𐌹𐌶𐌰𐌹 𐌱𐌰𐌿𐍂𐌲 𐌾𐌰𐌹𐌽𐌰𐌹.
okay	train_0400_d0	llm_diversify	1	privately	sundro	𐍃𐌿𐌽𐌳𐍂𐍉	yes	0	sundrō: alone, apart, asunder (Adv.), individually, privately, separ...	2	undarō: beneath, under	2	mundrs: having an objective in mind, motivated	Turning to the disciples, he said privately, "Blessed are the eyes which see the things that you see,	jah gawandiþs du siponjam seinaim sundro qaþ: audaga augona, þoei saihvand þoei jus saihviþ.	𐌾𐌰𐌷 𐌲𐌰𐍅𐌰𐌽𐌳𐌹𐌸𐍃 𐌳𐌿 𐍃𐌹𐍀𐍉𐌽𐌾𐌰𐌼 𐍃𐌴𐌹𐌽𐌰𐌹𐌼 𐍃𐌿𐌽𐌳𐍂𐍉 𐌵𐌰𐌸: 𐌰𐌿𐌳𐌰𐌲𐌰 𐌰𐌿𐌲𐍉𐌽𐌰, 𐌸𐍉𐌴𐌹 𐍃𐌰𐌹𐍈𐌰𐌽𐌳 𐌸𐍉𐌴𐌹 𐌾𐌿𐍃 𐍃𐌰𐌹𐍈𐌹𐌸.
okay	train_0406_o0	llm_original	1	justify	domjan	𐌳𐍉𐌼𐌾𐌰𐌽	yes	0	dōmjan: deem (V.), discern (V.), distinguish, distinguish as, evalua...	2	samjan: give o.s. a pleasing appearance (= sik samjan), present a pl...	2	afdōmjan: abjure, comdemn, curse (V.), pass judgement against	But he, desiring to justify himself, asked Jesus, "Who is my neighbor?"	iþ is wiljands uswaurhtana sik domjan qaþ du Iesua: an hvas ist mis nehvundja?	𐌹𐌸 𐌹𐍃 𐍅𐌹𐌻𐌾𐌰𐌽𐌳𐍃 𐌿𐍃𐍅𐌰𐌿𐍂𐌷𐍄𐌰𐌽𐌰 𐍃𐌹𐌺 𐌳𐍉𐌼𐌾𐌰𐌽 𐌵𐌰𐌸 𐌳𐌿 𐌹𐌴𐍃𐌿𐌰: 𐌰𐌽 𐍈𐌰𐍃 𐌹𐍃𐍄 𐌼𐌹𐍃 𐌽𐌴𐍈𐌿𐌽𐌳𐌾𐌰?
okay	train_0438_d1	llm_diversify	1	younger	juhiza	𐌾𐌿𐌷𐌹𐌶𐌰	yes	0	jūhiza: younger	2	iusiza: better (Adj.), superior	3	aúhuma: above, higher	Not many days after, the younger son gathered all of this together and traveled into a far country. There he wasted his property with riotous living.	jah afar ni managans dagans brahta samana allata sa juhiza sunus jah aflaiþ in land fairra wisando jah jainar distahida þata swes seinata libands usstiuriba.	𐌾𐌰𐌷 𐌰𐍆𐌰𐍂 𐌽𐌹 𐌼𐌰𐌽𐌰𐌲𐌰𐌽𐍃 𐌳𐌰𐌲𐌰𐌽𐍃 𐌱𐍂𐌰𐌷𐍄𐌰 𐍃𐌰𐌼𐌰𐌽𐌰 𐌰𐌻𐌻𐌰𐍄𐌰 𐍃𐌰 𐌾𐌿𐌷𐌹𐌶𐌰 𐍃𐌿𐌽𐌿𐍃 𐌾𐌰𐌷 𐌰𐍆𐌻𐌰𐌹𐌸 𐌹𐌽 𐌻𐌰𐌽𐌳 𐍆𐌰𐌹𐍂𐍂𐌰 𐍅𐌹𐍃𐌰𐌽𐌳𐍉 𐌾𐌰𐌷 𐌾𐌰𐌹𐌽𐌰𐍂 𐌳𐌹𐍃𐍄𐌰𐌷𐌹𐌳𐌰 𐌸𐌰𐍄𐌰 𐍃𐍅𐌴𐍃 𐍃𐌴𐌹𐌽𐌰𐍄𐌰 𐌻𐌹𐌱𐌰𐌽𐌳𐍃 𐌿𐍃𐍃𐍄𐌹𐌿𐍂𐌹𐌱𐌰.
okay	train_0483_d0	llm_diversify	1	there	jainar	𐌾𐌰𐌹𐌽𐌰𐍂	yes	0	jainar: in that place, in yon place, there	2	kaisar: emperor	2	jainþrō: from that place, from yon place, thence	neither will they say, 'Look, here!' or, 'Look, there!' for behold, the Kingdom of God is within you."	nih qiþand: sai her, aiþþau sai jainar; sai auk, þiudangardi gudis in izwis ist.	𐌽𐌹𐌷 𐌵𐌹𐌸𐌰𐌽𐌳: 𐍃𐌰𐌹 𐌷𐌴𐍂, 𐌰𐌹𐌸𐌸𐌰𐌿 𐍃𐌰𐌹 𐌾𐌰𐌹𐌽𐌰𐍂; 𐍃𐌰𐌹 𐌰𐌿𐌺, 𐌸𐌹𐌿𐌳𐌰𐌽𐌲𐌰𐍂𐌳𐌹 𐌲𐌿𐌳𐌹𐍃 𐌹𐌽 𐌹𐌶𐍅𐌹𐍃 𐌹𐍃𐍄.
okay	train_0483_d1	llm_diversify	1	or	aiþþau	𐌰𐌹𐌸𐌸𐌰𐌿	yes	0	aíþþau: alternatively, and as an alternative, else, on the other han...	2	aþþan: but, but nonetheless, but then, however although, though	2	miþþan: as of then, at that time, meanwhile	neither will they say, 'Look, here!' or, 'Look, there!' for behold, the Kingdom of God is within you."	nih qiþand: sai her, aiþþau sai jainar; sai auk, þiudangardi gudis in izwis ist.	𐌽𐌹𐌷 𐌵𐌹𐌸𐌰𐌽𐌳: 𐍃𐌰𐌹 𐌷𐌴𐍂, 𐌰𐌹𐌸𐌸𐌰𐌿 𐍃𐌰𐌹 𐌾𐌰𐌹𐌽𐌰𐍂; 𐍃𐌰𐌹 𐌰𐌿𐌺, 𐌸𐌹𐌿𐌳𐌰𐌽𐌲𐌰𐍂𐌳𐌹 𐌲𐌿𐌳𐌹𐍃 𐌹𐌽 𐌹𐌶𐍅𐌹𐍃 𐌹𐍃𐍄.
okay	train_0517_d0	llm_diversify	1	no one	ainshun	𐌰𐌹𐌽𐍃𐌷𐌿𐌽	yes	0	ainshun: anyone, none (in neg. sentences), not anyone (in neg. senten...	2	þishun: above all, especially, in particular, particularly, specific...	3	ains: a, alone, an, anyone, once (= ainamma sinþa), one, only, sin...	He said to them, "Most certainly I tell you, there is no one who has left house, or wife, or brothers, or parents, or children, for the Kingdom of God's sake,	iþ is qaþuh du im: amen, qiþa izwis þatei ni ainshun ist þize afletandane gard aiþþau fadrein aiþþau broþruns aiþþau qen aiþþau barna in þiudangardjos gudis,	𐌹𐌸 𐌹𐍃 𐌵𐌰𐌸𐌿𐌷 𐌳𐌿 𐌹𐌼: 𐌰𐌼𐌴𐌽, 𐌵𐌹𐌸𐌰 𐌹𐌶𐍅𐌹𐍃 𐌸𐌰𐍄𐌴𐌹 𐌽𐌹 𐌰𐌹𐌽𐍃𐌷𐌿𐌽 𐌹𐍃𐍄 𐌸𐌹𐌶𐌴 𐌰𐍆𐌻𐌴𐍄𐌰𐌽𐌳𐌰𐌽𐌴 𐌲𐌰𐍂𐌳 𐌰𐌹𐌸𐌸𐌰𐌿 𐍆𐌰𐌳𐍂𐌴𐌹𐌽 𐌰𐌹𐌸𐌸𐌰𐌿 𐌱𐍂𐍉𐌸𐍂𐌿𐌽𐍃 𐌰𐌹𐌸𐌸𐌰𐌿 𐌵𐌴𐌽 𐌰𐌹𐌸𐌸𐌰𐌿 𐌱𐌰𐍂𐌽𐌰 𐌹𐌽 𐌸𐌹𐌿𐌳𐌰𐌽𐌲𐌰𐍂𐌳𐌾𐍉𐍃 𐌲𐌿𐌳𐌹𐍃,
okay	train_0517_d3	llm_diversify	1	no one	ainshun	𐌰𐌹𐌽𐍃𐌷𐌿𐌽	yes	0	ainshun: anyone, none (in neg. sentences), not anyone (in neg. senten...	2	þishun: above all, especially, in particular, particularly, specific...	3	ains: a, alone, an, anyone, once (= ainamma sinþa), one, only, sin...	He said to them, "Most certainly I tell you, there is no one who has left house, or wife, or brothers, or parents, or children, for the Kingdom of God's sake,	iþ is qaþuh du im: amen, qiþa izwis þatei ni ainshun ist þize afletandane gard aiþþau fadrein aiþþau broþruns aiþþau qen aiþþau barna in þiudangardjos gudis,	𐌹𐌸 𐌹𐍃 𐌵𐌰𐌸𐌿𐌷 𐌳𐌿 𐌹𐌼: 𐌰𐌼𐌴𐌽, 𐌵𐌹𐌸𐌰 𐌹𐌶𐍅𐌹𐍃 𐌸𐌰𐍄𐌴𐌹 𐌽𐌹 𐌰𐌹𐌽𐍃𐌷𐌿𐌽 𐌹𐍃𐍄 𐌸𐌹𐌶𐌴 𐌰𐍆𐌻𐌴𐍄𐌰𐌽𐌳𐌰𐌽𐌴 𐌲𐌰𐍂𐌳 𐌰𐌹𐌸𐌸𐌰𐌿 𐍆𐌰𐌳𐍂𐌴𐌹𐌽 𐌰𐌹𐌸𐌸𐌰𐌿 𐌱𐍂𐍉𐌸𐍂𐌿𐌽𐍃 𐌰𐌹𐌸𐌸𐌰𐌿 𐌵𐌴𐌽 𐌰𐌹𐌸𐌸𐌰𐌿 𐌱𐌰𐍂𐌽𐌰 𐌹𐌽 𐌸𐌹𐌿𐌳𐌰𐌽𐌲𐌰𐍂𐌳𐌾𐍉𐍃 𐌲𐌿𐌳𐌹𐍃,
okay	train_0563_d0	llm_diversify	1	drive out	uswairpan	𐌿𐍃𐍅𐌰𐌹𐍂𐍀𐌰𐌽	yes	0	uswaírpan: cast off, cast out, eject, expel, reject (V.), throw off, th...	2	atwaírpan: cast within reach of, hurl into the location of, make arrive...	2	afwaírpan: cast aside, throw off	He entered into the temple, and began to drive out those who bought and sold in it,	jah galeiþands in alh dugann uswairpan þans frabugjandans in izai jah bugjandans,	𐌾𐌰𐌷 𐌲𐌰𐌻𐌴𐌹𐌸𐌰𐌽𐌳𐍃 𐌹𐌽 𐌰𐌻𐌷 𐌳𐌿𐌲𐌰𐌽𐌽 𐌿𐍃𐍅𐌰𐌹𐍂𐍀𐌰𐌽 𐌸𐌰𐌽𐍃 𐍆𐍂𐌰𐌱𐌿𐌲𐌾𐌰𐌽𐌳𐌰𐌽𐍃 𐌹𐌽 𐌹𐌶𐌰𐌹 𐌾𐌰𐌷 𐌱𐌿𐌲𐌾𐌰𐌽𐌳𐌰𐌽𐍃,
okay	train_0565_d0	llm_diversify	1	destroy	usqistjan	𐌿𐍃𐌵𐌹𐍃𐍄𐌾𐌰𐌽	yes	0	usqistjan: annihilate, destroy utterly, exterminate, kill (V.)	2	qistjan: destroy	3	ussitan: get up into a sitting position, sit up	He was teaching daily in the temple, but the chief priests and the scribes and the leading men among the people sought to destroy him.	jah was laisjands daga hvammeh in þizai alh: iþ þai auhmistans gudjans jah bokarjos sokidedun ina usqistjan jah þai frumistans manageins.	𐌾𐌰𐌷 𐍅𐌰𐍃 𐌻𐌰𐌹𐍃𐌾𐌰𐌽𐌳𐍃 𐌳𐌰𐌲𐌰 𐍈𐌰𐌼𐌼𐌴𐌷 𐌹𐌽 𐌸𐌹𐌶𐌰𐌹 𐌰𐌻𐌷: 𐌹𐌸 𐌸𐌰𐌹 𐌰𐌿𐌷𐌼𐌹𐍃𐍄𐌰𐌽𐍃 𐌲𐌿𐌳𐌾𐌰𐌽𐍃 𐌾𐌰𐌷 𐌱𐍉𐌺𐌰𐍂𐌾𐍉𐍃 𐍃𐍉𐌺𐌹𐌳𐌴𐌳𐌿𐌽 𐌹𐌽𐌰 𐌿𐍃𐌵𐌹𐍃𐍄𐌾𐌰𐌽 𐌾𐌰𐌷 𐌸𐌰𐌹 𐍆𐍂𐌿𐌼𐌹𐍃𐍄𐌰𐌽𐍃 𐌼𐌰𐌽𐌰𐌲𐌴𐌹𐌽𐍃.
okay	train_0565_d2	llm_diversify	1	destroy	usqistjan	𐌿𐍃𐌵𐌹𐍃𐍄𐌾𐌰𐌽	yes	0	usqistjan: annihilate, destroy utterly, exterminate, kill (V.)	2	qistjan: destroy	3	ussitan: get up into a sitting position, sit up	He was teaching daily in the temple, but the chief priests and the scribes and the leading men among the people sought to destroy him.	jah was laisjands daga hvammeh in þizai alh: iþ þai auhmistans gudjans jah bokarjos sokidedun ina usqistjan jah þai frumistans manageins.	𐌾𐌰𐌷 𐍅𐌰𐍃 𐌻𐌰𐌹𐍃𐌾𐌰𐌽𐌳𐍃 𐌳𐌰𐌲𐌰 𐍈𐌰𐌼𐌼𐌴𐌷 𐌹𐌽 𐌸𐌹𐌶𐌰𐌹 𐌰𐌻𐌷: 𐌹𐌸 𐌸𐌰𐌹 𐌰𐌿𐌷𐌼𐌹𐍃𐍄𐌰𐌽𐍃 𐌲𐌿𐌳𐌾𐌰𐌽𐍃 𐌾𐌰𐌷 𐌱𐍉𐌺𐌰𐍂𐌾𐍉𐍃 𐍃𐍉𐌺𐌹𐌳𐌴𐌳𐌿𐌽 𐌹𐌽𐌰 𐌿𐍃𐌵𐌹𐍃𐍄𐌾𐌰𐌽 𐌾𐌰𐌷 𐌸𐌰𐌹 𐍆𐍂𐌿𐌼𐌹𐍃𐍄𐌰𐌽𐍃 𐌼𐌰𐌽𐌰𐌲𐌴𐌹𐌽𐍃.
okay	train_0640_d0	llm_diversify	1	openly	andaugjo	𐌰𐌽𐌳𐌰𐌿𐌲𐌾𐍉	yes	0	andaugjō: for all to see, in plain sight, openly, publicly	2	andaugi: countenance, face (N.), gaze (N.)	3	andaugiba: for all to see, in plain sight, obviously, openly	But he went out, and began to proclaim it much, and to spread about the matter, so that Jesus could no more openly enter into a city, but was outside in desert places: and they came to him from everywhere.	iþ is usgaggands dugann merjan filu jah usqiþan þata waurd, swaswe is juþan ni mahta andaugjo in baurg galeiþan, ak uta ana auþjaim stadim was; jah iddjedun du imma allaþro.	𐌹𐌸 𐌹𐍃 𐌿𐍃𐌲𐌰𐌲𐌲𐌰𐌽𐌳𐍃 𐌳𐌿𐌲𐌰𐌽𐌽 𐌼𐌴𐍂𐌾𐌰𐌽 𐍆𐌹𐌻𐌿 𐌾𐌰𐌷 𐌿𐍃𐌵𐌹𐌸𐌰𐌽 𐌸𐌰𐍄𐌰 𐍅𐌰𐌿𐍂𐌳, 𐍃𐍅𐌰𐍃𐍅𐌴 𐌹𐍃 𐌾𐌿𐌸𐌰𐌽 𐌽𐌹 𐌼𐌰𐌷𐍄𐌰 𐌰𐌽𐌳𐌰𐌿𐌲𐌾𐍉 𐌹𐌽 𐌱𐌰𐌿𐍂𐌲 𐌲𐌰𐌻𐌴𐌹𐌸𐌰𐌽, 𐌰𐌺 𐌿𐍄𐌰 𐌰𐌽𐌰 𐌰𐌿𐌸𐌾𐌰𐌹𐌼 𐍃𐍄𐌰𐌳𐌹𐌼 𐍅𐌰𐍃; 𐌾𐌰𐌷 𐌹𐌳𐌳𐌾𐌴𐌳𐌿𐌽 𐌳𐌿 𐌹𐌼𐌼𐌰 𐌰𐌻𐌻𐌰𐌸𐍂𐍉.
okay	train_0659_d0	llm_diversify	1	grain fields	atisk	𐌰𐍄𐌹𐍃𐌺	yes	0	atisk: grainfield, standing grain, wheat fields	2	alisi: alder	2	alisō: alder	It happened that he was going on the Sabbath day through the grain fields, and his disciples began, as they went, to pluck the ears of grain.	jah warþ þairhgaggan imma sabbato daga þairh atisk, jah dugunnun siponjos is skewjandans raupjan ahsa.	𐌾𐌰𐌷 𐍅𐌰𐍂𐌸 𐌸𐌰𐌹𐍂𐌷𐌲𐌰𐌲𐌲𐌰𐌽 𐌹𐌼𐌼𐌰 𐍃𐌰𐌱𐌱𐌰𐍄𐍉 𐌳𐌰𐌲𐌰 𐌸𐌰𐌹𐍂𐌷 𐌰𐍄𐌹𐍃𐌺, 𐌾𐌰𐌷 𐌳𐌿𐌲𐌿𐌽𐌽𐌿𐌽 𐍃𐌹𐍀𐍉𐌽𐌾𐍉𐍃 𐌹𐍃 𐍃𐌺𐌴𐍅𐌾𐌰𐌽𐌳𐌰𐌽𐍃 𐍂𐌰𐌿𐍀𐌾𐌰𐌽 𐌰𐌷𐍃𐌰.
okay	train_0679_d0	llm_diversify	1	cast out	uswairpan	𐌿𐍃𐍅𐌰𐌹𐍂𐍀𐌰𐌽	yes	0	uswaírpan: cast off, cast out, eject, expel, reject (V.), throw off, th...	2	atwaírpan: cast within reach of, hurl into the location of, make arrive...	2	afwaírpan: cast aside, throw off	He summoned them, and said to them in parables, "How can Satan cast out Satan?	jah athaitands ins in gajukom qaþ du im: hvaiwa mag Satanas Satanan uswairpan?	𐌾𐌰𐌷 𐌰𐍄𐌷𐌰𐌹𐍄𐌰𐌽𐌳𐍃 𐌹𐌽𐍃 𐌹𐌽 𐌲𐌰𐌾𐌿𐌺𐍉𐌼 𐌵𐌰𐌸 𐌳𐌿 𐌹𐌼: 𐍈𐌰𐌹𐍅𐌰 𐌼𐌰𐌲 𐍃𐌰𐍄𐌰𐌽𐌰𐍃 𐍃𐌰𐍄𐌰𐌽𐌰𐌽 𐌿𐍃𐍅𐌰𐌹𐍂𐍀𐌰𐌽?
okay	train_0680_d0	llm_diversify	1	against	wiþra	𐍅𐌹𐌸𐍂𐌰	yes	0	wiþra: against, facing, opposite, to, toward, vis-a-vis	2	winna: libido, passion, sexual aching	2	wilja: aim (N.), desire (N.), intention, will (N.), willingness, wi...	If a kingdom is divided against itself, that kingdom cannot stand.	jah jabai þiudangardi wiþra sik gadailjada, ni mag standan so þiudangardi jaina.	𐌾𐌰𐌷 𐌾𐌰𐌱𐌰𐌹 𐌸𐌹𐌿𐌳𐌰𐌽𐌲𐌰𐍂𐌳𐌹 𐍅𐌹𐌸𐍂𐌰 𐍃𐌹𐌺 𐌲𐌰𐌳𐌰𐌹𐌻𐌾𐌰𐌳𐌰, 𐌽𐌹 𐌼𐌰𐌲 𐍃𐍄𐌰𐌽𐌳𐌰𐌽 𐍃𐍉 𐌸𐌹𐌿𐌳𐌰𐌽𐌲𐌰𐍂𐌳𐌹 𐌾𐌰𐌹𐌽𐌰.
okay	train_0688_d0	llm_diversify	1	or	aiþþau	𐌰𐌹𐌸𐌸𐌰𐌿	yes	0	aíþþau: alternatively, and as an alternative, else, on the other han...	2	aþþan: but, but nonetheless, but then, however although, though	2	miþþan: as of then, at that time, meanwhile	He answered them, "Who are my mother and my brothers?"	jah andhof im qiþands: hvo ist so aiþei meina aiþþau þai broþrjus meinai?	𐌾𐌰𐌷 𐌰𐌽𐌳𐌷𐍉𐍆 𐌹𐌼 𐌵𐌹𐌸𐌰𐌽𐌳𐍃: 𐍈𐍉 𐌹𐍃𐍄 𐍃𐍉 𐌰𐌹𐌸𐌴𐌹 𐌼𐌴𐌹𐌽𐌰 𐌰𐌹𐌸𐌸𐌰𐌿 𐌸𐌰𐌹 𐌱𐍂𐍉𐌸𐍂𐌾𐌿𐍃 𐌼𐌴𐌹𐌽𐌰𐌹?
okay	train_0720_d0	llm_diversify	1	privately	sundro	𐍃𐌿𐌽𐌳𐍂𐍉	yes	0	sundrō: alone, apart, asunder (Adv.), individually, privately, separ...	2	undarō: beneath, under	2	mundrs: having an objective in mind, motivated	Without a parable he didn't speak to them; but privately to his own disciples he explained everything.	iþ inuh gajukon ni rodida im, iþ sundro siponjam seinaim andband allata.	𐌹𐌸 𐌹𐌽𐌿𐌷 𐌲𐌰𐌾𐌿𐌺𐍉𐌽 𐌽𐌹 𐍂𐍉𐌳𐌹𐌳𐌰 𐌹𐌼, 𐌹𐌸 𐍃𐌿𐌽𐌳𐍂𐍉 𐍃𐌹𐍀𐍉𐌽𐌾𐌰𐌼 𐍃𐌴𐌹𐌽𐌰𐌹𐌼 𐌰𐌽𐌳𐌱𐌰𐌽𐌳 𐌰𐌻𐌻𐌰𐍄𐌰.
okay	train_0726_d0	llm_diversify	1	other side	hindar	𐌷𐌹𐌽𐌳𐌰𐍂	yes	0	hindar: ahead of, behind, beyond, on the far side of, on the part of...	2	hindana: behind, beyond, in back of, on the far side of, on the yon s...	2	binda: band, ligament (N.), ligature	They came to the other side of the sea, into the country of the Gadarenes.	Jah qemun hindar marein in landa Gaddarene.	𐌾𐌰𐌷 𐌵𐌴𐌼𐌿𐌽 𐌷𐌹𐌽𐌳𐌰𐍂 𐌼𐌰𐍂𐌴𐌹𐌽 𐌹𐌽 𐌻𐌰𐌽𐌳𐌰 𐌲𐌰𐌳𐌳𐌰𐍂𐌴𐌽𐌴.
okay	train_0772_d2	llm_diversify	1	until	unte	𐌿𐌽𐍄𐌴	yes	0	untē: as long as, by reason of the fact that, for, on account of t...	2	un-: a-, non-, un-	2	und: all the way to, away, down to, off, throughout, till, until,...	He said to them, "Wherever you enter into a house, stay there until you depart from there.	jah qaþ du im: þishvaduh þei gaggaiþ in gard, þar saljaiþ, unte usgaggaiþ jainþro.	𐌾𐌰𐌷 𐌵𐌰𐌸 𐌳𐌿 𐌹𐌼: 𐌸𐌹𐍃𐍈𐌰𐌳𐌿𐌷 𐌸𐌴𐌹 𐌲𐌰𐌲𐌲𐌰𐌹𐌸 𐌹𐌽 𐌲𐌰𐍂𐌳, 𐌸𐌰𐍂 𐍃𐌰𐌻𐌾𐌰𐌹𐌸, 𐌿𐌽𐍄𐌴 𐌿𐍃𐌲𐌰𐌲𐌲𐌰𐌹𐌸 𐌾𐌰𐌹𐌽𐌸𐍂𐍉.
okay	train_0775_d2	llm_diversify	1	Baptizer	daupjands	𐌳𐌰𐌿𐍀𐌾𐌰𐌽𐌳𐍃	yes	0	daupjands: baptist, baptizer	2	daupjan: baptize, be baptized, become baptized, immerse, wash o.s.	2	taujands: culprit	King Herod heard this, for his name had become known, and he said, "John the Baptizer has risen from the dead, and therefore these powers are at work in him."	jah gahausida þiudans Herodes, swikunþ allis warþ namo is, jah qaþ þatei Iohannis sa daupjands us dauþaim urrais, jah duþþe waurkjand þos mahteis in imma.	𐌾𐌰𐌷 𐌲𐌰𐌷𐌰𐌿𐍃𐌹𐌳𐌰 𐌸𐌹𐌿𐌳𐌰𐌽𐍃 𐌷𐌴𐍂𐍉𐌳𐌴𐍃, 𐍃𐍅𐌹𐌺𐌿𐌽𐌸 𐌰𐌻𐌻𐌹𐍃 𐍅𐌰𐍂𐌸 𐌽𐌰𐌼𐍉 𐌹𐍃, 𐌾𐌰𐌷 𐌵𐌰𐌸 𐌸𐌰𐍄𐌴𐌹 𐌹𐍉𐌷𐌰𐌽𐌽𐌹𐍃 𐍃𐌰 𐌳𐌰𐌿𐍀𐌾𐌰𐌽𐌳𐍃 𐌿𐍃 𐌳𐌰𐌿𐌸𐌰𐌹𐌼 𐌿𐍂𐍂𐌰𐌹𐍃, 𐌾𐌰𐌷 𐌳𐌿𐌸𐌸𐌴 𐍅𐌰𐌿𐍂𐌺𐌾𐌰𐌽𐌳 𐌸𐍉𐍃 𐌼𐌰𐌷𐍄𐌴𐌹𐍃 𐌹𐌽 𐌹𐌼𐌼𐌰.
okay	train_0809_d0	llm_diversify	1	escape notice	galaugnjan	𐌲𐌰𐌻𐌰𐌿𐌲𐌽𐌾𐌰𐌽	yes	0	galaugnjan: be hidden, be undiscovered, conceal (V.), escape detection, ...	2	laugnjan: cover up, declare untrue, deny, disclaim, falsify, give a fa...	2	gahaunjan: abase, humble (V.), humiliate, make low	From there he arose, and went away into the borders of Tyre and Sidon. He entered into a house, and didn't want anyone to know it, but he couldn't escape notice.	jah jainþro usstandands galaiþ in markos Twre jah Seidone jah galeiþands in gard ni wilda witan mannan jah ni mahta galaugnjan.	𐌾𐌰𐌷 𐌾𐌰𐌹𐌽𐌸𐍂𐍉 𐌿𐍃𐍃𐍄𐌰𐌽𐌳𐌰𐌽𐌳𐍃 𐌲𐌰𐌻𐌰𐌹𐌸 𐌹𐌽 𐌼𐌰𐍂𐌺𐍉𐍃 𐍄𐍅𐍂𐌴 𐌾𐌰𐌷 𐍃𐌴𐌹𐌳𐍉𐌽𐌴 𐌾𐌰𐌷 𐌲𐌰𐌻𐌴𐌹𐌸𐌰𐌽𐌳𐍃 𐌹𐌽 𐌲𐌰𐍂𐌳 𐌽𐌹 𐍅𐌹𐌻𐌳𐌰 𐍅𐌹𐍄𐌰𐌽 𐌼𐌰𐌽𐌽𐌰𐌽 𐌾𐌰𐌷 𐌽𐌹 𐌼𐌰𐌷𐍄𐌰 𐌲𐌰𐌻𐌰𐌿𐌲𐌽𐌾𐌰𐌽.
okay	train_0817_d0	llm_diversify	1	privately	sundro	𐍃𐌿𐌽𐌳𐍂𐍉	yes	0	sundrō: alone, apart, asunder (Adv.), individually, privately, separ...	2	undarō: beneath, under	2	mundrs: having an objective in mind, motivated	He took him aside from the multitude, privately, and put his fingers into his ears, and he spat, and touched his tongue.	jah afnimands ina af managein sundro, lagida figgrans seinans in ausona imma jah spewands attaitok tuggon is	𐌾𐌰𐌷 𐌰𐍆𐌽𐌹𐌼𐌰𐌽𐌳𐍃 𐌹𐌽𐌰 𐌰𐍆 𐌼𐌰𐌽𐌰𐌲𐌴𐌹𐌽 𐍃𐌿𐌽𐌳𐍂𐍉, 𐌻𐌰𐌲𐌹𐌳𐌰 𐍆𐌹𐌲𐌲𐍂𐌰𐌽𐍃 𐍃𐌴𐌹𐌽𐌰𐌽𐍃 𐌹𐌽 𐌰𐌿𐍃𐍉𐌽𐌰 𐌹𐌼𐌼𐌰 𐌾𐌰𐌷 𐍃𐍀𐌴𐍅𐌰𐌽𐌳𐍃 𐌰𐍄𐍄𐌰𐌹𐍄𐍉𐌺 𐍄𐌿𐌲𐌲𐍉𐌽 𐌹𐍃
okay	train_0845_d1	llm_diversify	1	rise	usstandan	𐌿𐍃𐍃𐍄𐌰𐌽𐌳𐌰𐌽	yes	0	usstandan: arise, emerge, proceed out, rise up, stand up	2	gastandan: abide, assume proper state, come to a halt, come to a standi...	2	atstandan: be near, come to, come to stand near, stand adjacently, stan...	He began to teach them that the Son of Man must suffer many things, and be rejected by the elders, the chief priests, and the scribes, and be killed, and after three days rise again.	jah dugann laisjan ins þatei skal sunus mans filu winnan jah uskiusan skulds ist fram þaim sinistam jah þaim auhumistam gudjam jah bokarjam jah usqiman jah afar þrins dagans usstandan.	𐌾𐌰𐌷 𐌳𐌿𐌲𐌰𐌽𐌽 𐌻𐌰𐌹𐍃𐌾𐌰𐌽 𐌹𐌽𐍃 𐌸𐌰𐍄𐌴𐌹 𐍃𐌺𐌰𐌻 𐍃𐌿𐌽𐌿𐍃 𐌼𐌰𐌽𐍃 𐍆𐌹𐌻𐌿 𐍅𐌹𐌽𐌽𐌰𐌽 𐌾𐌰𐌷 𐌿𐍃𐌺𐌹𐌿𐍃𐌰𐌽 𐍃𐌺𐌿𐌻𐌳𐍃 𐌹𐍃𐍄 𐍆𐍂𐌰𐌼 𐌸𐌰𐌹𐌼 𐍃𐌹𐌽𐌹𐍃𐍄𐌰𐌼 𐌾𐌰𐌷 𐌸𐌰𐌹𐌼 𐌰𐌿𐌷𐌿𐌼𐌹𐍃𐍄𐌰𐌼 𐌲𐌿𐌳𐌾𐌰𐌼 𐌾𐌰𐌷 𐌱𐍉𐌺𐌰𐍂𐌾𐌰𐌼 𐌾𐌰𐌷 𐌿𐍃𐌵𐌹𐌼𐌰𐌽 𐌾𐌰𐌷 𐌰𐍆𐌰𐍂 𐌸𐍂𐌹𐌽𐍃 𐌳𐌰𐌲𐌰𐌽𐍃 𐌿𐍃𐍃𐍄𐌰𐌽𐌳𐌰𐌽.
okay	train_0853_d1	llm_diversify	1	privately	sundro	𐍃𐌿𐌽𐌳𐍂𐍉	yes	0	sundrō: alone, apart, asunder (Adv.), individually, privately, separ...	2	undarō: beneath, under	2	mundrs: having an objective in mind, motivated	After six days Jesus took with him Peter, James, and John, and brought them up onto a high mountain privately by themselves, and he was changed into another form in front of them.	jah afar dagans saihs ganam Iesus Paitru jah Iakobu jah Iohannen jah ustauh ins ana fairguni hauh sundro ainans: jah inmaidida sik in andwairþja ize.	𐌾𐌰𐌷 𐌰𐍆𐌰𐍂 𐌳𐌰𐌲𐌰𐌽𐍃 𐍃𐌰𐌹𐌷𐍃 𐌲𐌰𐌽𐌰𐌼 𐌹𐌴𐍃𐌿𐍃 𐍀𐌰𐌹𐍄𐍂𐌿 𐌾𐌰𐌷 𐌹𐌰𐌺𐍉𐌱𐌿 𐌾𐌰𐌷 𐌹𐍉𐌷𐌰𐌽𐌽𐌴𐌽 𐌾𐌰𐌷 𐌿𐍃𐍄𐌰𐌿𐌷 𐌹𐌽𐍃 𐌰𐌽𐌰 𐍆𐌰𐌹𐍂𐌲𐌿𐌽𐌹 𐌷𐌰𐌿𐌷 𐍃𐌿𐌽𐌳𐍂𐍉 𐌰𐌹𐌽𐌰𐌽𐍃: 𐌾𐌰𐌷 𐌹𐌽𐌼𐌰𐌹𐌳𐌹𐌳𐌰 𐍃𐌹𐌺 𐌹𐌽 𐌰𐌽𐌳𐍅𐌰𐌹𐍂𐌸𐌾𐌰 𐌹𐌶𐌴.
okay	train_0874_d0	llm_diversify	1	privately	sundro	𐍃𐌿𐌽𐌳𐍂𐍉	yes	0	sundrō: alone, apart, asunder (Adv.), individually, privately, separ...	2	undarō: beneath, under	2	mundrs: having an objective in mind, motivated	When he had come into the house, his disciples asked him privately, "Why couldn't we cast it out?"	jah galeiþandan ina in gard, siponjos is frehun ina sundro: duhve weis ni mahtedum usdreiban þana?	𐌾𐌰𐌷 𐌲𐌰𐌻𐌴𐌹𐌸𐌰𐌽𐌳𐌰𐌽 𐌹𐌽𐌰 𐌹𐌽 𐌲𐌰𐍂𐌳, 𐍃𐌹𐍀𐍉𐌽𐌾𐍉𐍃 𐌹𐍃 𐍆𐍂𐌴𐌷𐌿𐌽 𐌹𐌽𐌰 𐍃𐌿𐌽𐌳𐍂𐍉: 𐌳𐌿𐍈𐌴 𐍅𐌴𐌹𐍃 𐌽𐌹 𐌼𐌰𐌷𐍄𐌴𐌳𐌿𐌼 𐌿𐍃𐌳𐍂𐌴𐌹𐌱𐌰𐌽 𐌸𐌰𐌽𐌰?
okay	train_0874_d1	llm_diversify	1	cast out	usdreiban	𐌿𐍃𐌳𐍂𐌴𐌹𐌱𐌰𐌽	yes	0	usdreiban: drive out, expel	2	dreiban: compel to go, drive (V.)	3	streikan: make a stroke, rub (V.), stroke (V.)	When he had come into the house, his disciples asked him privately, "Why couldn't we cast it out?"	jah galeiþandan ina in gard, siponjos is frehun ina sundro: duhve weis ni mahtedum usdreiban þana?	𐌾𐌰𐌷 𐌲𐌰𐌻𐌴𐌹𐌸𐌰𐌽𐌳𐌰𐌽 𐌹𐌽𐌰 𐌹𐌽 𐌲𐌰𐍂𐌳, 𐍃𐌹𐍀𐍉𐌽𐌾𐍉𐍃 𐌹𐍃 𐍆𐍂𐌴𐌷𐌿𐌽 𐌹𐌽𐌰 𐍃𐌿𐌽𐌳𐍂𐍉: 𐌳𐌿𐍈𐌴 𐍅𐌴𐌹𐍃 𐌽𐌹 𐌼𐌰𐌷𐍄𐌴𐌳𐌿𐌼 𐌿𐍃𐌳𐍂𐌴𐌹𐌱𐌰𐌽 𐌸𐌰𐌽𐌰?
okay	train_0874_d2	llm_diversify	1	privately	sundro	𐍃𐌿𐌽𐌳𐍂𐍉	yes	0	sundrō: alone, apart, asunder (Adv.), individually, privately, separ...	2	undarō: beneath, under	2	mundrs: having an objective in mind, motivated	When he had come into the house, his disciples asked him privately, "Why couldn't we cast it out?"	jah galeiþandan ina in gard, siponjos is frehun ina sundro: duhve weis ni mahtedum usdreiban þana?	𐌾𐌰𐌷 𐌲𐌰𐌻𐌴𐌹𐌸𐌰𐌽𐌳𐌰𐌽 𐌹𐌽𐌰 𐌹𐌽 𐌲𐌰𐍂𐌳, 𐍃𐌹𐍀𐍉𐌽𐌾𐍉𐍃 𐌹𐍃 𐍆𐍂𐌴𐌷𐌿𐌽 𐌹𐌽𐌰 𐍃𐌿𐌽𐌳𐍂𐍉: 𐌳𐌿𐍈𐌴 𐍅𐌴𐌹𐍃 𐌽𐌹 𐌼𐌰𐌷𐍄𐌴𐌳𐌿𐌼 𐌿𐍃𐌳𐍂𐌴𐌹𐌱𐌰𐌽 𐌸𐌰𐌽𐌰?
okay	train_0874_d3	llm_diversify	1	cast out	usdreiban	𐌿𐍃𐌳𐍂𐌴𐌹𐌱𐌰𐌽	yes	0	usdreiban: drive out, expel	2	dreiban: compel to go, drive (V.)	3	streikan: make a stroke, rub (V.), stroke (V.)	When he had come into the house, his disciples asked him privately, "Why couldn't we cast it out?"	jah galeiþandan ina in gard, siponjos is frehun ina sundro: duhve weis ni mahtedum usdreiban þana?	𐌾𐌰𐌷 𐌲𐌰𐌻𐌴𐌹𐌸𐌰𐌽𐌳𐌰𐌽 𐌹𐌽𐌰 𐌹𐌽 𐌲𐌰𐍂𐌳, 𐍃𐌹𐍀𐍉𐌽𐌾𐍉𐍃 𐌹𐍃 𐍆𐍂𐌴𐌷𐌿𐌽 𐌹𐌽𐌰 𐍃𐌿𐌽𐌳𐍂𐍉: 𐌳𐌿𐍈𐌴 𐍅𐌴𐌹𐍃 𐌽𐌹 𐌼𐌰𐌷𐍄𐌴𐌳𐌿𐌼 𐌿𐍃𐌳𐍂𐌴𐌹𐌱𐌰𐌽 𐌸𐌰𐌽𐌰?
okay	train_0874_d4	llm_diversify	1	privately	sundro	𐍃𐌿𐌽𐌳𐍂𐍉	yes	0	sundrō: alone, apart, asunder (Adv.), individually, privately, separ...	2	undarō: beneath, under	2	mundrs: having an objective in mind, motivated	When he had come into the house, his disciples asked him privately, "Why couldn't we cast it out?"	jah galeiþandan ina in gard, siponjos is frehun ina sundro: duhve weis ni mahtedum usdreiban þana?	𐌾𐌰𐌷 𐌲𐌰𐌻𐌴𐌹𐌸𐌰𐌽𐌳𐌰𐌽 𐌹𐌽𐌰 𐌹𐌽 𐌲𐌰𐍂𐌳, 𐍃𐌹𐍀𐍉𐌽𐌾𐍉𐍃 𐌹𐍃 𐍆𐍂𐌴𐌷𐌿𐌽 𐌹𐌽𐌰 𐍃𐌿𐌽𐌳𐍂𐍉: 𐌳𐌿𐍈𐌴 𐍅𐌴𐌹𐍃 𐌽𐌹 𐌼𐌰𐌷𐍄𐌴𐌳𐌿𐌼 𐌿𐍃𐌳𐍂𐌴𐌹𐌱𐌰𐌽 𐌸𐌰𐌽𐌰?
okay	train_0874_d5	llm_diversify	1	cast out	usdreiban	𐌿𐍃𐌳𐍂𐌴𐌹𐌱𐌰𐌽	yes	0	usdreiban: drive out, expel	2	dreiban: compel to go, drive (V.)	3	streikan: make a stroke, rub (V.), stroke (V.)	When he had come into the house, his disciples asked him privately, "Why couldn't we cast it out?"	jah galeiþandan ina in gard, siponjos is frehun ina sundro: duhve weis ni mahtedum usdreiban þana?	𐌾𐌰𐌷 𐌲𐌰𐌻𐌴𐌹𐌸𐌰𐌽𐌳𐌰𐌽 𐌹𐌽𐌰 𐌹𐌽 𐌲𐌰𐍂𐌳, 𐍃𐌹𐍀𐍉𐌽𐌾𐍉𐍃 𐌹𐍃 𐍆𐍂𐌴𐌷𐌿𐌽 𐌹𐌽𐌰 𐍃𐌿𐌽𐌳𐍂𐍉: 𐌳𐌿𐍈𐌴 𐍅𐌴𐌹𐍃 𐌽𐌹 𐌼𐌰𐌷𐍄𐌴𐌳𐌿𐌼 𐌿𐍃𐌳𐍂𐌴𐌹𐌱𐌰𐌽 𐌸𐌰𐌽𐌰?
okay	train_0878_d0	llm_diversify	1	last	aftumists	𐌰𐍆𐍄𐌿𐌼𐌹𐍃𐍄𐍃	yes	0	aftumists: endmost, final (Adj.), the very last	2	frumists: first, foremost, of first rank	2	auhumists: highest, top, topmost	He sat down, and called the twelve; and he said to them, "If any man wants to be first, he shall be last of all, and servant of all."	jah sitands atwopida þans twalif jah qaþ du im: jabai hvas wili frumists wisan, sijai allaize aftumists jah allaim andbahts.	𐌾𐌰𐌷 𐍃𐌹𐍄𐌰𐌽𐌳𐍃 𐌰𐍄𐍅𐍉𐍀𐌹𐌳𐌰 𐌸𐌰𐌽𐍃 𐍄𐍅𐌰𐌻𐌹𐍆 𐌾𐌰𐌷 𐌵𐌰𐌸 𐌳𐌿 𐌹𐌼: 𐌾𐌰𐌱𐌰𐌹 𐍈𐌰𐍃 𐍅𐌹𐌻𐌹 𐍆𐍂𐌿𐌼𐌹𐍃𐍄𐍃 𐍅𐌹𐍃𐌰𐌽, 𐍃𐌹𐌾𐌰𐌹 𐌰𐌻𐌻𐌰𐌹𐌶𐌴 𐌰𐍆𐍄𐌿𐌼𐌹𐍃𐍄𐍃 𐌾𐌰𐌷 𐌰𐌻𐌻𐌰𐌹𐌼 𐌰𐌽𐌳𐌱𐌰𐌷𐍄𐍃.
okay	train_0934_d0	llm_diversify	1	here	hidre	𐌷𐌹𐌳𐍂𐌴	yes	0	hidrē: hither, to here, to this place	2	hiri: come here, hither	2	ƕadrē: to what place, where to, wither (Adv.)	If anyone asks you, 'Why are you doing this?' say, 'The Lord needs him;' and immediately he will send him back here."	jah jabai hvas iggqis qiþai: duhve þata taujats? qiþaits: þatei frauja þis gairneiþ; jah sunsaiw ina insandeiþ hidre.	𐌾𐌰𐌷 𐌾𐌰𐌱𐌰𐌹 𐍈𐌰𐍃 𐌹𐌲𐌲𐌵𐌹𐍃 𐌵𐌹𐌸𐌰𐌹: 𐌳𐌿𐍈𐌴 𐌸𐌰𐍄𐌰 𐍄𐌰𐌿𐌾𐌰𐍄𐍃? 𐌵𐌹𐌸𐌰𐌹𐍄𐍃: 𐌸𐌰𐍄𐌴𐌹 𐍆𐍂𐌰𐌿𐌾𐌰 𐌸𐌹𐍃 𐌲𐌰𐌹𐍂𐌽𐌴𐌹𐌸; 𐌾𐌰𐌷 𐍃𐌿𐌽𐍃𐌰𐌹𐍅 𐌹𐌽𐌰 𐌹𐌽𐍃𐌰𐌽𐌳𐌴𐌹𐌸 𐌷𐌹𐌳𐍂𐌴.
okay	train_0954_d1	llm_diversify	1	if	jabai	𐌾𐌰𐌱𐌰𐌹	yes	0	jabai: if, whether	2	taban: sacrifice (N.), sacrificial animal	2	daban: be appertinent to, be appropriate to, pertain properly to	Whenever you stand praying, forgive, if you have anything against anyone; so that your Father, who is in heaven, may also forgive you your transgressions.	jah þan standaiþ bidjandans, afletaiþ, jabai hva habaiþ wiþra hvana, ei jah atta izwar sa in himinam afletai izwis missadedins izwaros.	𐌾𐌰𐌷 𐌸𐌰𐌽 𐍃𐍄𐌰𐌽𐌳𐌰𐌹𐌸 𐌱𐌹𐌳𐌾𐌰𐌽𐌳𐌰𐌽𐍃, 𐌰𐍆𐌻𐌴𐍄𐌰𐌹𐌸, 𐌾𐌰𐌱𐌰𐌹 𐍈𐌰 𐌷𐌰𐌱𐌰𐌹𐌸 𐍅𐌹𐌸𐍂𐌰 𐍈𐌰𐌽𐌰, 𐌴𐌹 𐌾𐌰𐌷 𐌰𐍄𐍄𐌰 𐌹𐌶𐍅𐌰𐍂 𐍃𐌰 𐌹𐌽 𐌷𐌹𐌼𐌹𐌽𐌰𐌼 𐌰𐍆𐌻𐌴𐍄𐌰𐌹 𐌹𐌶𐍅𐌹𐍃 𐌼𐌹𐍃𐍃𐌰𐌳𐌴𐌳𐌹𐌽𐍃 𐌹𐌶𐍅𐌰𐍂𐍉𐍃.
okay	train_1003_d1	llm_diversify	1	tender	þlaqus	𐌸𐌻𐌰𐌵𐌿𐍃	yes	0	þlaqus: pliant, supple (Adj.), tender (Adj.)	2	laus: devoid (Adj.), empty (Adj.), free from, void (Adj.)	2	þlaúhs: fleeing (N.), flight (1)	"Now from the fig tree, learn this parable. When the branch has now become tender, and puts forth its leaves, you know that the summer is near;	aþþan af smakkabagma ganimiþ þo gajukon. þan þis juþan asts þlaqus wairþiþ, jah uskeinand laubos, kunnuþ þatei nehva ist asans.	𐌰𐌸𐌸𐌰𐌽 𐌰𐍆 𐍃𐌼𐌰𐌺𐌺𐌰𐌱𐌰𐌲𐌼𐌰 𐌲𐌰𐌽𐌹𐌼𐌹𐌸 𐌸𐍉 𐌲𐌰𐌾𐌿𐌺𐍉𐌽. 𐌸𐌰𐌽 𐌸𐌹𐍃 𐌾𐌿𐌸𐌰𐌽 𐌰𐍃𐍄𐍃 𐌸𐌻𐌰𐌵𐌿𐍃 𐍅𐌰𐌹𐍂𐌸𐌹𐌸, 𐌾𐌰𐌷 𐌿𐍃𐌺𐌴𐌹𐌽𐌰𐌽𐌳 𐌻𐌰𐌿𐌱𐍉𐍃, 𐌺𐌿𐌽𐌽𐌿𐌸 𐌸𐌰𐍄𐌴𐌹 𐌽𐌴𐍈𐌰 𐌹𐍃𐍄 𐌰𐍃𐌰𐌽𐍃.
okay	train_1052_d0	llm_diversify	1	please	fullafahjan	𐍆𐌿𐌻𐌻𐌰𐍆𐌰𐌷𐌾𐌰𐌽	yes	0	fullafahjan: cause to be completely happy, gladden fully, please fully, s...	2	fullafraþjan: be intellectual intact, be of sound mind, have full command ...	4	fulljan: fill (V.), fulfill, overfill (V.)	Pilate, wishing to please the multitude, released Barabbas to them, and handed over Jesus, when he had flogged him, to be crucified.	iþ Peilatus wiljands þizai managein fullafahjan, fralailot im þana Barabban, iþ Iesu atgaf usbliggwands, ei ushramiþs wesi.	𐌹𐌸 𐍀𐌴𐌹𐌻𐌰𐍄𐌿𐍃 𐍅𐌹𐌻𐌾𐌰𐌽𐌳𐍃 𐌸𐌹𐌶𐌰𐌹 𐌼𐌰𐌽𐌰𐌲𐌴𐌹𐌽 𐍆𐌿𐌻𐌻𐌰𐍆𐌰𐌷𐌾𐌰𐌽, 𐍆𐍂𐌰𐌻𐌰𐌹𐌻𐍉𐍄 𐌹𐌼 𐌸𐌰𐌽𐌰 𐌱𐌰𐍂𐌰𐌱𐌱𐌰𐌽, 𐌹𐌸 𐌹𐌴𐍃𐌿 𐌰𐍄𐌲𐌰𐍆 𐌿𐍃𐌱𐌻𐌹𐌲𐌲𐍅𐌰𐌽𐌳𐍃, 𐌴𐌹 𐌿𐍃𐌷𐍂𐌰𐌼𐌹𐌸𐍃 𐍅𐌴𐍃𐌹.
okay	train_1103_d1	llm_diversify	1	adulteress	horinon	𐌷𐍉𐍂𐌹𐌽𐍉𐌽	yes	0	hōrinōn: commit adultery	2	airinōn: be a messenger, be an emissary, negotiate	2	hōrinōnds: adulterous	but I tell you that whoever puts away his wife, except for the cause of sexual immorality, makes her an adulteress; and whoever marries her when she is put away commits adultery.	iþ ik qiþa izwis þatei hvazuh saei afletiþ qen seina, inuh fairina kalkinassaus, taujiþ þo horinon; jah sa ize afsatida liugaiþ, horinoþ.	𐌹𐌸 𐌹𐌺 𐌵𐌹𐌸𐌰 𐌹𐌶𐍅𐌹𐍃 𐌸𐌰𐍄𐌴𐌹 𐍈𐌰𐌶𐌿𐌷 𐍃𐌰𐌴𐌹 𐌰𐍆𐌻𐌴𐍄𐌹𐌸 𐌵𐌴𐌽 𐍃𐌴𐌹𐌽𐌰, 𐌹𐌽𐌿𐌷 𐍆𐌰𐌹𐍂𐌹𐌽𐌰 𐌺𐌰𐌻𐌺𐌹𐌽𐌰𐍃𐍃𐌰𐌿𐍃, 𐍄𐌰𐌿𐌾𐌹𐌸 𐌸𐍉 𐌷𐍉𐍂𐌹𐌽𐍉𐌽; 𐌾𐌰𐌷 𐍃𐌰 𐌹𐌶𐌴 𐌰𐍆𐍃𐌰𐍄𐌹𐌳𐌰 𐌻𐌹𐌿𐌲𐌰𐌹𐌸, 𐌷𐍉𐍂𐌹𐌽𐍉𐌸.
okay	train_1114_d1	llm_diversify	1	just as	swaswe	𐍃𐍅𐌰𐍃𐍅𐌴	yes	0	swaswē: according as, approximately, as just as, as like, like (Adj....	2	swarē: for no reason, futilely, groundless, in vain, purposelessly	3	swau: is it in such a way that, is it thus that, so also	Therefore you shall be perfect, just as your Father in heaven is perfect.	sijaiþ nu jus fullatojai, swaswe atta izwar sa in himinam fullatojis ist.	𐍃𐌹𐌾𐌰𐌹𐌸 𐌽𐌿 𐌾𐌿𐍃 𐍆𐌿𐌻𐌻𐌰𐍄𐍉𐌾𐌰𐌹, 𐍃𐍅𐌰𐍃𐍅𐌴 𐌰𐍄𐍄𐌰 𐌹𐌶𐍅𐌰𐍂 𐍃𐌰 𐌹𐌽 𐌷𐌹𐌼𐌹𐌽𐌰𐌼 𐍆𐌿𐌻𐌻𐌰𐍄𐍉𐌾𐌹𐍃 𐌹𐍃𐍄.
okay	train_1132_d0	llm_diversify	1	moth	malo	𐌼𐌰𐌻𐍉	yes	0	malō: moth	2	bala: horse with a blaze	2	amals: active, brave	"Don't lay up treasures for yourselves on the earth, where moth and rust consume, and where thieves break through and steal;	ni huzdjaiþ izwis huzda ana airþai, þarei malo jah nidwa frawardeiþ, jah þarei þiubos ufgraband jah hlifand.	𐌽𐌹 𐌷𐌿𐌶𐌳𐌾𐌰𐌹𐌸 𐌹𐌶𐍅𐌹𐍃 𐌷𐌿𐌶𐌳𐌰 𐌰𐌽𐌰 𐌰𐌹𐍂𐌸𐌰𐌹, 𐌸𐌰𐍂𐌴𐌹 𐌼𐌰𐌻𐍉 𐌾𐌰𐌷 𐌽𐌹𐌳𐍅𐌰 𐍆𐍂𐌰𐍅𐌰𐍂𐌳𐌴𐌹𐌸, 𐌾𐌰𐌷 𐌸𐌰𐍂𐌴𐌹 𐌸𐌹𐌿𐌱𐍉𐍃 𐌿𐍆𐌲𐍂𐌰𐌱𐌰𐌽𐌳 𐌾𐌰𐌷 𐌷𐌻𐌹𐍆𐌰𐌽𐌳.
okay	train_1132_d1	llm_diversify	1	rust	nidwa	𐌽𐌹𐌳𐍅𐌰	yes	0	nidwa: corrosion, decay, rust (N.)	2	wilwa: robber, strong-arm bandit	2	nēƕa: close (Adv.) (1), in the proximity, near (Adv.), nearby, nig...	"Don't lay up treasures for yourselves on the earth, where moth and rust consume, and where thieves break through and steal;	ni huzdjaiþ izwis huzda ana airþai, þarei malo jah nidwa frawardeiþ, jah þarei þiubos ufgraband jah hlifand.	𐌽𐌹 𐌷𐌿𐌶𐌳𐌾𐌰𐌹𐌸 𐌹𐌶𐍅𐌹𐍃 𐌷𐌿𐌶𐌳𐌰 𐌰𐌽𐌰 𐌰𐌹𐍂𐌸𐌰𐌹, 𐌸𐌰𐍂𐌴𐌹 𐌼𐌰𐌻𐍉 𐌾𐌰𐌷 𐌽𐌹𐌳𐍅𐌰 𐍆𐍂𐌰𐍅𐌰𐍂𐌳𐌴𐌹𐌸, 𐌾𐌰𐌷 𐌸𐌰𐍂𐌴𐌹 𐌸𐌹𐌿𐌱𐍉𐍃 𐌿𐍆𐌲𐍂𐌰𐌱𐌰𐌽𐌳 𐌾𐌰𐌷 𐌷𐌻𐌹𐍆𐌰𐌽𐌳.
okay	train_1159_d1	llm_diversify	1	like	swaswe	𐍃𐍅𐌰𐍃𐍅𐌴	yes	0	swaswē: according as, approximately, as just as, as like, like (Adj....	2	swarē: for no reason, futilely, groundless, in vain, purposelessly	3	swau: is it in such a way that, is it thus that, so also	for he taught them with authority, and not like the scribes.	was auk laisjands ins swe waldufni habands, jah ni swaswe bokarjos.	𐍅𐌰𐍃 𐌰𐌿𐌺 𐌻𐌰𐌹𐍃𐌾𐌰𐌽𐌳𐍃 𐌹𐌽𐍃 𐍃𐍅𐌴 𐍅𐌰𐌻𐌳𐌿𐍆𐌽𐌹 𐌷𐌰𐌱𐌰𐌽𐌳𐍃, 𐌾𐌰𐌷 𐌽𐌹 𐍃𐍅𐌰𐍃𐍅𐌴 𐌱𐍉𐌺𐌰𐍂𐌾𐍉𐍃.
okay	train_1244_d0	llm_diversify	1	more tolerable	(sutizo)	(𐍃𐌿𐍄𐌹𐌶𐍉)	yes	0	sutizō: more endurable	2	sūtis: gentle, mild, moderate (Adj.), yielding	2	sūti: mildness, tranquility	But I tell you, it will be more tolerable for Tyre and Sidon on the day of judgment than for you.	sweþauh qi(þa) (izwis): Twrim jah Seidonim (sutizo) (wa)irþiþ in daga stau(os) (þau) (izwis).	𐍃𐍅𐌴𐌸𐌰𐌿𐌷 𐌵𐌹(𐌸𐌰) (𐌹𐌶𐍅𐌹𐍃): 𐍄𐍅𐍂𐌹𐌼 𐌾𐌰𐌷 𐍃𐌴𐌹𐌳𐍉𐌽𐌹𐌼 (𐍃𐌿𐍄𐌹𐌶𐍉) (𐍅𐌰)𐌹𐍂𐌸𐌹𐌸 𐌹𐌽 𐌳𐌰𐌲𐌰 𐍃𐍄𐌰𐌿(𐍉𐍃) (𐌸𐌰𐌿) (𐌹𐌶𐍅𐌹𐍃).
okay	train_1262_d2	llm_diversify	1	there	jainar	𐌾𐌰𐌹𐌽𐌰𐍂	yes	0	jainar: in that place, in yon place, there	2	kaisar: emperor	2	jainþrō: from that place, from yon place, thence	When he had gone out onto the porch, someone else saw him, and said to those who were there, "This man also was with Jesus of Nazareth."	usgaggandan þan ina in daur, gasahv ina anþara jah qaþ du þaim jainar: jas~sa was miþ Iesua þamma Nazoraiau.	𐌿𐍃𐌲𐌰𐌲𐌲𐌰𐌽𐌳𐌰𐌽 𐌸𐌰𐌽 𐌹𐌽𐌰 𐌹𐌽 𐌳𐌰𐌿𐍂, 𐌲𐌰𐍃𐌰𐍈 𐌹𐌽𐌰 𐌰𐌽𐌸𐌰𐍂𐌰 𐌾𐌰𐌷 𐌵𐌰𐌸 𐌳𐌿 𐌸𐌰𐌹𐌼 𐌾𐌰𐌹𐌽𐌰𐍂: 𐌾𐌰𐍃~𐍃𐌰 𐍅𐌰𐍃 𐌼𐌹𐌸 𐌹𐌴𐍃𐌿𐌰 𐌸𐌰𐌼𐌼𐌰 𐌽𐌰𐌶𐍉𐍂𐌰𐌹𐌰𐌿.
okay	train_1278_d0	llm_diversify	1	governor	kindins	𐌺𐌹𐌽𐌳𐌹𐌽𐍃	yes	0	kindins: ethnarch, governor, ruler	2	kinds: child, clan, kind (N.), lineage, tribe	2	qineins: female (Adj.)	Now Jesus stood before the governor: and the governor asked him, saying, "Are you the King of the Jews?" Jesus said to him, "So you say."	iþ Iesus stoþ faura kindina, jah frah ina sa kindins qiþands: þu is þiudans Iudaie? iþ Iesus qaþ du imma: þu qiþis.	𐌹𐌸 𐌹𐌴𐍃𐌿𐍃 𐍃𐍄𐍉𐌸 𐍆𐌰𐌿𐍂𐌰 𐌺𐌹𐌽𐌳𐌹𐌽𐌰, 𐌾𐌰𐌷 𐍆𐍂𐌰𐌷 𐌹𐌽𐌰 𐍃𐌰 𐌺𐌹𐌽𐌳𐌹𐌽𐍃 𐌵𐌹𐌸𐌰𐌽𐌳𐍃: 𐌸𐌿 𐌹𐍃 𐌸𐌹𐌿𐌳𐌰𐌽𐍃 𐌹𐌿𐌳𐌰𐌹𐌴? 𐌹𐌸 𐌹𐌴𐍃𐌿𐍃 𐌵𐌰𐌸 𐌳𐌿 𐌹𐌼𐌼𐌰: 𐌸𐌿 𐌵𐌹𐌸𐌹𐍃.
okay	train_1278_d1	llm_diversify	1	governor	kindins	𐌺𐌹𐌽𐌳𐌹𐌽𐍃	yes	0	kindins: ethnarch, governor, ruler	2	kinds: child, clan, kind (N.), lineage, tribe	2	qineins: female (Adj.)	Now Jesus stood before the governor: and the governor asked him, saying, "Are you the King of the Jews?" Jesus said to him, "So you say."	iþ Iesus stoþ faura kindina, jah frah ina sa kindins qiþands: þu is þiudans Iudaie? iþ Iesus qaþ du imma: þu qiþis.	𐌹𐌸 𐌹𐌴𐍃𐌿𐍃 𐍃𐍄𐍉𐌸 𐍆𐌰𐌿𐍂𐌰 𐌺𐌹𐌽𐌳𐌹𐌽𐌰, 𐌾𐌰𐌷 𐍆𐍂𐌰𐌷 𐌹𐌽𐌰 𐍃𐌰 𐌺𐌹𐌽𐌳𐌹𐌽𐍃 𐌵𐌹𐌸𐌰𐌽𐌳𐍃: 𐌸𐌿 𐌹𐍃 𐌸𐌹𐌿𐌳𐌰𐌽𐍃 𐌹𐌿𐌳𐌰𐌹𐌴? 𐌹𐌸 𐌹𐌴𐍃𐌿𐍃 𐌵𐌰𐌸 𐌳𐌿 𐌹𐌼𐌼𐌰: 𐌸𐌿 𐌵𐌹𐌸𐌹𐍃.
okay	train_1278_d3	llm_diversify	1	governor	kindins	𐌺𐌹𐌽𐌳𐌹𐌽𐍃	yes	0	kindins: ethnarch, governor, ruler	2	kinds: child, clan, kind (N.), lineage, tribe	2	qineins: female (Adj.)	Now Jesus stood before the governor: and the governor asked him, saying, "Are you the King of the Jews?" Jesus said to him, "So you say."	iþ Iesus stoþ faura kindina, jah frah ina sa kindins qiþands: þu is þiudans Iudaie? iþ Iesus qaþ du imma: þu qiþis.	𐌹𐌸 𐌹𐌴𐍃𐌿𐍃 𐍃𐍄𐍉𐌸 𐍆𐌰𐌿𐍂𐌰 𐌺𐌹𐌽𐌳𐌹𐌽𐌰, 𐌾𐌰𐌷 𐍆𐍂𐌰𐌷 𐌹𐌽𐌰 𐍃𐌰 𐌺𐌹𐌽𐌳𐌹𐌽𐍃 𐌵𐌹𐌸𐌰𐌽𐌳𐍃: 𐌸𐌿 𐌹𐍃 𐌸𐌹𐌿𐌳𐌰𐌽𐍃 𐌹𐌿𐌳𐌰𐌹𐌴? 𐌹𐌸 𐌹𐌴𐍃𐌿𐍃 𐌵𐌰𐌸 𐌳𐌿 𐌹𐌼𐌼𐌰: 𐌸𐌿 𐌵𐌹𐌸𐌹𐍃.
okay	train_0216_d1	llm_diversify	1	Sabbath	sabbato	𐍃𐌰𐌱𐌱𐌰𐍄𐍉	yes	0	sabbatō: Sabbath, Saturday	3	abba: father	3	saban: fine linen	The scribes and the Pharisees watched him, to see whether he would heal on the Sabbath, that they might find an accusation against him.	witaidedunuh þan þai bokarjos jah Fareisaieis, jau in sabbato daga leikinodedi, ei bigeteina til du wrohjan ina.	𐍅𐌹𐍄𐌰𐌹𐌳𐌴𐌳𐌿𐌽𐌿𐌷 𐌸𐌰𐌽 𐌸𐌰𐌹 𐌱𐍉𐌺𐌰𐍂𐌾𐍉𐍃 𐌾𐌰𐌷 𐍆𐌰𐍂𐌴𐌹𐍃𐌰𐌹𐌴𐌹𐍃, 𐌾𐌰𐌿 𐌹𐌽 𐍃𐌰𐌱𐌱𐌰𐍄𐍉 𐌳𐌰𐌲𐌰 𐌻𐌴𐌹𐌺𐌹𐌽𐍉𐌳𐌴𐌳𐌹, 𐌴𐌹 𐌱𐌹𐌲𐌴𐍄𐌴𐌹𐌽𐌰 𐍄𐌹𐌻 𐌳𐌿 𐍅𐍂𐍉𐌷𐌾𐌰𐌽 𐌹𐌽𐌰.
okay	train_0466_d0	llm_diversify	1	far off	fairraþro	𐍆𐌰𐌹𐍂𐍂𐌰𐌸𐍂𐍉	yes	0	faírraþrō: from a great distance, from a long way off, from afar	3	faírra: afar, at a great distance, far off, remote	4	iupaþrō: from above	In Hades, he lifted up his eyes, being in torment, and saw Abraham far off, and Lazarus at his bosom.	jah in haljai ushafjands augona seina wisands in balweinim gasahv þan Abraham fairraþro jah Lazzaru in barmim is.	𐌾𐌰𐌷 𐌹𐌽 𐌷𐌰𐌻𐌾𐌰𐌹 𐌿𐍃𐌷𐌰𐍆𐌾𐌰𐌽𐌳𐍃 𐌰𐌿𐌲𐍉𐌽𐌰 𐍃𐌴𐌹𐌽𐌰 𐍅𐌹𐍃𐌰𐌽𐌳𐍃 𐌹𐌽 𐌱𐌰𐌻𐍅𐌴𐌹𐌽𐌹𐌼 𐌲𐌰𐍃𐌰𐍈 𐌸𐌰𐌽 𐌰𐌱𐍂𐌰𐌷𐌰𐌼 𐍆𐌰𐌹𐍂𐍂𐌰𐌸𐍂𐍉 𐌾𐌰𐌷 𐌻𐌰𐌶𐌶𐌰𐍂𐌿 𐌹𐌽 𐌱𐌰𐍂𐌼𐌹𐌼 𐌹𐍃.
okay	train_1070_d1	llm_diversify	1	afar	fairraþro	𐍆𐌰𐌹𐍂𐍂𐌰𐌸𐍂𐍉	yes	0	faírraþrō: from a great distance, from a long way off, from afar	3	faírra: afar, at a great distance, far off, remote	4	iupaþrō: from above	There were also women watching from afar, among whom were both Mary Magdalene, and Mary the mother of James the less and of Joses, and Salome;	wesunuþ~þan qinons fairraþro saihvandeins, in þaimei was Marja so Magdalene jah Marja Iakobis þis minnizins jah Iosezis aiþei jah Salome.	𐍅𐌴𐍃𐌿𐌽𐌿𐌸~𐌸𐌰𐌽 𐌵𐌹𐌽𐍉𐌽𐍃 𐍆𐌰𐌹𐍂𐍂𐌰𐌸𐍂𐍉 𐍃𐌰𐌹𐍈𐌰𐌽𐌳𐌴𐌹𐌽𐍃, 𐌹𐌽 𐌸𐌰𐌹𐌼𐌴𐌹 𐍅𐌰𐍃 𐌼𐌰𐍂𐌾𐌰 𐍃𐍉 𐌼𐌰𐌲𐌳𐌰𐌻𐌴𐌽𐌴 𐌾𐌰𐌷 𐌼𐌰𐍂𐌾𐌰 𐌹𐌰𐌺𐍉𐌱𐌹𐍃 𐌸𐌹𐍃 𐌼𐌹𐌽𐌽𐌹𐌶𐌹𐌽𐍃 𐌾𐌰𐌷 𐌹𐍉𐍃𐌴𐌶𐌹𐍃 𐌰𐌹𐌸𐌴𐌹 𐌾𐌰𐌷 𐍃𐌰𐌻𐍉𐌼𐌴.
okay	train_1105_d0	llm_diversify	1	footstool	fotubaurd	𐍆𐍉𐍄𐌿𐌱𐌰𐌿𐍂𐌳	yes	0	fōtubaūrd: board for resting the feet, footstool	3	fōtubandi: foot shackle, foot-bonds, leg chains	4	baúrd: board (N.), edge, ledge	nor by the earth, for it is the footstool of his feet; nor by Jerusalem, for it is the city of the great King.	nih bi airþai, unte fotubaurd ist fotiwe is; nih bi Iairusaulwmai, unte baurgs ist þis mikilins þiudanis;	𐌽𐌹𐌷 𐌱𐌹 𐌰𐌹𐍂𐌸𐌰𐌹, 𐌿𐌽𐍄𐌴 𐍆𐍉𐍄𐌿𐌱𐌰𐌿𐍂𐌳 𐌹𐍃𐍄 𐍆𐍉𐍄𐌹𐍅𐌴 𐌹𐍃; 𐌽𐌹𐌷 𐌱𐌹 𐌹𐌰𐌹𐍂𐌿𐍃𐌰𐌿𐌻𐍅𐌼𐌰𐌹, 𐌿𐌽𐍄𐌴 𐌱𐌰𐌿𐍂𐌲𐍃 𐌹𐍃𐍄 𐌸𐌹𐍃 𐌼𐌹𐌺𐌹𐌻𐌹𐌽𐍃 𐌸𐌹𐌿𐌳𐌰𐌽𐌹𐍃;
okay	train_0765_d1	llm_diversify	1	synagogue	swnagoge	𐍃𐍅𐌽𐌰𐌲𐍉𐌲𐌴	yes	0	swnagōgē: synagogue	4	swaswē: according as, approximately, as just as, as like, like (Adj....	4	wagga: cheek	When the Sabbath had come, he began to teach in the synagogue, and many hearing him were astonished, saying, "Where did this man get these things?" and, "What is the wisdom that is given to this man, that such mighty works come about by his hands?	jah biþe warþ sabbato, dugann in swnagoge laisjan, jah managai hausjandans sildaleikidedun qiþandans: hvaþro þamma þata, jah hvo so handugeino so gibano imma, ei mahteis swaleikos þairh handuns is wairþand?	𐌾𐌰𐌷 𐌱𐌹𐌸𐌴 𐍅𐌰𐍂𐌸 𐍃𐌰𐌱𐌱𐌰𐍄𐍉, 𐌳𐌿𐌲𐌰𐌽𐌽 𐌹𐌽 𐍃𐍅𐌽𐌰𐌲𐍉𐌲𐌴 𐌻𐌰𐌹𐍃𐌾𐌰𐌽, 𐌾𐌰𐌷 𐌼𐌰𐌽𐌰𐌲𐌰𐌹 𐌷𐌰𐌿𐍃𐌾𐌰𐌽𐌳𐌰𐌽𐍃 𐍃𐌹𐌻𐌳𐌰𐌻𐌴𐌹𐌺𐌹𐌳𐌴𐌳𐌿𐌽 𐌵𐌹𐌸𐌰𐌽𐌳𐌰𐌽𐍃: 𐍈𐌰𐌸𐍂𐍉 𐌸𐌰𐌼𐌼𐌰 𐌸𐌰𐍄𐌰, 𐌾𐌰𐌷 𐍈𐍉 𐍃𐍉 𐌷𐌰𐌽𐌳𐌿𐌲𐌴𐌹𐌽𐍉 𐍃𐍉 𐌲𐌹𐌱𐌰𐌽𐍉 𐌹𐌼𐌼𐌰, 𐌴𐌹 𐌼𐌰𐌷𐍄𐌴𐌹𐍃 𐍃𐍅𐌰𐌻𐌴𐌹𐌺𐍉𐍃 𐌸𐌰𐌹𐍂𐌷 𐌷𐌰𐌽𐌳𐌿𐌽𐍃 𐌹𐍃 𐍅𐌰𐌹𐍂𐌸𐌰𐌽𐌳?
okay	train_0950_d0	llm_diversify	1	fig tree	smakkabagms	𐍃𐌼𐌰𐌺𐌺𐌰𐌱𐌰𐌲𐌼𐍃	yes	0	smakkabagms: fig-tree	4	baírabagms: bearberry tree, mulberry tree	4	peikabagms: date palm, palm tree	Peter, remembering, said to him, "Rabbi, look! The fig tree which you cursed has withered away."	jah gamunands Paitrus qaþ du imma: rabbei, sai, smakkabagms þanei fraqast gaþaursnoda.	𐌾𐌰𐌷 𐌲𐌰𐌼𐌿𐌽𐌰𐌽𐌳𐍃 𐍀𐌰𐌹𐍄𐍂𐌿𐍃 𐌵𐌰𐌸 𐌳𐌿 𐌹𐌼𐌼𐌰: 𐍂𐌰𐌱𐌱𐌴𐌹, 𐍃𐌰𐌹, 𐍃𐌼𐌰𐌺𐌺𐌰𐌱𐌰𐌲𐌼𐍃 𐌸𐌰𐌽𐌴𐌹 𐍆𐍂𐌰𐌵𐌰𐍃𐍄 𐌲𐌰𐌸𐌰𐌿𐍂𐍃𐌽𐍉𐌳𐌰.
okay	train_0125_d1	llm_diversify	1	tetrarch	taitrarkes	𐍄𐌰𐌹𐍄𐍂𐌰𐍂𐌺𐌴𐍃	yes	0	taítrarkēs: ruler of one of the quarters into which a country or provinc...	5	tilarēþs: aiming advice	5	ainakls: alone, lonely, solitary (Adj.), standing alone	but Herod the tetrarch, being reproved by him for Herodias, his brother's wife, and for all the evil things which Herod had done,	iþ Herodes sa taitrarkes gasakans fram imma bi Herodiadein, qen broþrs is, jah bi alla þoei gawaurhta ubila Herodes.	𐌹𐌸 𐌷𐌴𐍂𐍉𐌳𐌴𐍃 𐍃𐌰 𐍄𐌰𐌹𐍄𐍂𐌰𐍂𐌺𐌴𐍃 𐌲𐌰𐍃𐌰𐌺𐌰𐌽𐍃 𐍆𐍂𐌰𐌼 𐌹𐌼𐌼𐌰 𐌱𐌹 𐌷𐌴𐍂𐍉𐌳𐌹𐌰𐌳𐌴𐌹𐌽, 𐌵𐌴𐌽 𐌱𐍂𐍉𐌸𐍂𐍃 𐌹𐍃, 𐌾𐌰𐌷 𐌱𐌹 𐌰𐌻𐌻𐌰 𐌸𐍉𐌴𐌹 𐌲𐌰𐍅𐌰𐌿𐍂𐌷𐍄𐌰 𐌿𐌱𐌹𐌻𐌰 𐌷𐌴𐍂𐍉𐌳𐌴𐍃.
okay	train_0534_d0	llm_diversify	1	today	himma daga	𐌷𐌹𐌼𐌼𐌰 𐌳𐌰𐌲𐌰	yes	0	himma daga: today	5	þamma tōja: in this action	5	hindana: behind, beyond, in back of, on the far side of, on the yon s...	Jesus said to him, "Today, salvation has come to this house, because he also is a son of Abraham.	qaþ þan du imma Iesus þatei himma daga naseins þamma garda warþ, unte jah sa sunus Abrahamis ist;	𐌵𐌰𐌸 𐌸𐌰𐌽 𐌳𐌿 𐌹𐌼𐌼𐌰 𐌹𐌴𐍃𐌿𐍃 𐌸𐌰𐍄𐌴𐌹 𐌷𐌹𐌼𐌼𐌰 𐌳𐌰𐌲𐌰 𐌽𐌰𐍃𐌴𐌹𐌽𐍃 𐌸𐌰𐌼𐌼𐌰 𐌲𐌰𐍂𐌳𐌰 𐍅𐌰𐍂𐌸, 𐌿𐌽𐍄𐌴 𐌾𐌰𐌷 𐍃𐌰 𐍃𐌿𐌽𐌿𐍃 𐌰𐌱𐍂𐌰𐌷𐌰𐌼𐌹𐍃 𐌹𐍃𐍄;
okay	train_0283_d0	llm_diversify	1	alabaster jar	alabalstraun	𐌰𐌻𐌰𐌱𐌰𐌻𐍃𐍄𐍂𐌰𐌿𐌽	yes	0	alabalstraún: alabaster flask	6	andastaua: adversary in a lawsuit, legal opponent, opposing litigant	6	andbahtjan: administer, minister (V.), perform, serve	Behold, a woman in the city who was a sinner, when she knew that he was reclining in the Pharisee's house, she brought an alabaster jar of ointment.	þaruh sai, qino in þizai baurg, sei was frawaurhta, jah ufkunnandei þatei anakumbida in razna þis Fareisaiaus, briggandei alabalstraun balsanis	𐌸𐌰𐍂𐌿𐌷 𐍃𐌰𐌹, 𐌵𐌹𐌽𐍉 𐌹𐌽 𐌸𐌹𐌶𐌰𐌹 𐌱𐌰𐌿𐍂𐌲, 𐍃𐌴𐌹 𐍅𐌰𐍃 𐍆𐍂𐌰𐍅𐌰𐌿𐍂𐌷𐍄𐌰, 𐌾𐌰𐌷 𐌿𐍆𐌺𐌿𐌽𐌽𐌰𐌽𐌳𐌴𐌹 𐌸𐌰𐍄𐌴𐌹 𐌰𐌽𐌰𐌺𐌿𐌼𐌱𐌹𐌳𐌰 𐌹𐌽 𐍂𐌰𐌶𐌽𐌰 𐌸𐌹𐍃 𐍆𐌰𐍂𐌴𐌹𐍃𐌰𐌹𐌰𐌿𐍃, 𐌱𐍂𐌹𐌲𐌲𐌰𐌽𐌳𐌴𐌹 𐌰𐌻𐌰𐌱𐌰𐌻𐍃𐍄𐍂𐌰𐌿𐌽 𐌱𐌰𐌻𐍃𐌰𐌽𐌹𐍃
okay	train_0142_d1	llm_diversify	1	become	wairþai	𐍅𐌰𐌹𐍂𐌸𐌰𐌹	yes	1	waírþan: arise, be born, become, come about, come into existence, com...	1	waírþi: value (N.)	2	waírþōn: establish the monetary value of, price (V.), set a price on,...	The devil said to him, "If you are the Son of God, command this stone to become bread."	jah qaþ du imma diabulus: jabai sunaus sijais gudis, qiþ þamma staina ei wairþai hlaibs.	𐌾𐌰𐌷 𐌵𐌰𐌸 𐌳𐌿 𐌹𐌼𐌼𐌰 𐌳𐌹𐌰𐌱𐌿𐌻𐌿𐍃: 𐌾𐌰𐌱𐌰𐌹 𐍃𐌿𐌽𐌰𐌿𐍃 𐍃𐌹𐌾𐌰𐌹𐍃 𐌲𐌿𐌳𐌹𐍃, 𐌵𐌹𐌸 𐌸𐌰𐌼𐌼𐌰 𐍃𐍄𐌰𐌹𐌽𐌰 𐌴𐌹 𐍅𐌰𐌹𐍂𐌸𐌰𐌹 𐌷𐌻𐌰𐌹𐌱𐍃.
okay	train_0267_d0	llm_diversify	1	all	alla	𐌰𐌻𐌻𐌰	yes	1	ala: all, the entire, the whole	1	alls: all, all of, every, the entire, the whole	1	alja: but, else than, except, other than, save (Präp.), unless	The disciples of John told him about all these things.	jah gataihun Iohannen siponjos is bi alla þo.	𐌾𐌰𐌷 𐌲𐌰𐍄𐌰𐌹𐌷𐌿𐌽 𐌹𐍉𐌷𐌰𐌽𐌽𐌴𐌽 𐍃𐌹𐍀𐍉𐌽𐌾𐍉𐍃 𐌹𐍃 𐌱𐌹 𐌰𐌻𐌻𐌰 𐌸𐍉.
okay	train_0305_d1	llm_diversify	1	hold	gahaband	𐌲𐌰𐌷𐌰𐌱𐌰𐌽𐌳	yes	1	gahaban: abstain, be continent, hold (V.), hold fast, hold onto, lay ...	1	gahabands: continent (Adj.), self-controlled	2	gadaban: appertain to, be appertinent to, be appropriate to, be suita...	That in the good ground, these are such as in an honest and good heart, having heard the word, hold it tightly, and bring forth fruit with patience.	iþ þata ana þizai godon airþai þai sind þai ize in hairtin godamma jah seljamma gahausjandans þata waurd gahaband jah akran bairand in þulainai.	𐌹𐌸 𐌸𐌰𐍄𐌰 𐌰𐌽𐌰 𐌸𐌹𐌶𐌰𐌹 𐌲𐍉𐌳𐍉𐌽 𐌰𐌹𐍂𐌸𐌰𐌹 𐌸𐌰𐌹 𐍃𐌹𐌽𐌳 𐌸𐌰𐌹 𐌹𐌶𐌴 𐌹𐌽 𐌷𐌰𐌹𐍂𐍄𐌹𐌽 𐌲𐍉𐌳𐌰𐌼𐌼𐌰 𐌾𐌰𐌷 𐍃𐌴𐌻𐌾𐌰𐌼𐌼𐌰 𐌲𐌰𐌷𐌰𐌿𐍃𐌾𐌰𐌽𐌳𐌰𐌽𐍃 𐌸𐌰𐍄𐌰 𐍅𐌰𐌿𐍂𐌳 𐌲𐌰𐌷𐌰𐌱𐌰𐌽𐌳 𐌾𐌰𐌷 𐌰𐌺𐍂𐌰𐌽 𐌱𐌰𐌹𐍂𐌰𐌽𐌳 𐌹𐌽 𐌸𐌿𐌻𐌰𐌹𐌽𐌰𐌹.
okay	train_0319_d0	llm_diversify	1	country	weihsa	𐍅𐌴𐌹𐌷𐍃𐌰	yes	1	weihs: country precinct, hallow (Adj.), holy, rural area, rural ham...	1	weisa: manner (N.), way	1	weiha: priest, sacerdotal official	When those who fed them saw what had happened, they fled, and told it in the city and in the country.	gasaihvandans þan þai haldandans þata waurþano gaþlauhun jah gataihun in baurg jah in weihsa.	𐌲𐌰𐍃𐌰𐌹𐍈𐌰𐌽𐌳𐌰𐌽𐍃 𐌸𐌰𐌽 𐌸𐌰𐌹 𐌷𐌰𐌻𐌳𐌰𐌽𐌳𐌰𐌽𐍃 𐌸𐌰𐍄𐌰 𐍅𐌰𐌿𐍂𐌸𐌰𐌽𐍉 𐌲𐌰𐌸𐌻𐌰𐌿𐌷𐌿𐌽 𐌾𐌰𐌷 𐌲𐌰𐍄𐌰𐌹𐌷𐌿𐌽 𐌹𐌽 𐌱𐌰𐌿𐍂𐌲 𐌾𐌰𐌷 𐌹𐌽 𐍅𐌴𐌹𐌷𐍃𐌰.
okay	train_0377_d0	llm_diversify	1	village	haim	𐌷𐌰𐌹𐌼	yes	1	hais: flambeau, torch (N.)	1	haima: land (N.)	1	haims: rural town, village	For the Son of Man didn't come to destroy men's lives, but to save them." They went to another village.	unte sunus mans ni qam saiwalom qistjan, ak nasjan. jah iddjedun in anþara haim.	𐌿𐌽𐍄𐌴 𐍃𐌿𐌽𐌿𐍃 𐌼𐌰𐌽𐍃 𐌽𐌹 𐌵𐌰𐌼 𐍃𐌰𐌹𐍅𐌰𐌻𐍉𐌼 𐌵𐌹𐍃𐍄𐌾𐌰𐌽, 𐌰𐌺 𐌽𐌰𐍃𐌾𐌰𐌽. 𐌾𐌰𐌷 𐌹𐌳𐌳𐌾𐌴𐌳𐌿𐌽 𐌹𐌽 𐌰𐌽𐌸𐌰𐍂𐌰 𐌷𐌰𐌹𐌼.
okay	train_0397_d0	llm_diversify	1	subject to	ufhausjand	𐌿𐍆𐌷𐌰𐌿𐍃𐌾𐌰𐌽𐌳	yes	1	ufhausjan: heed (V.), listen to submissively, obey	1	ufhausjands: obedient	3	ufdaupjan: baptize, dip (V.)	Nevertheless, don't rejoice in this, that the spirits are subject to you, but rejoice that your names are written in heaven."	sweþauh þamma ni faginoþ, ei þai ahmans izwis ufhausjand: iþ faginod in þammei namna izwara gamelida sind in himinam.	𐍃𐍅𐌴𐌸𐌰𐌿𐌷 𐌸𐌰𐌼𐌼𐌰 𐌽𐌹 𐍆𐌰𐌲𐌹𐌽𐍉𐌸, 𐌴𐌹 𐌸𐌰𐌹 𐌰𐌷𐌼𐌰𐌽𐍃 𐌹𐌶𐍅𐌹𐍃 𐌿𐍆𐌷𐌰𐌿𐍃𐌾𐌰𐌽𐌳: 𐌹𐌸 𐍆𐌰𐌲𐌹𐌽𐍉𐌳 𐌹𐌽 𐌸𐌰𐌼𐌼𐌴𐌹 𐌽𐌰𐌼𐌽𐌰 𐌹𐌶𐍅𐌰𐍂𐌰 𐌲𐌰𐌼𐌴𐌻𐌹𐌳𐌰 𐍃𐌹𐌽𐌳 𐌹𐌽 𐌷𐌹𐌼𐌹𐌽𐌰𐌼.
okay	train_0452_d0	llm_diversify	1	manager	fauragaggjan	𐍆𐌰𐌿𐍂𐌰𐌲𐌰𐌲𐌲𐌾𐌰𐌽	yes	1	faúragaggan: go before, go in front of, govern, precede, preside over	1	faúragaggja: manager, steward, superintendent	2	faúragahugjan: make up one’s mind beforehand, set forth, take an attitude b...	He also said to his disciples, "There was a certain rich man who had a manager. An accusation was made to him that this man was wasting his possessions.	Qaþuþ~þan du siponjam seinaim: manne sums was gabeigs, saei aihta fauragaggjan, jah sa frawrohiþs warþ du imma ei distahidedi aigin is.	𐌵𐌰𐌸𐌿𐌸~𐌸𐌰𐌽 𐌳𐌿 𐍃𐌹𐍀𐍉𐌽𐌾𐌰𐌼 𐍃𐌴𐌹𐌽𐌰𐌹𐌼: 𐌼𐌰𐌽𐌽𐌴 𐍃𐌿𐌼𐍃 𐍅𐌰𐍃 𐌲𐌰𐌱𐌴𐌹𐌲𐍃, 𐍃𐌰𐌴𐌹 𐌰𐌹𐌷𐍄𐌰 𐍆𐌰𐌿𐍂𐌰𐌲𐌰𐌲𐌲𐌾𐌰𐌽, 𐌾𐌰𐌷 𐍃𐌰 𐍆𐍂𐌰𐍅𐍂𐍉𐌷𐌹𐌸𐍃 𐍅𐌰𐍂𐌸 𐌳𐌿 𐌹𐌼𐌼𐌰 𐌴𐌹 𐌳𐌹𐍃𐍄𐌰𐌷𐌹𐌳𐌴𐌳𐌹 𐌰𐌹𐌲𐌹𐌽 𐌹𐍃.
okay	train_0469_d1	llm_diversify	1	repent	idreigo	𐌹𐌳𐍂𐌴𐌹𐌲𐍉	yes	1	idreigōn: be contrite, reform one’s ways, regret (V.), repent (V.)	1	idreiga: contrition, remorse (N.), repentence	1	idreigs: remorseful	If he sins against you seven times in the day, and seven times returns, saying, 'I repent,' you shall forgive him."	jah jabai sibun sinþam ana dag frawaurkjai du þus, jah sibun sinþam ana dag gawandjai sik qiþands: idreigo mik, fraletais imma.	𐌾𐌰𐌷 𐌾𐌰𐌱𐌰𐌹 𐍃𐌹𐌱𐌿𐌽 𐍃𐌹𐌽𐌸𐌰𐌼 𐌰𐌽𐌰 𐌳𐌰𐌲 𐍆𐍂𐌰𐍅𐌰𐌿𐍂𐌺𐌾𐌰𐌹 𐌳𐌿 𐌸𐌿𐍃, 𐌾𐌰𐌷 𐍃𐌹𐌱𐌿𐌽 𐍃𐌹𐌽𐌸𐌰𐌼 𐌰𐌽𐌰 𐌳𐌰𐌲 𐌲𐌰𐍅𐌰𐌽𐌳𐌾𐌰𐌹 𐍃𐌹𐌺 𐌵𐌹𐌸𐌰𐌽𐌳𐍃: 𐌹𐌳𐍂𐌴𐌹𐌲𐍉 𐌼𐌹𐌺, 𐍆𐍂𐌰𐌻𐌴𐍄𐌰𐌹𐍃 𐌹𐌼𐌼𐌰.
okay	train_0574_d0	llm_diversify	1	tell	qiþa	𐌵𐌹𐌸𐌰	yes	1	qiþan: express (V.), give an opinion, say, speak, tell	1	qiþr: stomach	2	niþan: bring into affinity, bring into kinship, help (V.), make kin...	Jesus said to them, "Neither will I tell you by what authority I do these things."	jah Iesus qaþ im: ni ik izwis qiþa, in hvamma waldufnje þata tauja.	𐌾𐌰𐌷 𐌹𐌴𐍃𐌿𐍃 𐌵𐌰𐌸 𐌹𐌼: 𐌽𐌹 𐌹𐌺 𐌹𐌶𐍅𐌹𐍃 𐌵𐌹𐌸𐌰, 𐌹𐌽 𐍈𐌰𐌼𐌼𐌰 𐍅𐌰𐌻𐌳𐌿𐍆𐌽𐌾𐌴 𐌸𐌰𐍄𐌰 𐍄𐌰𐌿𐌾𐌰.
okay	train_0578_d2	llm_diversify	1	send	sandja	𐍃𐌰𐌽𐌳𐌾𐌰	yes	1	sandjan: send, send away	1	bandja: captive (M.), person in bonds, prisoner	1	sanda: sending (N.)	The lord of the vineyard said, 'What shall I do? I will send my beloved son. It may be that seeing him, they will respect him.'	qaþ þan sa frauja þis weinagardis: hva taujau? sandja sunu meinana þana liuban; aufto þana gasaihvandans aistand.	𐌵𐌰𐌸 𐌸𐌰𐌽 𐍃𐌰 𐍆𐍂𐌰𐌿𐌾𐌰 𐌸𐌹𐍃 𐍅𐌴𐌹𐌽𐌰𐌲𐌰𐍂𐌳𐌹𐍃: 𐍈𐌰 𐍄𐌰𐌿𐌾𐌰𐌿? 𐍃𐌰𐌽𐌳𐌾𐌰 𐍃𐌿𐌽𐌿 𐌼𐌴𐌹𐌽𐌰𐌽𐌰 𐌸𐌰𐌽𐌰 𐌻𐌹𐌿𐌱𐌰𐌽; 𐌰𐌿𐍆𐍄𐍉 𐌸𐌰𐌽𐌰 𐌲𐌰𐍃𐌰𐌹𐍈𐌰𐌽𐌳𐌰𐌽𐍃 𐌰𐌹𐍃𐍄𐌰𐌽𐌳.
okay	train_0591_d0	llm_diversify	1	first	frumista	𐍆𐍂𐌿𐌼𐌹𐍃𐍄𐌰	yes	1	frumist: at first, before everything, first of all, firstly	1	frumisti: beginning (N.), outset, start (N.)	1	frumists: first, foremost, of first rank	There were therefore seven brothers. The first took a wife, and died childless.	sibun nu broþrjus wesun, jah sa frumista nimands qen gadauþnoda unbarnahs.	𐍃𐌹𐌱𐌿𐌽 𐌽𐌿 𐌱𐍂𐍉𐌸𐍂𐌾𐌿𐍃 𐍅𐌴𐍃𐌿𐌽, 𐌾𐌰𐌷 𐍃𐌰 𐍆𐍂𐌿𐌼𐌹𐍃𐍄𐌰 𐌽𐌹𐌼𐌰𐌽𐌳𐍃 𐌵𐌴𐌽 𐌲𐌰𐌳𐌰𐌿𐌸𐌽𐍉𐌳𐌰 𐌿𐌽𐌱𐌰𐍂𐌽𐌰𐌷𐍃.
okay	train_0591_d2	llm_diversify	1	first	frumista	𐍆𐍂𐌿𐌼𐌹𐍃𐍄𐌰	yes	1	frumist: at first, before everything, first of all, firstly	1	frumisti: beginning (N.), outset, start (N.)	1	frumists: first, foremost, of first rank	There were therefore seven brothers. The first took a wife, and died childless.	sibun nu broþrjus wesun, jah sa frumista nimands qen gadauþnoda unbarnahs.	𐍃𐌹𐌱𐌿𐌽 𐌽𐌿 𐌱𐍂𐍉𐌸𐍂𐌾𐌿𐍃 𐍅𐌴𐍃𐌿𐌽, 𐌾𐌰𐌷 𐍃𐌰 𐍆𐍂𐌿𐌼𐌹𐍃𐍄𐌰 𐌽𐌹𐌼𐌰𐌽𐌳𐍃 𐌵𐌴𐌽 𐌲𐌰𐌳𐌰𐌿𐌸𐌽𐍉𐌳𐌰 𐌿𐌽𐌱𐌰𐍂𐌽𐌰𐌷𐍃.
okay	train_0596_d0	llm_diversify	1	marry	liugand	𐌻𐌹𐌿𐌲𐌰𐌽𐌳	yes	1	liugan: espouse, lie (1) (V.), marry, speak falsely, take a spouse, ...	1	liugands: mendacious, untruthful	2	ligan: be lying down, lie (2) (V.)	Jesus said to them, "The children of this age marry, and are given in marriage.	jah andhafjands qaþ du im Iesus: þai sunjus þis aiwis liugand jah liuganda;	𐌾𐌰𐌷 𐌰𐌽𐌳𐌷𐌰𐍆𐌾𐌰𐌽𐌳𐍃 𐌵𐌰𐌸 𐌳𐌿 𐌹𐌼 𐌹𐌴𐍃𐌿𐍃: 𐌸𐌰𐌹 𐍃𐌿𐌽𐌾𐌿𐍃 𐌸𐌹𐍃 𐌰𐌹𐍅𐌹𐍃 𐌻𐌹𐌿𐌲𐌰𐌽𐌳 𐌾𐌰𐌷 𐌻𐌹𐌿𐌲𐌰𐌽𐌳𐌰;
okay	train_0596_d1	llm_diversify	1	marry	liugand	𐌻𐌹𐌿𐌲𐌰𐌽𐌳	yes	1	liugan: espouse, lie (1) (V.), marry, speak falsely, take a spouse, ...	1	liugands: mendacious, untruthful	2	ligan: be lying down, lie (2) (V.)	Jesus said to them, "The children of this age marry, and are given in marriage.	jah andhafjands qaþ du im Iesus: þai sunjus þis aiwis liugand jah liuganda;	𐌾𐌰𐌷 𐌰𐌽𐌳𐌷𐌰𐍆𐌾𐌰𐌽𐌳𐍃 𐌵𐌰𐌸 𐌳𐌿 𐌹𐌼 𐌹𐌴𐍃𐌿𐍃: 𐌸𐌰𐌹 𐍃𐌿𐌽𐌾𐌿𐍃 𐌸𐌹𐍃 𐌰𐌹𐍅𐌹𐍃 𐌻𐌹𐌿𐌲𐌰𐌽𐌳 𐌾𐌰𐌷 𐌻𐌹𐌿𐌲𐌰𐌽𐌳𐌰;
okay	train_0615_d0	llm_diversify	1	Good News	aiwaggeljon	𐌰𐌹𐍅𐌰𐌲𐌲𐌴𐌻𐌾𐍉𐌽	yes	1	aíwaggēljō: evangel, good tidings, gospel	1	aíwaggēljan: evangelize, spread the gospel	3	aíwaggēli: evangel, good tidings, gospel	Now after John was taken into custody, Jesus came into Galilee, preaching the Good News of the Kingdom of God,	iþ afar þatei atgibans warþ Iohannes, qam Iesus in Galeilaia merjands aiwaggeljon þiudangardjos gudis,	𐌹𐌸 𐌰𐍆𐌰𐍂 𐌸𐌰𐍄𐌴𐌹 𐌰𐍄𐌲𐌹𐌱𐌰𐌽𐍃 𐍅𐌰𐍂𐌸 𐌹𐍉𐌷𐌰𐌽𐌽𐌴𐍃, 𐌵𐌰𐌼 𐌹𐌴𐍃𐌿𐍃 𐌹𐌽 𐌲𐌰𐌻𐌴𐌹𐌻𐌰𐌹𐌰 𐌼𐌴𐍂𐌾𐌰𐌽𐌳𐍃 𐌰𐌹𐍅𐌰𐌲𐌲𐌴𐌻𐌾𐍉𐌽 𐌸𐌹𐌿𐌳𐌰𐌽𐌲𐌰𐍂𐌳𐌾𐍉𐍃 𐌲𐌿𐌳𐌹𐍃,
okay	train_0618_d1	llm_diversify	1	make	gatauja	𐌲𐌰𐍄𐌰𐌿𐌾𐌰	yes	1	gataujan: accomplish, achieve doing, bring about, commit, do, effect (...	1	gataúra: rent (N.), tear (N.)	2	gauja: inhabitant of a region, people of a country	Jesus said to them, "Come after me, and I will make you into fishers for men."	jah qaþ im Iesus: hirjats afar mis, jah gatauja igqis wairþan nutans manne.	𐌾𐌰𐌷 𐌵𐌰𐌸 𐌹𐌼 𐌹𐌴𐍃𐌿𐍃: 𐌷𐌹𐍂𐌾𐌰𐍄𐍃 𐌰𐍆𐌰𐍂 𐌼𐌹𐍃, 𐌾𐌰𐌷 𐌲𐌰𐍄𐌰𐌿𐌾𐌰 𐌹𐌲𐌵𐌹𐍃 𐍅𐌰𐌹𐍂𐌸𐌰𐌽 𐌽𐌿𐍄𐌰𐌽𐍃 𐌼𐌰𐌽𐌽𐌴.
okay	train_0634_d0	llm_diversify	1	Let's go	gaggam	𐌲𐌰𐌲𐌲𐌰𐌼	yes	1	gaggan: be on the way to somewhere, come, go (V.), walk (V.)	1	gagga: going person	2	gaggjan: go on a journey, make a journey	He said to them, "Let's go elsewhere into the next towns, that I may preach there also, because I came out for this reason."	jah qaþ du im: gaggam du þaim bisunjane haimom jah baurgim, ei jah jainar merjau, unte duþe qam.	𐌾𐌰𐌷 𐌵𐌰𐌸 𐌳𐌿 𐌹𐌼: 𐌲𐌰𐌲𐌲𐌰𐌼 𐌳𐌿 𐌸𐌰𐌹𐌼 𐌱𐌹𐍃𐌿𐌽𐌾𐌰𐌽𐌴 𐌷𐌰𐌹𐌼𐍉𐌼 𐌾𐌰𐌷 𐌱𐌰𐌿𐍂𐌲𐌹𐌼, 𐌴𐌹 𐌾𐌰𐌷 𐌾𐌰𐌹𐌽𐌰𐍂 𐌼𐌴𐍂𐌾𐌰𐌿, 𐌿𐌽𐍄𐌴 𐌳𐌿𐌸𐌴 𐌵𐌰𐌼.
okay	train_0716_d0	llm_diversify	1	liken	galeikom	𐌲𐌰𐌻𐌴𐌹𐌺𐍉𐌼	yes	1	galeikōn: be like, become like, compare, conform to, imitate, liken (V...	1	galeikō: similarly	2	galeiki: like form, likeness, replica, resemblance, similar appearanc...	He said, "How will we liken the Kingdom of God? Or with what parable will we illustrate it?	jah qaþ: hve galeikom þiudangardja gudis, aiþþau in hvileikai gajukon gabairam þo?	𐌾𐌰𐌷 𐌵𐌰𐌸: 𐍈𐌴 𐌲𐌰𐌻𐌴𐌹𐌺𐍉𐌼 𐌸𐌹𐌿𐌳𐌰𐌽𐌲𐌰𐍂𐌳𐌾𐌰 𐌲𐌿𐌳𐌹𐍃, 𐌰𐌹𐌸𐌸𐌰𐌿 𐌹𐌽 𐍈𐌹𐌻𐌴𐌹𐌺𐌰𐌹 𐌲𐌰𐌾𐌿𐌺𐍉𐌽 𐌲𐌰𐌱𐌰𐌹𐍂𐌰𐌼 𐌸𐍉?
okay	train_0716_d2	llm_diversify	1	liken	galeikom	𐌲𐌰𐌻𐌴𐌹𐌺𐍉𐌼	yes	1	galeikōn: be like, become like, compare, conform to, imitate, liken (V...	1	galeikō: similarly	2	galeiki: like form, likeness, replica, resemblance, similar appearanc...	He said, "How will we liken the Kingdom of God? Or with what parable will we illustrate it?	jah qaþ: hve galeikom þiudangardja gudis, aiþþau in hvileikai gajukon gabairam þo?	𐌾𐌰𐌷 𐌵𐌰𐌸: 𐍈𐌴 𐌲𐌰𐌻𐌴𐌹𐌺𐍉𐌼 𐌸𐌹𐌿𐌳𐌰𐌽𐌲𐌰𐍂𐌳𐌾𐌰 𐌲𐌿𐌳𐌹𐍃, 𐌰𐌹𐌸𐌸𐌰𐌿 𐌹𐌽 𐍈𐌹𐌻𐌴𐌹𐌺𐌰𐌹 𐌲𐌰𐌾𐌿𐌺𐍉𐌽 𐌲𐌰𐌱𐌰𐌹𐍂𐌰𐌼 𐌸𐍉?
okay	train_0723_d0	llm_diversify	1	wind	winda	𐍅𐌹𐌽𐌳𐌰	yes	1	winna: libido, passion, sexual aching	1	winds: air current; lat. ventus, crooked, wind (N.)	1	binda: band, ligament (N.), ligature	He awoke, and rebuked the wind, and said to the sea, "Peace! Be still!" The wind ceased, and there was a great calm.	jah urreisands gasok winda jah qaþ du marein: gaslawai, afdumbn! jah anasilaida sa winds jah warþ wis mikil.	𐌾𐌰𐌷 𐌿𐍂𐍂𐌴𐌹𐍃𐌰𐌽𐌳𐍃 𐌲𐌰𐍃𐍉𐌺 𐍅𐌹𐌽𐌳𐌰 𐌾𐌰𐌷 𐌵𐌰𐌸 𐌳𐌿 𐌼𐌰𐍂𐌴𐌹𐌽: 𐌲𐌰𐍃𐌻𐌰𐍅𐌰𐌹, 𐌰𐍆𐌳𐌿𐌼𐌱𐌽! 𐌾𐌰𐌷 𐌰𐌽𐌰𐍃𐌹𐌻𐌰𐌹𐌳𐌰 𐍃𐌰 𐍅𐌹𐌽𐌳𐍃 𐌾𐌰𐌷 𐍅𐌰𐍂𐌸 𐍅𐌹𐍃 𐌼𐌹𐌺𐌹𐌻.
okay	train_0741_d0	llm_diversify	1	possessed	wods	𐍅𐍉𐌳𐍃	yes	1	wōþs: demoniacal, demonic, demonized, possessed	1	wīds: wide	2	wrōhs: accusation, charge (N.), complaint	As he was entering into the boat, he who had been possessed by demons begged him that he might be with him.	jah inngaggandan ina in skip baþ ina, saei was wods, ei miþ imma wesi.	𐌾𐌰𐌷 𐌹𐌽𐌽𐌲𐌰𐌲𐌲𐌰𐌽𐌳𐌰𐌽 𐌹𐌽𐌰 𐌹𐌽 𐍃𐌺𐌹𐍀 𐌱𐌰𐌸 𐌹𐌽𐌰, 𐍃𐌰𐌴𐌹 𐍅𐌰𐍃 𐍅𐍉𐌳𐍃, 𐌴𐌹 𐌼𐌹𐌸 𐌹𐌼𐌼𐌰 𐍅𐌴𐍃𐌹.
okay	train_0861_d1	llm_diversify	1	must	skuli	𐍃𐌺𐌿𐌻𐌹	yes	1	skuld: debt, permission	1	skula: debtor, guilty person, indebted person, obligated person	2	skulan: be indebted, be obliged, have to, must (V.), owe (V.), shall...	They asked him, saying, "Why do the scribes say that Elijah must come first?"	jah frehun ina qiþandans: unte qiþand þai bokarjos þatei Helias skuli qiman faurþis?	𐌾𐌰𐌷 𐍆𐍂𐌴𐌷𐌿𐌽 𐌹𐌽𐌰 𐌵𐌹𐌸𐌰𐌽𐌳𐌰𐌽𐍃: 𐌿𐌽𐍄𐌴 𐌵𐌹𐌸𐌰𐌽𐌳 𐌸𐌰𐌹 𐌱𐍉𐌺𐌰𐍂𐌾𐍉𐍃 𐌸𐌰𐍄𐌴𐌹 𐌷𐌴𐌻𐌹𐌰𐍃 𐍃𐌺𐌿𐌻𐌹 𐌵𐌹𐌼𐌰𐌽 𐍆𐌰𐌿𐍂𐌸𐌹𐍃?
okay	train_0898_d1	llm_diversify	1	same	samo	𐍃𐌰𐌼𐍉	yes	1	saio: bearer of official tidings, court messenger	1	namō: name (N.)	1	sama: -some, same, the same	In the house, his disciples asked him again about the same matter.	jah in garda aftra siponjos is bi þata samo frehun ina.	𐌾𐌰𐌷 𐌹𐌽 𐌲𐌰𐍂𐌳𐌰 𐌰𐍆𐍄𐍂𐌰 𐍃𐌹𐍀𐍉𐌽𐌾𐍉𐍃 𐌹𐍃 𐌱𐌹 𐌸𐌰𐍄𐌰 𐍃𐌰𐌼𐍉 𐍆𐍂𐌴𐌷𐌿𐌽 𐌹𐌽𐌰.
okay	train_0898_d3	llm_diversify	1	same	samo	𐍃𐌰𐌼𐍉	yes	1	saio: bearer of official tidings, court messenger	1	namō: name (N.)	1	sama: -some, same, the same	In the house, his disciples asked him again about the same matter.	jah in garda aftra siponjos is bi þata samo frehun ina.	𐌾𐌰𐌷 𐌹𐌽 𐌲𐌰𐍂𐌳𐌰 𐌰𐍆𐍄𐍂𐌰 𐍃𐌹𐍀𐍉𐌽𐌾𐍉𐍃 𐌹𐍃 𐌱𐌹 𐌸𐌰𐍄𐌰 𐍃𐌰𐌼𐍉 𐍆𐍂𐌴𐌷𐌿𐌽 𐌹𐌽𐌰.
okay	train_0907_d0	llm_diversify	1	all	alla	𐌰𐌻𐌻𐌰	yes	1	ala: all, the entire, the whole	1	alls: all, all of, every, the entire, the whole	1	alja: but, else than, except, other than, save (Präp.), unless	He said to him, "Teacher, I have observed all these things from my youth."	þaruh andhafjands qaþ du imma: laisari, þo alla gafastaida us jundai meinai.	𐌸𐌰𐍂𐌿𐌷 𐌰𐌽𐌳𐌷𐌰𐍆𐌾𐌰𐌽𐌳𐍃 𐌵𐌰𐌸 𐌳𐌿 𐌹𐌼𐌼𐌰: 𐌻𐌰𐌹𐍃𐌰𐍂𐌹, 𐌸𐍉 𐌰𐌻𐌻𐌰 𐌲𐌰𐍆𐌰𐍃𐍄𐌰𐌹𐌳𐌰 𐌿𐍃 𐌾𐌿𐌽𐌳𐌰𐌹 𐌼𐌴𐌹𐌽𐌰𐌹.
okay	train_0952_d0	llm_diversify	1	cast	wairp	𐍅𐌰𐌹𐍂𐍀	yes	1	waír: adult male, man (M.)	1	waírþ: conversion value, monetary equivalent, price (N.), worth (N....	1	waírs: worse	For most certainly I tell you, whoever may tell this mountain, 'Be taken up and cast into the sea,' and doesn't doubt in his heart, but believes that what he says is happening; he shall have whatever he says.	amen auk qiþa izwis, þishvazuh ei qiþai du þamma fairgunja: ushafei þuk jah wairp þus in marein, jah ni tuzwerjai in hairtin seinamma, ak galaubjai þata, ei þatei qiþiþ gagaggiþ, wairþiþ imma þishvah þei qiþiþ.	𐌰𐌼𐌴𐌽 𐌰𐌿𐌺 𐌵𐌹𐌸𐌰 𐌹𐌶𐍅𐌹𐍃, 𐌸𐌹𐍃𐍈𐌰𐌶𐌿𐌷 𐌴𐌹 𐌵𐌹𐌸𐌰𐌹 𐌳𐌿 𐌸𐌰𐌼𐌼𐌰 𐍆𐌰𐌹𐍂𐌲𐌿𐌽𐌾𐌰: 𐌿𐍃𐌷𐌰𐍆𐌴𐌹 𐌸𐌿𐌺 𐌾𐌰𐌷 𐍅𐌰𐌹𐍂𐍀 𐌸𐌿𐍃 𐌹𐌽 𐌼𐌰𐍂𐌴𐌹𐌽, 𐌾𐌰𐌷 𐌽𐌹 𐍄𐌿𐌶𐍅𐌴𐍂𐌾𐌰𐌹 𐌹𐌽 𐌷𐌰𐌹𐍂𐍄𐌹𐌽 𐍃𐌴𐌹𐌽𐌰𐌼𐌼𐌰, 𐌰𐌺 𐌲𐌰𐌻𐌰𐌿𐌱𐌾𐌰𐌹 𐌸𐌰𐍄𐌰, 𐌴𐌹 𐌸𐌰𐍄𐌴𐌹 𐌵𐌹𐌸𐌹𐌸 𐌲𐌰𐌲𐌰𐌲𐌲𐌹𐌸, 𐍅𐌰𐌹𐍂𐌸𐌹𐌸 𐌹𐌼𐌼𐌰 𐌸𐌹𐍃𐍈𐌰𐌷 𐌸𐌴𐌹 𐌵𐌹𐌸𐌹𐌸.
okay	train_0980_d1	llm_diversify	1	marry	liugand	𐌻𐌹𐌿𐌲𐌰𐌽𐌳	yes	1	liugan: espouse, lie (1) (V.), marry, speak falsely, take a spouse, ...	1	liugands: mendacious, untruthful	2	ligan: be lying down, lie (2) (V.)	For when they will rise from the dead, they neither marry, nor are given in marriage, but are like angels in heaven.	allis þan usstandand us dauþaim, ni liugand ni liuganda, ak sind swe aggiljus þai in himinam.	𐌰𐌻𐌻𐌹𐍃 𐌸𐌰𐌽 𐌿𐍃𐍃𐍄𐌰𐌽𐌳𐌰𐌽𐌳 𐌿𐍃 𐌳𐌰𐌿𐌸𐌰𐌹𐌼, 𐌽𐌹 𐌻𐌹𐌿𐌲𐌰𐌽𐌳 𐌽𐌹 𐌻𐌹𐌿𐌲𐌰𐌽𐌳𐌰, 𐌰𐌺 𐍃𐌹𐌽𐌳 𐍃𐍅𐌴 𐌰𐌲𐌲𐌹𐌻𐌾𐌿𐍃 𐌸𐌰𐌹 𐌹𐌽 𐌷𐌹𐌼𐌹𐌽𐌰𐌼.
okay	train_1182_d1	llm_diversify	1	rushed down	driuson	𐌳𐍂𐌹𐌿𐍃𐍉𐌽	yes	1	driusō: cliff, steep bank, steep slope	1	driusan: fall (V.), fall down	2	driugan: carry on, do military service in, function as a soldier in, ...	He said to them, "Go!" They came out, and went into the herd of pigs: and behold, the whole herd of pigs rushed down the cliff into the sea, and died in the water.	jah qaþ du im: gaggiþ! iþ eis usgaggandans galiþun in hairda sweine; jah sai, run gawaurhtedun sis alla so hairda and driuson in marein jah gadauþnodedun in watnam.	𐌾𐌰𐌷 𐌵𐌰𐌸 𐌳𐌿 𐌹𐌼: 𐌲𐌰𐌲𐌲𐌹𐌸! 𐌹𐌸 𐌴𐌹𐍃 𐌿𐍃𐌲𐌰𐌲𐌲𐌰𐌽𐌳𐌰𐌽𐍃 𐌲𐌰𐌻𐌹𐌸𐌿𐌽 𐌹𐌽 𐌷𐌰𐌹𐍂𐌳𐌰 𐍃𐍅𐌴𐌹𐌽𐌴; 𐌾𐌰𐌷 𐍃𐌰𐌹, 𐍂𐌿𐌽 𐌲𐌰𐍅𐌰𐌿𐍂𐌷𐍄𐌴𐌳𐌿𐌽 𐍃𐌹𐍃 𐌰𐌻𐌻𐌰 𐍃𐍉 𐌷𐌰𐌹𐍂𐌳𐌰 𐌰𐌽𐌳 𐌳𐍂𐌹𐌿𐍃𐍉𐌽 𐌹𐌽 𐌼𐌰𐍂𐌴𐌹𐌽 𐌾𐌰𐌷 𐌲𐌰𐌳𐌰𐌿𐌸𐌽𐍉𐌳𐌴𐌳𐌿𐌽 𐌹𐌽 𐍅𐌰𐍄𐌽𐌰𐌼.
okay	train_1188_d0	llm_diversify	1	take up	nim	𐌽𐌹𐌼	yes	1	nih: also not, and not, nor, not even	1	niu: did not, do not, have not, is it not, shall not, will not	1	ni: neither, no, nor, not	But that you may know that the Son of Man has authority on earth to forgive sins..." (then he said to the paralytic), "Get up, and take up your mat, and go up to your house."	Aþþan ei witeiþ þatei waldufni habaiþ sa sunus mans ana airþai afleitan frawaurhtins, þanuh qaþ du þamma usliþin: urreisands nim þana ligr þeinana jah gagg in gard þeinana.	𐌰𐌸𐌸𐌰𐌽 𐌴𐌹 𐍅𐌹𐍄𐌴𐌹𐌸 𐌸𐌰𐍄𐌴𐌹 𐍅𐌰𐌻𐌳𐌿𐍆𐌽𐌹 𐌷𐌰𐌱𐌰𐌹𐌸 𐍃𐌰 𐍃𐌿𐌽𐌿𐍃 𐌼𐌰𐌽𐍃 𐌰𐌽𐌰 𐌰𐌹𐍂𐌸𐌰𐌹 𐌰𐍆𐌻𐌴𐌹𐍄𐌰𐌽 𐍆𐍂𐌰𐍅𐌰𐌿𐍂𐌷𐍄𐌹𐌽𐍃, 𐌸𐌰𐌽𐌿𐌷 𐌵𐌰𐌸 𐌳𐌿 𐌸𐌰𐌼𐌼𐌰 𐌿𐍃𐌻𐌹𐌸𐌹𐌽: 𐌿𐍂𐍂𐌴𐌹𐍃𐌰𐌽𐌳𐍃 𐌽𐌹𐌼 𐌸𐌰𐌽𐌰 𐌻𐌹𐌲𐍂 𐌸𐌴𐌹𐌽𐌰𐌽𐌰 𐌾𐌰𐌷 𐌲𐌰𐌲𐌲 𐌹𐌽 𐌲𐌰𐍂𐌳 𐌸𐌴𐌹𐌽𐌰𐌽𐌰.
okay	train_1201_d1	llm_diversify	1	ruler's	reikis	𐍂𐌴𐌹𐌺𐌹𐍃	yes	1	reiki: authority, government, realm, rulership, ruling power, sover...	1	reiks: lord, prince, ruler	1	reikeis: lordly, mighty, noble (Adj.), potent, power-holding, powerfu...	When Jesus came into the ruler's house, and saw the flute players, and the crowd in noisy disorder,	jah qimands Iesus in garda þis reikis jah gasaihvands swigljans jah haurnjans haurnjandans jah managein auhjondein, qaþ du im:	𐌾𐌰𐌷 𐌵𐌹𐌼𐌰𐌽𐌳𐍃 𐌹𐌴𐍃𐌿𐍃 𐌹𐌽 𐌲𐌰𐍂𐌳𐌰 𐌸𐌹𐍃 𐍂𐌴𐌹𐌺𐌹𐍃 𐌾𐌰𐌷 𐌲𐌰𐍃𐌰𐌹𐍈𐌰𐌽𐌳𐍃 𐍃𐍅𐌹𐌲𐌻𐌾𐌰𐌽𐍃 𐌾𐌰𐌷 𐌷𐌰𐌿𐍂𐌽𐌾𐌰𐌽𐍃 𐌷𐌰𐌿𐍂𐌽𐌾𐌰𐌽𐌳𐌰𐌽𐍃 𐌾𐌰𐌷 𐌼𐌰𐌽𐌰𐌲𐌴𐌹𐌽 𐌰𐌿𐌷𐌾𐍉𐌽𐌳𐌴𐌹𐌽, 𐌵𐌰𐌸 𐌳𐌿 𐌹𐌼:
okay	train_1245_d0	llm_diversify	1	tell	qiþa	𐌵𐌹𐌸𐌰	yes	1	qiþan: express (V.), give an opinion, say, speak, tell	1	qiþr: stomach	2	niþan: bring into affinity, bring into kinship, help (V.), make kin...	But I tell you that it will be more tolerable for the land of Sodom, on the day of judgment, than for you."	sweþauh qiþa izwis þatei airþai Saudaumje sutizo wairþiþ in daga stauos þau þus.	𐍃𐍅𐌴𐌸𐌰𐌿𐌷 𐌵𐌹𐌸𐌰 𐌹𐌶𐍅𐌹𐍃 𐌸𐌰𐍄𐌴𐌹 𐌰𐌹𐍂𐌸𐌰𐌹 𐍃𐌰𐌿𐌳𐌰𐌿𐌼𐌾𐌴 𐍃𐌿𐍄𐌹𐌶𐍉 𐍅𐌰𐌹𐍂𐌸𐌹𐌸 𐌹𐌽 𐌳𐌰𐌲𐌰 𐍃𐍄𐌰𐌿𐍉𐍃 𐌸𐌰𐌿 𐌸𐌿𐍃.
okay	train_1253_d0	llm_diversify	1	all	alla	𐌰𐌻𐌻𐌰	yes	1	ala: all, the entire, the whole	1	alls: all, all of, every, the entire, the whole	1	alja: but, else than, except, other than, save (Präp.), unless	It happened, when Jesus had finished all these words, that he said to his disciples,	Jah warþ, biþe ustauh Iesus alla þo waurda, qaþ siponjam sein(aim):	𐌾𐌰𐌷 𐍅𐌰𐍂𐌸, 𐌱𐌹𐌸𐌴 𐌿𐍃𐍄𐌰𐌿𐌷 𐌹𐌴𐍃𐌿𐍃 𐌰𐌻𐌻𐌰 𐌸𐍉 𐍅𐌰𐌿𐍂𐌳𐌰, 𐌵𐌰𐌸 𐍃𐌹𐍀𐍉𐌽𐌾𐌰𐌼 𐍃𐌴𐌹𐌽(𐌰𐌹𐌼):
okay	train_1254_d0	llm_diversify	1	two	twans	𐍄𐍅𐌰𐌽𐍃	yes	1	wans: deficient, diminished, lacking, less, missing, null, void (A...	1	swans: swan	2	wars: alert (Adj.), on guard, preventing (Adj.), wary	"You know that after two days the Passover is coming, and the Son of Man will be delivered up to be crucified."	wituþ þatei afar twans dagans p(aska) wairþiþ, jas~sa sunus mans atg(iba)da du ushramjan.	𐍅𐌹𐍄𐌿𐌸 𐌸𐌰𐍄𐌴𐌹 𐌰𐍆𐌰𐍂 𐍄𐍅𐌰𐌽𐍃 𐌳𐌰𐌲𐌰𐌽𐍃 𐍀(𐌰𐍃𐌺𐌰) 𐍅𐌰𐌹𐍂𐌸𐌹𐌸, 𐌾𐌰𐍃~𐍃𐌰 𐍃𐌿𐌽𐌿𐍃 𐌼𐌰𐌽𐍃 𐌰𐍄𐌲(𐌹𐌱𐌰)𐌳𐌰 𐌳𐌿 𐌿𐍃𐌷𐍂𐌰𐌼𐌾𐌰𐌽.
okay	train_1290_d0	llm_diversify	1	holy	weihon	𐍅𐌴𐌹𐌷𐍉𐌽	yes	1	weihan: battle (V.), combat (V.), consecrate (V.), dispute (V.), eng...	1	weisōn: come to see, go to see, visit (V.)	1	weidōn: guide (V.)	and coming out of the tombs after his resurrection, they entered into the holy city and appeared to many.	jah usgaggandans us hlaiwasnom afar urrist is innatgaggandans in þo weihon baurg jah ataugidedun sik managaim.	𐌾𐌰𐌷 𐌿𐍃𐌲𐌰𐌲𐌲𐌰𐌽𐌳𐌰𐌽𐍃 𐌿𐍃 𐌷𐌻𐌰𐌹𐍅𐌰𐍃𐌽𐍉𐌼 𐌰𐍆𐌰𐍂 𐌿𐍂𐍂𐌹𐍃𐍄 𐌹𐍃 𐌹𐌽𐌽𐌰𐍄𐌲𐌰𐌲𐌲𐌰𐌽𐌳𐌰𐌽𐍃 𐌹𐌽 𐌸𐍉 𐍅𐌴𐌹𐌷𐍉𐌽 𐌱𐌰𐌿𐍂𐌲 𐌾𐌰𐌷 𐌰𐍄𐌰𐌿𐌲𐌹𐌳𐌴𐌳𐌿𐌽 𐍃𐌹𐌺 𐌼𐌰𐌽𐌰𐌲𐌰𐌹𐌼.
okay	train_1291_d0	llm_diversify	1	earthquake	reiron	𐍂𐌴𐌹𐍂𐍉𐌽	yes	1	reirō: earthquake (N.), quaking (N.), quivering (N.), trembling (N....	1	reiran: quake (V.), quiver (1) (V.), shake (V.), tremble (V.)	2	weisōn: come to see, go to see, visit (V.)	Now the centurion, and those who were with him watching Jesus, when they saw the earthquake, and the things that were done, feared exceedingly, saying, "Truly this was the Son of God."	iþ hundafaþs jah þai miþ imma witandans Iesua, gasaihvandans þo reiron jah þo waurþanona, ohtedun abraba, qiþandans: bi sunjai gudis sunus ist sa.	𐌹𐌸 𐌷𐌿𐌽𐌳𐌰𐍆𐌰𐌸𐍃 𐌾𐌰𐌷 𐌸𐌰𐌹 𐌼𐌹𐌸 𐌹𐌼𐌼𐌰 𐍅𐌹𐍄𐌰𐌽𐌳𐌰𐌽𐍃 𐌹𐌴𐍃𐌿𐌰, 𐌲𐌰𐍃𐌰𐌹𐍈𐌰𐌽𐌳𐌰𐌽𐍃 𐌸𐍉 𐍂𐌴𐌹𐍂𐍉𐌽 𐌾𐌰𐌷 𐌸𐍉 𐍅𐌰𐌿𐍂𐌸𐌰𐌽𐍉𐌽𐌰, 𐍉𐌷𐍄𐌴𐌳𐌿𐌽 𐌰𐌱𐍂𐌰𐌱𐌰, 𐌵𐌹𐌸𐌰𐌽𐌳𐌰𐌽𐍃: 𐌱𐌹 𐍃𐌿𐌽𐌾𐌰𐌹 𐌲𐌿𐌳𐌹𐍃 𐍃𐌿𐌽𐌿𐍃 𐌹𐍃𐍄 𐍃𐌰.
okay	train_1291_d2	llm_diversify	1	earthquake	reiron	𐍂𐌴𐌹𐍂𐍉𐌽	yes	1	reirō: earthquake (N.), quaking (N.), quivering (N.), trembling (N....	1	reiran: quake (V.), quiver (1) (V.), shake (V.), tremble (V.)	2	weisōn: come to see, go to see, visit (V.)	Now the centurion, and those who were with him watching Jesus, when they saw the earthquake, and the things that were done, feared exceedingly, saying, "Truly this was the Son of God."	iþ hundafaþs jah þai miþ imma witandans Iesua, gasaihvandans þo reiron jah þo waurþanona, ohtedun abraba, qiþandans: bi sunjai gudis sunus ist sa.	𐌹𐌸 𐌷𐌿𐌽𐌳𐌰𐍆𐌰𐌸𐍃 𐌾𐌰𐌷 𐌸𐌰𐌹 𐌼𐌹𐌸 𐌹𐌼𐌼𐌰 𐍅𐌹𐍄𐌰𐌽𐌳𐌰𐌽𐍃 𐌹𐌴𐍃𐌿𐌰, 𐌲𐌰𐍃𐌰𐌹𐍈𐌰𐌽𐌳𐌰𐌽𐍃 𐌸𐍉 𐍂𐌴𐌹𐍂𐍉𐌽 𐌾𐌰𐌷 𐌸𐍉 𐍅𐌰𐌿𐍂𐌸𐌰𐌽𐍉𐌽𐌰, 𐍉𐌷𐍄𐌴𐌳𐌿𐌽 𐌰𐌱𐍂𐌰𐌱𐌰, 𐌵𐌹𐌸𐌰𐌽𐌳𐌰𐌽𐍃: 𐌱𐌹 𐍃𐌿𐌽𐌾𐌰𐌹 𐌲𐌿𐌳𐌹𐍃 𐍃𐌿𐌽𐌿𐍃 𐌹𐍃𐍄 𐍃𐌰.
okay	train_0036_d0	llm_diversify	1	womb	qiþaus	𐌵𐌹𐌸𐌰𐌿𐍃	yes	1	qiþus: belly, stomach, womb	2	qius: alive, having life, living (Adj.)	2	liþus: limb (1) (N.), member, part of the body	She called out with a loud voice, and said, "Blessed are you among women, and blessed is the fruit of your womb!	jah ufwopida stibnai mikilai jah qaþ: þiuþido þu in qinom, jah þiuþido akran qiþaus þeinis.	𐌾𐌰𐌷 𐌿𐍆𐍅𐍉𐍀𐌹𐌳𐌰 𐍃𐍄𐌹𐌱𐌽𐌰𐌹 𐌼𐌹𐌺𐌹𐌻𐌰𐌹 𐌾𐌰𐌷 𐌵𐌰𐌸: 𐌸𐌹𐌿𐌸𐌹𐌳𐍉 𐌸𐌿 𐌹𐌽 𐌵𐌹𐌽𐍉𐌼, 𐌾𐌰𐌷 𐌸𐌹𐌿𐌸𐌹𐌳𐍉 𐌰𐌺𐍂𐌰𐌽 𐌵𐌹𐌸𐌰𐌿𐍃 𐌸𐌴𐌹𐌽𐌹𐍃.
okay	train_0048_d1	llm_diversify	1	three	þrins	𐌸𐍂𐌹𐌽𐍃	yes	1	þeins: of you, thine, thy, your	2	ains: a, alone, an, anyone, once (= ainamma sinþa), one, only, sin...	2	friks: addicted, greedy, lustful	Mary stayed with her about three months, and then returned to her house.	gastoþ þan Mariam miþ izai swe menoþ(s) þrins jah gawandida sik du garda seinamma.	𐌲𐌰𐍃𐍄𐍉𐌸 𐌸𐌰𐌽 𐌼𐌰𐍂𐌹𐌰𐌼 𐌼𐌹𐌸 𐌹𐌶𐌰𐌹 𐍃𐍅𐌴 𐌼𐌴𐌽𐍉𐌸(𐍃) 𐌸𐍂𐌹𐌽𐍃 𐌾𐌰𐌷 𐌲𐌰𐍅𐌰𐌽𐌳𐌹𐌳𐌰 𐍃𐌹𐌺 𐌳𐌿 𐌲𐌰𐍂𐌳𐌰 𐍃𐌴𐌹𐌽𐌰𐌼𐌼𐌰.
okay	train_0059_d0	llm_diversify	1	Spirit	ahmins	𐌰𐌷𐌼𐌹𐌽𐍃	yes	1	ahmeins: spiritual (Adj.)	2	ains: a, alone, an, anyone, once (= ainamma sinþa), one, only, sin...	2	mins: fewer, less	His father, Zacharias, was filled with the Holy Spirit, and prophesied, saying,	jah Zakarias, atta is, gafullnoda ahmins weihis jah praufetida jah qaþ:	𐌾𐌰𐌷 𐌶𐌰𐌺𐌰𐍂𐌹𐌰𐍃, 𐌰𐍄𐍄𐌰 𐌹𐍃, 𐌲𐌰𐍆𐌿𐌻𐌻𐌽𐍉𐌳𐌰 𐌰𐌷𐌼𐌹𐌽𐍃 𐍅𐌴𐌹𐌷𐌹𐍃 𐌾𐌰𐌷 𐍀𐍂𐌰𐌿𐍆𐌴𐍄𐌹𐌳𐌰 𐌾𐌰𐌷 𐌵𐌰𐌸:
okay	train_0103_d1	llm_diversify	1	three	þrins	𐌸𐍂𐌹𐌽𐍃	yes	1	þeins: of you, thine, thy, your	2	ains: a, alone, an, anyone, once (= ainamma sinþa), one, only, sin...	2	friks: addicted, greedy, lustful	It happened after three days they found him in the temple, sitting in the midst of the teachers, both listening to them, and asking them questions.	jah warþ afar dagans þrins, bigetun ina in alh sitandan in midjaim laisarjam jah hausjandan im jah fraihnandan ins.	𐌾𐌰𐌷 𐍅𐌰𐍂𐌸 𐌰𐍆𐌰𐍂 𐌳𐌰𐌲𐌰𐌽𐍃 𐌸𐍂𐌹𐌽𐍃, 𐌱𐌹𐌲𐌴𐍄𐌿𐌽 𐌹𐌽𐌰 𐌹𐌽 𐌰𐌻𐌷 𐍃𐌹𐍄𐌰𐌽𐌳𐌰𐌽 𐌹𐌽 𐌼𐌹𐌳𐌾𐌰𐌹𐌼 𐌻𐌰𐌹𐍃𐌰𐍂𐌾𐌰𐌼 𐌾𐌰𐌷 𐌷𐌰𐌿𐍃𐌾𐌰𐌽𐌳𐌰𐌽 𐌹𐌼 𐌾𐌰𐌷 𐍆𐍂𐌰𐌹𐌷𐌽𐌰𐌽𐌳𐌰𐌽 𐌹𐌽𐍃.
okay	train_0142_d0	llm_diversify	1	devil	diabulus	𐌳𐌹𐌰𐌱𐌿𐌻𐌿𐍃	yes	1	diabaúlus: devil, slanderer	2	diabula: slanderer, slanderess	3	diakaúnus: deacon, servant	The devil said to him, "If you are the Son of God, command this stone to become bread."	jah qaþ du imma diabulus: jabai sunaus sijais gudis, qiþ þamma staina ei wairþai hlaibs.	𐌾𐌰𐌷 𐌵𐌰𐌸 𐌳𐌿 𐌹𐌼𐌼𐌰 𐌳𐌹𐌰𐌱𐌿𐌻𐌿𐍃: 𐌾𐌰𐌱𐌰𐌹 𐍃𐌿𐌽𐌰𐌿𐍃 𐍃𐌹𐌾𐌰𐌹𐍃 𐌲𐌿𐌳𐌹𐍃, 𐌵𐌹𐌸 𐌸𐌰𐌼𐌼𐌰 𐍃𐍄𐌰𐌹𐌽𐌰 𐌴𐌹 𐍅𐌰𐌹𐍂𐌸𐌰𐌹 𐌷𐌻𐌰𐌹𐌱𐍃.
okay	train_0145_d0	llm_diversify	1	devil	diabulus	𐌳𐌹𐌰𐌱𐌿𐌻𐌿𐍃	yes	1	diabaúlus: devil, slanderer	2	diabula: slanderer, slanderess	3	diakaúnus: deacon, servant	The devil said to him, "I will give you all this authority, and their glory, for it has been delivered to me; and I give it to whomever I want.	jah qaþ du imma sa diabulus: þus giba þata waldufni þize allata jah wulþu ize, unte mis atgiban ist, jah þishvammeh þei wiljau, giba þata.	𐌾𐌰𐌷 𐌵𐌰𐌸 𐌳𐌿 𐌹𐌼𐌼𐌰 𐍃𐌰 𐌳𐌹𐌰𐌱𐌿𐌻𐌿𐍃: 𐌸𐌿𐍃 𐌲𐌹𐌱𐌰 𐌸𐌰𐍄𐌰 𐍅𐌰𐌻𐌳𐌿𐍆𐌽𐌹 𐌸𐌹𐌶𐌴 𐌰𐌻𐌻𐌰𐍄𐌰 𐌾𐌰𐌷 𐍅𐌿𐌻𐌸𐌿 𐌹𐌶𐌴, 𐌿𐌽𐍄𐌴 𐌼𐌹𐍃 𐌰𐍄𐌲𐌹𐌱𐌰𐌽 𐌹𐍃𐍄, 𐌾𐌰𐌷 𐌸𐌹𐍃𐍈𐌰𐌼𐌼𐌴𐌷 𐌸𐌴𐌹 𐍅𐌹𐌻𐌾𐌰𐌿, 𐌲𐌹𐌱𐌰 𐌸𐌰𐍄𐌰.
okay	train_0169_d1	llm_diversify	1	great	mikilai	𐌼𐌹𐌺𐌹𐌻𐌰𐌹	yes	1	mikilei: greatness, immensity, majesty	2	mikils: great, great amount of, great number of, large (Adj.), many,...	2	mikilnan: be enlarged, become great, become large, become magnified	He rose up from the synagogue, and entered into Simon's house. Simon's mother-in-law was afflicted with a great fever, and they begged him for her.	usstandands þan us þizai swnagogai galaiþ in gard Seimonis. swaihro þan þis Seimonis was anahabaida brinnon mikilai, jah bedun ina bi þo.	𐌿𐍃𐍃𐍄𐌰𐌽𐌳𐌰𐌽𐌳𐍃 𐌸𐌰𐌽 𐌿𐍃 𐌸𐌹𐌶𐌰𐌹 𐍃𐍅𐌽𐌰𐌲𐍉𐌲𐌰𐌹 𐌲𐌰𐌻𐌰𐌹𐌸 𐌹𐌽 𐌲𐌰𐍂𐌳 𐍃𐌴𐌹𐌼𐍉𐌽𐌹𐍃. 𐍃𐍅𐌰𐌹𐌷𐍂𐍉 𐌸𐌰𐌽 𐌸𐌹𐍃 𐍃𐌴𐌹𐌼𐍉𐌽𐌹𐍃 𐍅𐌰𐍃 𐌰𐌽𐌰𐌷𐌰𐌱𐌰𐌹𐌳𐌰 𐌱𐍂𐌹𐌽𐌽𐍉𐌽 𐌼𐌹𐌺𐌹𐌻𐌰𐌹, 𐌾𐌰𐌷 𐌱𐌴𐌳𐌿𐌽 𐌹𐌽𐌰 𐌱𐌹 𐌸𐍉.
okay	train_0247_d0	llm_diversify	1	good	gods	𐌲𐍉𐌳𐍃	yes	1	gōþs: beautiful, good (Adj.), kind (Adj.), of good quality	2	hōrs: adulterer, fornicator	2	alds: age (N.), generation, life span, lifetime	For there is no good tree that brings forth rotten fruit; nor again a rotten tree that brings forth good fruit.	ni auk ist bagms gods taujands akran ubil, nih þan bagms ubils taujands akran god.	𐌽𐌹 𐌰𐌿𐌺 𐌹𐍃𐍄 𐌱𐌰𐌲𐌼𐍃 𐌲𐍉𐌳𐍃 𐍄𐌰𐌿𐌾𐌰𐌽𐌳𐍃 𐌰𐌺𐍂𐌰𐌽 𐌿𐌱𐌹𐌻, 𐌽𐌹𐌷 𐌸𐌰𐌽 𐌱𐌰𐌲𐌼𐍃 𐌿𐌱𐌹𐌻𐍃 𐍄𐌰𐌿𐌾𐌰𐌽𐌳𐍃 𐌰𐌺𐍂𐌰𐌽 𐌲𐍉𐌳.
okay	train_0285_d1	llm_diversify	1	something	hva	𐍈𐌰	no	1	ƕa: why	2	a: a, abbreviation for 1	2	h: abbreviation for 8, h	Jesus answered him, "Simon, I have something to tell you." He said, "Teacher, say on."	jah andhafjands Iesus qaþ du Paitrau: Seimon, skal þus hva qiþan. iþ is qaþ: laisari, qiþ!	𐌾𐌰𐌷 𐌰𐌽𐌳𐌷𐌰𐍆𐌾𐌰𐌽𐌳𐍃 𐌹𐌴𐍃𐌿𐍃 𐌵𐌰𐌸 𐌳𐌿 𐍀𐌰𐌹𐍄𐍂𐌰𐌿: 𐍃𐌴𐌹𐌼𐍉𐌽, 𐍃𐌺𐌰𐌻 𐌸𐌿𐍃 𐍈𐌰 𐌵𐌹𐌸𐌰𐌽. 𐌹𐌸 𐌹𐍃 𐌵𐌰𐌸: 𐌻𐌰𐌹𐍃𐌰𐍂𐌹, 𐌵𐌹𐌸!
okay	train_0310_d0	llm_diversify	1	go over	galeiþam	𐌲𐌰𐌻𐌴𐌹𐌸𐌰𐌼	yes	1	galeiþan: come, depart from, go away, go forth, set out for	2	galeika: partner in the same body, „corpus-mate“	2	taleiþa: little girl, young maiden	Now it happened on one of those days, that he entered into a boat, himself and his disciples, and he said to them, "Let's go over to the other side of the lake." So they launched out.	warþ þan in ainamma þize dage, jah is galaiþ in skip jah siponjos is, jah qaþ du im: galeiþam hindar þana marisaiw! jah galiþun.	𐍅𐌰𐍂𐌸 𐌸𐌰𐌽 𐌹𐌽 𐌰𐌹𐌽𐌰𐌼𐌼𐌰 𐌸𐌹𐌶𐌴 𐌳𐌰𐌲𐌴, 𐌾𐌰𐌷 𐌹𐍃 𐌲𐌰𐌻𐌰𐌹𐌸 𐌹𐌽 𐍃𐌺𐌹𐍀 𐌾𐌰𐌷 𐍃𐌹𐍀𐍉𐌽𐌾𐍉𐍃 𐌹𐍃, 𐌾𐌰𐌷 𐌵𐌰𐌸 𐌳𐌿 𐌹𐌼: 𐌲𐌰𐌻𐌴𐌹𐌸𐌰𐌼 𐌷𐌹𐌽𐌳𐌰𐍂 𐌸𐌰𐌽𐌰 𐌼𐌰𐍂𐌹𐍃𐌰𐌹𐍅! 𐌾𐌰𐌷 𐌲𐌰𐌻𐌹𐌸𐌿𐌽.
okay	train_0328_d0	llm_diversify	1	cheer up	þrafstei	𐌸𐍂𐌰𐍆𐍃𐍄𐌴𐌹	yes	1	þramstei: cicada, grasshopper, locust	2	þrafsteins: comfort (N.), consolation, encouragement, heartening (N.)	2	þrafsts: consolation	He said to her, "Daughter, cheer up. Your faith has made you well. Go in peace."	iþ Iesus qaþ du izai: þrafstei þuk, dauhtar: galaubeins þeina ganasida þuk; gagg in gawairþja.	𐌹𐌸 𐌹𐌴𐍃𐌿𐍃 𐌵𐌰𐌸 𐌳𐌿 𐌹𐌶𐌰𐌹: 𐌸𐍂𐌰𐍆𐍃𐍄𐌴𐌹 𐌸𐌿𐌺, 𐌳𐌰𐌿𐌷𐍄𐌰𐍂: 𐌲𐌰𐌻𐌰𐌿𐌱𐌴𐌹𐌽𐍃 𐌸𐌴𐌹𐌽𐌰 𐌲𐌰𐌽𐌰𐍃𐌹𐌳𐌰 𐌸𐌿𐌺; 𐌲𐌰𐌲𐌲 𐌹𐌽 𐌲𐌰𐍅𐌰𐌹𐍂𐌸𐌾𐌰.
okay	train_0340_d1	llm_diversify	1	see	gasaihvan	𐌲𐌰𐍃𐌰𐌹𐍈𐌰𐌽	no	1	gasaíƕan: catch sight of, espy, look at, perceive, see (V.)	2	gafaihan: joy (V.)	2	gasaíƕans: visible	Herod said, "John I beheaded, but who is this, about whom I hear such things?" He sought to see him.	jah qaþ Herodes: Iohannau ik haubiþ afmaimait, iþ hvas ist sa, bi þanei ik hausja swaleik? jah sokida ina gasaihvan.	𐌾𐌰𐌷 𐌵𐌰𐌸 𐌷𐌴𐍂𐍉𐌳𐌴𐍃: 𐌹𐍉𐌷𐌰𐌽𐌽𐌰𐌿 𐌹𐌺 𐌷𐌰𐌿𐌱𐌹𐌸 𐌰𐍆𐌼𐌰𐌹𐌼𐌰𐌹𐍄, 𐌹𐌸 𐍈𐌰𐍃 𐌹𐍃𐍄 𐍃𐌰, 𐌱𐌹 𐌸𐌰𐌽𐌴𐌹 𐌹𐌺 𐌷𐌰𐌿𐍃𐌾𐌰 𐍃𐍅𐌰𐌻𐌴𐌹𐌺? 𐌾𐌰𐌷 𐍃𐍉𐌺𐌹𐌳𐌰 𐌹𐌽𐌰 𐌲𐌰𐍃𐌰𐌹𐍈𐌰𐌽.
okay	train_0378_d0	llm_diversify	1	wherever	þishvaduh	𐌸𐌹𐍃𐍈𐌰𐌳𐌿𐌷	no	1	þisƕaduh: to whichever place, wherever to, whithersoever	2	þisƕaruh: in whichever place, wherever	2	þisƕazuh: whoever, whomever, whosoever	As they went on the way, a certain man said to him, "I want to follow you wherever you go, Lord."	warþ þan gaggandam im in wiga qaþ sums du imma: laistja þuk þishvaduh þadei gaggis, frauja.	𐍅𐌰𐍂𐌸 𐌸𐌰𐌽 𐌲𐌰𐌲𐌲𐌰𐌽𐌳𐌰𐌼 𐌹𐌼 𐌹𐌽 𐍅𐌹𐌲𐌰 𐌵𐌰𐌸 𐍃𐌿𐌼𐍃 𐌳𐌿 𐌹𐌼𐌼𐌰: 𐌻𐌰𐌹𐍃𐍄𐌾𐌰 𐌸𐌿𐌺 𐌸𐌹𐍃𐍈𐌰𐌳𐌿𐌷 𐌸𐌰𐌳𐌴𐌹 𐌲𐌰𐌲𐌲𐌹𐍃, 𐍆𐍂𐌰𐌿𐌾𐌰.
okay	train_0437_d1	llm_diversify	1	property	aiginis	𐌰𐌹𐌲𐌹𐌽𐌹𐍃	yes	1	aigins: of one’s own	2	aiginōn: appropriate (V.), make one’s own	2	aigin: belongings, possessions, property	The younger of them said to his father, 'Father, give me my share of your property.' He divided his livelihood between them.	jah qaþ sa juhiza ize du attin: atta, gif mis, sei undrinnai mik dail aiginis; jah disdailida im swes sein.	𐌾𐌰𐌷 𐌵𐌰𐌸 𐍃𐌰 𐌾𐌿𐌷𐌹𐌶𐌰 𐌹𐌶𐌴 𐌳𐌿 𐌰𐍄𐍄𐌹𐌽: 𐌰𐍄𐍄𐌰, 𐌲𐌹𐍆 𐌼𐌹𐍃, 𐍃𐌴𐌹 𐌿𐌽𐌳𐍂𐌹𐌽𐌽𐌰𐌹 𐌼𐌹𐌺 𐌳𐌰𐌹𐌻 𐌰𐌹𐌲𐌹𐌽𐌹𐍃; 𐌾𐌰𐌷 𐌳𐌹𐍃𐌳𐌰𐌹𐌻𐌹𐌳𐌰 𐌹𐌼 𐍃𐍅𐌴𐍃 𐍃𐌴𐌹𐌽.
okay	train_0600_d0	llm_diversify	1	Why	hvaiwa	𐍈𐌰𐌹𐍅𐌰	no	1	ƕaiwa: how, how much, somehow	2	hlaiw: burial cave, grave, sepulchre, tomb	2	hraiw: carrion	He said to them, "Why do they say that the Christ is David's son?	qaþ þan du im: hvaiwa qiþand Xristu sunu Daweidis wisan?	𐌵𐌰𐌸 𐌸𐌰𐌽 𐌳𐌿 𐌹𐌼: 𐍈𐌰𐌹𐍅𐌰 𐌵𐌹𐌸𐌰𐌽𐌳 𐍇𐍂𐌹𐍃𐍄𐌿 𐍃𐌿𐌽𐌿 𐌳𐌰𐍅𐌴𐌹𐌳𐌹𐍃 𐍅𐌹𐍃𐌰𐌽?
okay	train_0600_d2	llm_diversify	1	Why	hvaiwa	𐍈𐌰𐌹𐍅𐌰	no	1	ƕaiwa: how, how much, somehow	2	hlaiw: burial cave, grave, sepulchre, tomb	2	hraiw: carrion	He said to them, "Why do they say that the Christ is David's son?	qaþ þan du im: hvaiwa qiþand Xristu sunu Daweidis wisan?	𐌵𐌰𐌸 𐌸𐌰𐌽 𐌳𐌿 𐌹𐌼: 𐍈𐌰𐌹𐍅𐌰 𐌵𐌹𐌸𐌰𐌽𐌳 𐍇𐍂𐌹𐍃𐍄𐌿 𐍃𐌿𐌽𐌿 𐌳𐌰𐍅𐌴𐌹𐌳𐌹𐍃 𐍅𐌹𐍃𐌰𐌽?
okay	train_0603_d0	llm_diversify	1	how	hvaiwa	𐍈𐌰𐌹𐍅𐌰	no	1	ƕaiwa: how, how much, somehow	2	hlaiw: burial cave, grave, sepulchre, tomb	2	hraiw: carrion	"David therefore calls him Lord, so how is he his son?"	Daweid ina fraujan haitiþ, jah hvaiwa sunus imma ist?	𐌳𐌰𐍅𐌴𐌹𐌳 𐌹𐌽𐌰 𐍆𐍂𐌰𐌿𐌾𐌰𐌽 𐌷𐌰𐌹𐍄𐌹𐌸, 𐌾𐌰𐌷 𐍈𐌰𐌹𐍅𐌰 𐍃𐌿𐌽𐌿𐍃 𐌹𐌼𐌼𐌰 𐌹𐍃𐍄?
okay	train_0701_d0	llm_diversify	1	know	wituþ	𐍅𐌹𐍄𐌿𐌸	yes	1	witōþ: law	2	witan: be observant of, give attention to, give observance to, have...	2	wit: the both of us, the two of us, we two	He said to them, "Don't you understand this parable? How will you understand all of the parables?	jah qaþ du im: ni wituþ þo gajukon, jah hvaiwa allos þos gajukons kunneiþ?	𐌾𐌰𐌷 𐌵𐌰𐌸 𐌳𐌿 𐌹𐌼: 𐌽𐌹 𐍅𐌹𐍄𐌿𐌸 𐌸𐍉 𐌲𐌰𐌾𐌿𐌺𐍉𐌽, 𐌾𐌰𐌷 𐍈𐌰𐌹𐍅𐌰 𐌰𐌻𐌻𐍉𐍃 𐌸𐍉𐍃 𐌲𐌰𐌾𐌿𐌺𐍉𐌽𐍃 𐌺𐌿𐌽𐌽𐌴𐌹𐌸?
okay	train_0721_d0	llm_diversify	1	other	anþara	𐌰𐌽𐌸𐌰𐍂𐌰	yes	1	anþar: another, other, second (Adj.), the other	2	afara: descendant	3	ufara: superior, the one above	Leaving the multitude, they took him with them, even as he was, in the boat. Other small boats were also with him.	jah afletandans þo managein andnemun ina swe was in skipa; jah þan anþara skipa wesun miþ imma.	𐌾𐌰𐌷 𐌰𐍆𐌻𐌴𐍄𐌰𐌽𐌳𐌰𐌽𐍃 𐌸𐍉 𐌼𐌰𐌽𐌰𐌲𐌴𐌹𐌽 𐌰𐌽𐌳𐌽𐌴𐌼𐌿𐌽 𐌹𐌽𐌰 𐍃𐍅𐌴 𐍅𐌰𐍃 𐌹𐌽 𐍃𐌺𐌹𐍀𐌰; 𐌾𐌰𐌷 𐌸𐌰𐌽 𐌰𐌽𐌸𐌰𐍂𐌰 𐍃𐌺𐌹𐍀𐌰 𐍅𐌴𐍃𐌿𐌽 𐌼𐌹𐌸 𐌹𐌼𐌼𐌰.
okay	train_0723_d1	llm_diversify	1	great	mikil	𐌼𐌹𐌺𐌹𐌻	yes	1	mikils: great, great amount of, great number of, large (Adj.), many,...	2	mail: mole (2), skin blemish, wrinkle (N.)	2	mikilei: greatness, immensity, majesty	He awoke, and rebuked the wind, and said to the sea, "Peace! Be still!" The wind ceased, and there was a great calm.	jah urreisands gasok winda jah qaþ du marein: gaslawai, afdumbn! jah anasilaida sa winds jah warþ wis mikil.	𐌾𐌰𐌷 𐌿𐍂𐍂𐌴𐌹𐍃𐌰𐌽𐌳𐍃 𐌲𐌰𐍃𐍉𐌺 𐍅𐌹𐌽𐌳𐌰 𐌾𐌰𐌷 𐌵𐌰𐌸 𐌳𐌿 𐌼𐌰𐍂𐌴𐌹𐌽: 𐌲𐌰𐍃𐌻𐌰𐍅𐌰𐌹, 𐌰𐍆𐌳𐌿𐌼𐌱𐌽! 𐌾𐌰𐌷 𐌰𐌽𐌰𐍃𐌹𐌻𐌰𐌹𐌳𐌰 𐍃𐌰 𐍅𐌹𐌽𐌳𐍃 𐌾𐌰𐌷 𐍅𐌰𐍂𐌸 𐍅𐌹𐍃 𐌼𐌹𐌺𐌹𐌻.
okay	train_0724_d0	llm_diversify	1	why	duhve	𐌳𐌿𐍈𐌴	no	1	duƕē: what for, wherefore, why	2	dūþē: because, for this purpose, for this reason, on account of th...	3	untē: as long as, by reason of the fact that, for, on account of t...	He said to them, "Why are you so afraid? How is it that you have no faith?"	jah qaþ du im: duhve faurhtai sijuþ swa? hvaiwa ni nauh habaiþ galaubein?	𐌾𐌰𐌷 𐌵𐌰𐌸 𐌳𐌿 𐌹𐌼: 𐌳𐌿𐍈𐌴 𐍆𐌰𐌿𐍂𐌷𐍄𐌰𐌹 𐍃𐌹𐌾𐌿𐌸 𐍃𐍅𐌰? 𐍈𐌰𐌹𐍅𐌰 𐌽𐌹 𐌽𐌰𐌿𐌷 𐌷𐌰𐌱𐌰𐌹𐌸 𐌲𐌰𐌻𐌰𐌿𐌱𐌴𐌹𐌽?
okay	train_0724_d1	llm_diversify	1	how	hvaiwa	𐍈𐌰𐌹𐍅𐌰	no	1	ƕaiwa: how, how much, somehow	2	hlaiw: burial cave, grave, sepulchre, tomb	2	hraiw: carrion	He said to them, "Why are you so afraid? How is it that you have no faith?"	jah qaþ du im: duhve faurhtai sijuþ swa? hvaiwa ni nauh habaiþ galaubein?	𐌾𐌰𐌷 𐌵𐌰𐌸 𐌳𐌿 𐌹𐌼: 𐌳𐌿𐍈𐌴 𐍆𐌰𐌿𐍂𐌷𐍄𐌰𐌹 𐍃𐌹𐌾𐌿𐌸 𐍃𐍅𐌰? 𐍈𐌰𐌹𐍅𐌰 𐌽𐌹 𐌽𐌰𐌿𐌷 𐌷𐌰𐌱𐌰𐌹𐌸 𐌲𐌰𐌻𐌰𐌿𐌱𐌴𐌹𐌽?
okay	train_0750_d0	llm_diversify	1	will be made well	ganisa	𐌲𐌰𐌽𐌹𐍃𐌰	yes	1	ganisan: be healed, be preserved, be rescued, be saved, become saved,...	2	ganiman: acquire, conceive, learn, receive in recompense, take along,...	2	gaqiss: agreeing, agreement, concurrence, concurring	For she said, "If I just touch his clothes, I will be made well."	unte qaþ þatei jabai wastjom is atteka, ganisa.	𐌿𐌽𐍄𐌴 𐌵𐌰𐌸 𐌸𐌰𐍄𐌴𐌹 𐌾𐌰𐌱𐌰𐌹 𐍅𐌰𐍃𐍄𐌾𐍉𐌼 𐌹𐍃 𐌰𐍄𐍄𐌴𐌺𐌰, 𐌲𐌰𐌽𐌹𐍃𐌰.
okay	train_0772_d1	llm_diversify	1	Wherever	þishvaduh	𐌸𐌹𐍃𐍈𐌰𐌳𐌿𐌷	no	1	þisƕaduh: to whichever place, wherever to, whithersoever	2	þisƕaruh: in whichever place, wherever	2	þisƕazuh: whoever, whomever, whosoever	He said to them, "Wherever you enter into a house, stay there until you depart from there.	jah qaþ du im: þishvaduh þei gaggaiþ in gard, þar saljaiþ, unte usgaggaiþ jainþro.	𐌾𐌰𐌷 𐌵𐌰𐌸 𐌳𐌿 𐌹𐌼: 𐌸𐌹𐍃𐍈𐌰𐌳𐌿𐌷 𐌸𐌴𐌹 𐌲𐌰𐌲𐌲𐌰𐌹𐌸 𐌹𐌽 𐌲𐌰𐍂𐌳, 𐌸𐌰𐍂 𐍃𐌰𐌻𐌾𐌰𐌹𐌸, 𐌿𐌽𐍄𐌴 𐌿𐍃𐌲𐌰𐌲𐌲𐌰𐌹𐌸 𐌾𐌰𐌹𐌽𐌸𐍂𐍉.
okay	train_0779_d2	llm_diversify	1	your	þeinis	𐌸𐌴𐌹𐌽𐌹𐍃	yes	1	þeins: of you, thine, thy, your	2	þēwis: bondsmen, servitors, slaves, thralls	2	seins: her, hers, his, its, of himself, one’s, their, theirs	For John said to Herod, "It is not lawful for you to have your brother's wife."	qaþ auk Iohannes du Heroda þatei ni skuld ist þus haban qen broþrs þeinis.	𐌵𐌰𐌸 𐌰𐌿𐌺 𐌹𐍉𐌷𐌰𐌽𐌽𐌴𐍃 𐌳𐌿 𐌷𐌴𐍂𐍉𐌳𐌰 𐌸𐌰𐍄𐌴𐌹 𐌽𐌹 𐍃𐌺𐌿𐌻𐌳 𐌹𐍃𐍄 𐌸𐌿𐍃 𐌷𐌰𐌱𐌰𐌽 𐌵𐌴𐌽 𐌱𐍂𐍉𐌸𐍂𐍃 𐌸𐌴𐌹𐌽𐌹𐍃.
okay	train_0793_d1	llm_diversify	1	eat	matjand	𐌼𐌰𐍄𐌾𐌰𐌽𐌳	yes	1	matjan: chew, dine, eat, feed (V.)	2	latjan: delay (V.), make late, retard (V.)	2	satjan: determine, establish, place (V.), plant (V.), position (V.),...	The Pharisees and the scribes asked him, "Why don't your disciples walk according to the tradition of the elders, but eat their bread with unwashed hands?"	þaþroh þan frehun ina þai Fareisaieis jah þai bokarjos: duhve þai siponjos þeinai ni gaggand bi þammei anafulhun þai sinistans, ak unþwahanaim handum matjand hlaif?	𐌸𐌰𐌸𐍂𐍉𐌷 𐌸𐌰𐌽 𐍆𐍂𐌴𐌷𐌿𐌽 𐌹𐌽𐌰 𐌸𐌰𐌹 𐍆𐌰𐍂𐌴𐌹𐍃𐌰𐌹𐌴𐌹𐍃 𐌾𐌰𐌷 𐌸𐌰𐌹 𐌱𐍉𐌺𐌰𐍂𐌾𐍉𐍃: 𐌳𐌿𐍈𐌴 𐌸𐌰𐌹 𐍃𐌹𐍀𐍉𐌽𐌾𐍉𐍃 𐌸𐌴𐌹𐌽𐌰𐌹 𐌽𐌹 𐌲𐌰𐌲𐌲𐌰𐌽𐌳 𐌱𐌹 𐌸𐌰𐌼𐌼𐌴𐌹 𐌰𐌽𐌰𐍆𐌿𐌻𐌷𐌿𐌽 𐌸𐌰𐌹 𐍃𐌹𐌽𐌹𐍃𐍄𐌰𐌽𐍃, 𐌰𐌺 𐌿𐌽𐌸𐍅𐌰𐌷𐌰𐌽𐌰𐌹𐌼 𐌷𐌰𐌽𐌳𐌿𐌼 𐌼𐌰𐍄𐌾𐌰𐌽𐌳 𐌷𐌻𐌰𐌹𐍆?
okay	train_0815_d0	llm_diversify	1	gone out	usgaggana	𐌿𐍃𐌲𐌰𐌲𐌲𐌰𐌽𐌰	yes	1	usgaggan: come out, go forth, go out, pass out	2	ūtgaggan: exit (V.), go out	3	gagaggan: assemble, come about, come out, come to be, come to pass, co...	She went away to her house, and found the child having been laid on the bed, with the demon gone out.	jah galeiþandei du garda seinamma bigat unhulþon usgaggana jah þo dauhtar ligandein ana ligra.	𐌾𐌰𐌷 𐌲𐌰𐌻𐌴𐌹𐌸𐌰𐌽𐌳𐌴𐌹 𐌳𐌿 𐌲𐌰𐍂𐌳𐌰 𐍃𐌴𐌹𐌽𐌰𐌼𐌼𐌰 𐌱𐌹𐌲𐌰𐍄 𐌿𐌽𐌷𐌿𐌻𐌸𐍉𐌽 𐌿𐍃𐌲𐌰𐌲𐌲𐌰𐌽𐌰 𐌾𐌰𐌷 𐌸𐍉 𐌳𐌰𐌿𐌷𐍄𐌰𐍂 𐌻𐌹𐌲𐌰𐌽𐌳𐌴𐌹𐌽 𐌰𐌽𐌰 𐌻𐌹𐌲𐍂𐌰.
okay	train_0825_d1	llm_diversify	1	from where	hvaþro	𐍈𐌰𐌸𐍂𐍉	no	1	ƕaþrō: from which, whence, where from	2	þaþrō: after that, after this time, afterwards, from here, from the...	2	ƕaþō: foam (N.), froth (N.)	His disciples answered him, "From where could one satisfy these people with bread here in a deserted place?"	jah andhofun imma siponjos is: hvaþro þans mag hvas gasoþjan hlaibam ana auþidai?	𐌾𐌰𐌷 𐌰𐌽𐌳𐌷𐍉𐍆𐌿𐌽 𐌹𐌼𐌼𐌰 𐍃𐌹𐍀𐍉𐌽𐌾𐍉𐍃 𐌹𐍃: 𐍈𐌰𐌸𐍂𐍉 𐌸𐌰𐌽𐍃 𐌼𐌰𐌲 𐍈𐌰𐍃 𐌲𐌰𐍃𐍉𐌸𐌾𐌰𐌽 𐌷𐌻𐌰𐌹𐌱𐌰𐌼 𐌰𐌽𐌰 𐌰𐌿𐌸𐌹𐌳𐌰𐌹?
okay	train_0837_d1	llm_diversify	1	broken pieces	gabruko	𐌲𐌰𐌱𐍂𐌿𐌺𐍉	yes	1	gabruka: broken piece, crumb (N.), fragment	2	gajukō: female yoke-fellow, female yoke-mate, figure of speech, para...	3	þaírkō: eye of a needle, hole (N.), perforation	"When the seven loaves fed the four thousand, how many baskets full of broken pieces did you take up?" They told him, "Seven."	aþþan þan þans sibun hlaibans fidwor þusundjom, hvan managans spwreidans fullans gabruko usnemuþ? iþ eis qeþun: sibun.	𐌰𐌸𐌸𐌰𐌽 𐌸𐌰𐌽 𐌸𐌰𐌽𐍃 𐍃𐌹𐌱𐌿𐌽 𐌷𐌻𐌰𐌹𐌱𐌰𐌽𐍃 𐍆𐌹𐌳𐍅𐍉𐍂 𐌸𐌿𐍃𐌿𐌽𐌳𐌾𐍉𐌼, 𐍈𐌰𐌽 𐌼𐌰𐌽𐌰𐌲𐌰𐌽𐍃 𐍃𐍀𐍅𐍂𐌴𐌹𐌳𐌰𐌽𐍃 𐍆𐌿𐌻𐌻𐌰𐌽𐍃 𐌲𐌰𐌱𐍂𐌿𐌺𐍉 𐌿𐍃𐌽𐌴𐌼𐌿𐌸? 𐌹𐌸 𐌴𐌹𐍃 𐌵𐌴𐌸𐌿𐌽: 𐍃𐌹𐌱𐌿𐌽.
okay	train_0871_d1	llm_diversify	1	I believe	galaubja	𐌲𐌰𐌻𐌰𐌿𐌱𐌾𐌰	yes	1	galaubjan: be confident of, believe, have confidence in, have faith in,...	2	gadaubjan: be numb, deaden, harden (V.), make insensitive	2	gaarbja: co-heir, co-parcener, fellow heir	Immediately the father of the child cried out with tears, "I believe. Help my unbelief!"	jah sunsaiw ufhropjands sa atta þis barnis miþ tagram qaþ: galaubja; hilp meinaizos ungalaubeinais!	𐌾𐌰𐌷 𐍃𐌿𐌽𐍃𐌰𐌹𐍅 𐌿𐍆𐌷𐍂𐍉𐍀𐌾𐌰𐌽𐌳𐍃 𐍃𐌰 𐌰𐍄𐍄𐌰 𐌸𐌹𐍃 𐌱𐌰𐍂𐌽𐌹𐍃 𐌼𐌹𐌸 𐍄𐌰𐌲𐍂𐌰𐌼 𐌵𐌰𐌸: 𐌲𐌰𐌻𐌰𐌿𐌱𐌾𐌰; 𐌷𐌹𐌻𐍀 𐌼𐌴𐌹𐌽𐌰𐌹𐌶𐍉𐍃 𐌿𐌽𐌲𐌰𐌻𐌰𐌿𐌱𐌴𐌹𐌽𐌰𐌹𐍃!
okay	train_0906_d0	llm_diversify	1	adultery	horinos	𐌷𐍉𐍂𐌹𐌽𐍉𐍃	yes	1	hōrinōn: commit adultery	2	hōrinōnds: adulterous	3	airinōn: be a messenger, be an emissary, negotiate	You know the commandments: 'Do not murder,' 'Do not commit adultery,' 'Do not steal,' 'Do not give false testimony,' 'Do not defraud,' 'Honor your father and mother.'"	þos anabusnins kant: ni horinos; ni maurþrjais; ni hlifais; ni sijais galiugaweitwods; ni anamahtjais; swerai attan þeinana jah aiþein þeina.	𐌸𐍉𐍃 𐌰𐌽𐌰𐌱𐌿𐍃𐌽𐌹𐌽𐍃 𐌺𐌰𐌽𐍄: 𐌽𐌹 𐌷𐍉𐍂𐌹𐌽𐍉𐍃; 𐌽𐌹 𐌼𐌰𐌿𐍂𐌸𐍂𐌾𐌰𐌹𐍃; 𐌽𐌹 𐌷𐌻𐌹𐍆𐌰𐌹𐍃; 𐌽𐌹 𐍃𐌹𐌾𐌰𐌹𐍃 𐌲𐌰𐌻𐌹𐌿𐌲𐌰𐍅𐌴𐌹𐍄𐍅𐍉𐌳𐍃; 𐌽𐌹 𐌰𐌽𐌰𐌼𐌰𐌷𐍄𐌾𐌰𐌹𐍃; 𐍃𐍅𐌴𐍂𐌰𐌹 𐌰𐍄𐍄𐌰𐌽 𐌸𐌴𐌹𐌽𐌰𐌽𐌰 𐌾𐌰𐌷 𐌰𐌹𐌸𐌴𐌹𐌽 𐌸𐌴𐌹𐌽𐌰.
okay	train_0934_d1	llm_diversify	1	Why	duhve	𐌳𐌿𐍈𐌴	no	1	duƕē: what for, wherefore, why	2	dūþē: because, for this purpose, for this reason, on account of th...	3	untē: as long as, by reason of the fact that, for, on account of t...	If anyone asks you, 'Why are you doing this?' say, 'The Lord needs him;' and immediately he will send him back here."	jah jabai hvas iggqis qiþai: duhve þata taujats? qiþaits: þatei frauja þis gairneiþ; jah sunsaiw ina insandeiþ hidre.	𐌾𐌰𐌷 𐌾𐌰𐌱𐌰𐌹 𐍈𐌰𐍃 𐌹𐌲𐌲𐌵𐌹𐍃 𐌵𐌹𐌸𐌰𐌹: 𐌳𐌿𐍈𐌴 𐌸𐌰𐍄𐌰 𐍄𐌰𐌿𐌾𐌰𐍄𐍃? 𐌵𐌹𐌸𐌰𐌹𐍄𐍃: 𐌸𐌰𐍄𐌴𐌹 𐍆𐍂𐌰𐌿𐌾𐌰 𐌸𐌹𐍃 𐌲𐌰𐌹𐍂𐌽𐌴𐌹𐌸; 𐌾𐌰𐌷 𐍃𐌿𐌽𐍃𐌰𐌹𐍅 𐌹𐌽𐌰 𐌹𐌽𐍃𐌰𐌽𐌳𐌴𐌹𐌸 𐌷𐌹𐌳𐍂𐌴.
okay	train_0990_d0	llm_diversify	1	How	hvaiwa	𐍈𐌰𐌹𐍅𐌰	no	1	ƕaiwa: how, how much, somehow	2	hlaiw: burial cave, grave, sepulchre, tomb	2	hraiw: carrion	Jesus responded, as he taught in the temple, "How is it that the scribes say that the Christ is the son of David?	jah andhafjands Iesus qaþ laisjands in alh: hvaiwa qiþand þai bokarjos þatei Xristus sunus ist Daweidis?	𐌾𐌰𐌷 𐌰𐌽𐌳𐌷𐌰𐍆𐌾𐌰𐌽𐌳𐍃 𐌹𐌴𐍃𐌿𐍃 𐌵𐌰𐌸 𐌻𐌰𐌹𐍃𐌾𐌰𐌽𐌳𐍃 𐌹𐌽 𐌰𐌻𐌷: 𐍈𐌰𐌹𐍅𐌰 𐌵𐌹𐌸𐌰𐌽𐌳 𐌸𐌰𐌹 𐌱𐍉𐌺𐌰𐍂𐌾𐍉𐍃 𐌸𐌰𐍄𐌴𐌹 𐍇𐍂𐌹𐍃𐍄𐌿𐍃 𐍃𐌿𐌽𐌿𐍃 𐌹𐍃𐍄 𐌳𐌰𐍅𐌴𐌹𐌳𐌹𐍃?
okay	train_0990_d1	llm_diversify	1	How	hvaiwa	𐍈𐌰𐌹𐍅𐌰	no	1	ƕaiwa: how, how much, somehow	2	hlaiw: burial cave, grave, sepulchre, tomb	2	hraiw: carrion	Jesus responded, as he taught in the temple, "How is it that the scribes say that the Christ is the son of David?	jah andhafjands Iesus qaþ laisjands in alh: hvaiwa qiþand þai bokarjos þatei Xristus sunus ist Daweidis?	𐌾𐌰𐌷 𐌰𐌽𐌳𐌷𐌰𐍆𐌾𐌰𐌽𐌳𐍃 𐌹𐌴𐍃𐌿𐍃 𐌵𐌰𐌸 𐌻𐌰𐌹𐍃𐌾𐌰𐌽𐌳𐍃 𐌹𐌽 𐌰𐌻𐌷: 𐍈𐌰𐌹𐍅𐌰 𐌵𐌹𐌸𐌰𐌽𐌳 𐌸𐌰𐌹 𐌱𐍉𐌺𐌰𐍂𐌾𐍉𐍃 𐌸𐌰𐍄𐌴𐌹 𐍇𐍂𐌹𐍃𐍄𐌿𐍃 𐍃𐌿𐌽𐌿𐍃 𐌹𐍃𐍄 𐌳𐌰𐍅𐌴𐌹𐌳𐌹𐍃?
okay	train_1012_d1	llm_diversify	1	eat	matjau	𐌼𐌰𐍄𐌾𐌰𐌿	yes	1	matjan: chew, dine, eat, feed (V.)	2	latjan: delay (V.), make late, retard (V.)	2	satjan: determine, establish, place (V.), plant (V.), position (V.),...	and wherever he enters in, tell the master of the house, 'The Teacher says, "Where is the guest room, where I may eat the Passover with my disciples?"'	jah þadei inngaleiþai, qiþaits þamma heiwafraujin þatei laisareis qiþiþ: hvar sind saliþwos þarei paska miþ siponjam meinaim matjau?	𐌾𐌰𐌷 𐌸𐌰𐌳𐌴𐌹 𐌹𐌽𐌽𐌲𐌰𐌻𐌴𐌹𐌸𐌰𐌹, 𐌵𐌹𐌸𐌰𐌹𐍄𐍃 𐌸𐌰𐌼𐌼𐌰 𐌷𐌴𐌹𐍅𐌰𐍆𐍂𐌰𐌿𐌾𐌹𐌽 𐌸𐌰𐍄𐌴𐌹 𐌻𐌰𐌹𐍃𐌰𐍂𐌴𐌹𐍃 𐌵𐌹𐌸𐌹𐌸: 𐍈𐌰𐍂 𐍃𐌹𐌽𐌳 𐍃𐌰𐌻𐌹𐌸𐍅𐍉𐍃 𐌸𐌰𐍂𐌴𐌹 𐍀𐌰𐍃𐌺𐌰 𐌼𐌹𐌸 𐍃𐌹𐍀𐍉𐌽𐌾𐌰𐌼 𐌼𐌴𐌹𐌽𐌰𐌹𐌼 𐌼𐌰𐍄𐌾𐌰𐌿?
okay	train_1029_d1	llm_diversify	1	three	þrins	𐌸𐍂𐌹𐌽𐍃	yes	1	þeins: of you, thine, thy, your	2	ains: a, alone, an, anyone, once (= ainamma sinþa), one, only, sin...	2	friks: addicted, greedy, lustful	"We heard him say, 'I will destroy this temple that is made with hands, and in three days I will build another made without hands.'"	þatei weis gahausidedum qiþandan ina þatei ik gataira alh þo handuwaurhton jah bi þrins dagans anþara unhanduwaurhta gatimrja.	𐌸𐌰𐍄𐌴𐌹 𐍅𐌴𐌹𐍃 𐌲𐌰𐌷𐌰𐌿𐍃𐌹𐌳𐌴𐌳𐌿𐌼 𐌵𐌹𐌸𐌰𐌽𐌳𐌰𐌽 𐌹𐌽𐌰 𐌸𐌰𐍄𐌴𐌹 𐌹𐌺 𐌲𐌰𐍄𐌰𐌹𐍂𐌰 𐌰𐌻𐌷 𐌸𐍉 𐌷𐌰𐌽𐌳𐌿𐍅𐌰𐌿𐍂𐌷𐍄𐍉𐌽 𐌾𐌰𐌷 𐌱𐌹 𐌸𐍂𐌹𐌽𐍃 𐌳𐌰𐌲𐌰𐌽𐍃 𐌰𐌽𐌸𐌰𐍂𐌰 𐌿𐌽𐌷𐌰𐌽𐌳𐌿𐍅𐌰𐌿𐍂𐌷𐍄𐌰 𐌲𐌰𐍄𐌹𐌼𐍂𐌾𐌰.
okay	train_1042_d2	llm_diversify	1	you say	qiþis	𐌵𐌹𐌸𐌹𐍃	yes	1	qiþus: belly, stomach, womb	2	qius: alive, having life, living (Adj.)	2	niþjis: kinsman, male blood-relative	Pilate asked him, "Are you the King of the Jews?" He answered, "So you say."	jah frah ina Peilatus: þu is þiudans Iudaie? iþ is andhafjands qaþ du imma: þu qiþis.	𐌾𐌰𐌷 𐍆𐍂𐌰𐌷 𐌹𐌽𐌰 𐍀𐌴𐌹𐌻𐌰𐍄𐌿𐍃: 𐌸𐌿 𐌹𐍃 𐌸𐌹𐌿𐌳𐌰𐌽𐍃 𐌹𐌿𐌳𐌰𐌹𐌴? 𐌹𐌸 𐌹𐍃 𐌰𐌽𐌳𐌷𐌰𐍆𐌾𐌰𐌽𐌳𐍃 𐌵𐌰𐌸 𐌳𐌿 𐌹𐌼𐌼𐌰: 𐌸𐌿 𐌵𐌹𐌸𐌹𐍃.
okay	train_1102_d1	llm_diversify	1	put away	afletai	𐌰𐍆𐌻𐌴𐍄𐌰𐌹	yes	1	aflētan: absolve, forgive, leave (V.), let go, let off, release (V.),...	2	aflēt: forgiveness, indulgence, letting off, pardon (N.)	3	lētan: allow, emit, leave (V.), leave alone, let (V.), let alone, l...	"It was also said, 'Whoever shall put away his wife, let him give her a writing of divorce,'	qiþanuh þan ist þatei hvazuh saei afletai qen, gibai izai afstassais bokos.	𐌵𐌹𐌸𐌰𐌽𐌿𐌷 𐌸𐌰𐌽 𐌹𐍃𐍄 𐌸𐌰𐍄𐌴𐌹 𐍈𐌰𐌶𐌿𐌷 𐍃𐌰𐌴𐌹 𐌰𐍆𐌻𐌴𐍄𐌰𐌹 𐌵𐌴𐌽, 𐌲𐌹𐌱𐌰𐌹 𐌹𐌶𐌰𐌹 𐌰𐍆𐍃𐍄𐌰𐍃𐍃𐌰𐌹𐍃 𐌱𐍉𐌺𐍉𐍃.
okay	train_1103_d0	llm_diversify	1	sexual immorality	kalkinassaus	𐌺𐌰𐌻𐌺𐌹𐌽𐌰𐍃𐍃𐌰𐌿𐍃	yes	1	kalkinassus: adultery, fornication, illicit sexual intercourse	2	skalkinassus: idolatry, service, servitude, slavery, worship (N.)	4	lēkinassus: cure (N.), curing (N.), healing (N.)	but I tell you that whoever puts away his wife, except for the cause of sexual immorality, makes her an adulteress; and whoever marries her when she is put away commits adultery.	iþ ik qiþa izwis þatei hvazuh saei afletiþ qen seina, inuh fairina kalkinassaus, taujiþ þo horinon; jah sa ize afsatida liugaiþ, horinoþ.	𐌹𐌸 𐌹𐌺 𐌵𐌹𐌸𐌰 𐌹𐌶𐍅𐌹𐍃 𐌸𐌰𐍄𐌴𐌹 𐍈𐌰𐌶𐌿𐌷 𐍃𐌰𐌴𐌹 𐌰𐍆𐌻𐌴𐍄𐌹𐌸 𐌵𐌴𐌽 𐍃𐌴𐌹𐌽𐌰, 𐌹𐌽𐌿𐌷 𐍆𐌰𐌹𐍂𐌹𐌽𐌰 𐌺𐌰𐌻𐌺𐌹𐌽𐌰𐍃𐍃𐌰𐌿𐍃, 𐍄𐌰𐌿𐌾𐌹𐌸 𐌸𐍉 𐌷𐍉𐍂𐌹𐌽𐍉𐌽; 𐌾𐌰𐌷 𐍃𐌰 𐌹𐌶𐌴 𐌰𐍆𐍃𐌰𐍄𐌹𐌳𐌰 𐌻𐌹𐌿𐌲𐌰𐌹𐌸, 𐌷𐍉𐍂𐌹𐌽𐍉𐌸.
okay	train_1124_d0	llm_diversify	1	come	qimai	𐌵𐌹𐌼𐌰𐌹	yes	1	qiman: arrive, come, get to; lat. venire	2	niman: accept (V.), get, pick up, receive, take away, take unto o. ...	2	timan: be congruent with, fit in with	Let your Kingdom come. Let your will be done, as in heaven, so on earth.	qimai þiudinassus þeins. wairþai wilja þeins, swe in himina jah ana airþai.	𐌵𐌹𐌼𐌰𐌹 𐌸𐌹𐌿𐌳𐌹𐌽𐌰𐍃𐍃𐌿𐍃 𐌸𐌴𐌹𐌽𐍃. 𐍅𐌰𐌹𐍂𐌸𐌰𐌹 𐍅𐌹𐌻𐌾𐌰 𐌸𐌴𐌹𐌽𐍃, 𐍃𐍅𐌴 𐌹𐌽 𐌷𐌹𐌼𐌹𐌽𐌰 𐌾𐌰𐌷 𐌰𐌽𐌰 𐌰𐌹𐍂𐌸𐌰𐌹.
okay	train_1149_d1	llm_diversify	1	tree	bagme	𐌱𐌰𐌲𐌼𐌴	yes	1	bagms: tree	2	bagks: bench	2	barms: bosom, breast (N.), lap (N.)	Every tree that doesn't grow good fruit is cut down, and thrown into the fire.	all bagme ni taujandane akran god usmaitada jah in fon atlagjada.	𐌰𐌻𐌻 𐌱𐌰𐌲𐌼𐌴 𐌽𐌹 𐍄𐌰𐌿𐌾𐌰𐌽𐌳𐌰𐌽𐌴 𐌰𐌺𐍂𐌰𐌽 𐌲𐍉𐌳 𐌿𐍃𐌼𐌰𐌹𐍄𐌰𐌳𐌰 𐌾𐌰𐌷 𐌹𐌽 𐍆𐍉𐌽 𐌰𐍄𐌻𐌰𐌲𐌾𐌰𐌳𐌰.
okay	train_1170_d0	llm_diversify	1	wife's mother	swaihron	𐍃𐍅𐌰𐌹𐌷𐍂𐍉𐌽	yes	1	swaíhrō: mother-in-law	2	swaíhra: father-in-law	2	spaíhōn: peer (V.)	When Jesus came into Peter's house, he saw his wife's mother lying sick with a fever.	jah qimands Iesus in garda Paitraus, jah gasahv swaihron is ligandein in heitom.	𐌾𐌰𐌷 𐌵𐌹𐌼𐌰𐌽𐌳𐍃 𐌹𐌴𐍃𐌿𐍃 𐌹𐌽 𐌲𐌰𐍂𐌳𐌰 𐍀𐌰𐌹𐍄𐍂𐌰𐌿𐍃, 𐌾𐌰𐌷 𐌲𐌰𐍃𐌰𐍈 𐍃𐍅𐌰𐌹𐌷𐍂𐍉𐌽 𐌹𐍃 𐌻𐌹𐌲𐌰𐌽𐌳𐌴𐌹𐌽 𐌹𐌽 𐌷𐌴𐌹𐍄𐍉𐌼.
okay	train_1170_d2	llm_diversify	1	wife's mother	swaihron	𐍃𐍅𐌰𐌹𐌷𐍂𐍉𐌽	yes	1	swaíhrō: mother-in-law	2	swaíhra: father-in-law	2	spaíhōn: peer (V.)	When Jesus came into Peter's house, he saw his wife's mother lying sick with a fever.	jah qimands Iesus in garda Paitraus, jah gasahv swaihron is ligandein in heitom.	𐌾𐌰𐌷 𐌵𐌹𐌼𐌰𐌽𐌳𐍃 𐌹𐌴𐍃𐌿𐍃 𐌹𐌽 𐌲𐌰𐍂𐌳𐌰 𐍀𐌰𐌹𐍄𐍂𐌰𐌿𐍃, 𐌾𐌰𐌷 𐌲𐌰𐍃𐌰𐍈 𐍃𐍅𐌰𐌹𐌷𐍂𐍉𐌽 𐌹𐍃 𐌻𐌹𐌲𐌰𐌽𐌳𐌴𐌹𐌽 𐌹𐌽 𐌷𐌴𐌹𐍄𐍉𐌼.
okay	train_1174_d0	llm_diversify	1	go	gaggis	𐌲𐌰𐌲𐌲𐌹𐍃	yes	1	gaggi: walk (N.), walking (N.)	2	Aggils: Angle	2	glaggws: meticulous, with attention to detail	A scribe came, and said to him, "Teacher, I will follow you wherever you go."	jah duatgaggands ains bokareis qaþ du imma: laisari, laistja þuk, þishvaduh þadei gaggis.	𐌾𐌰𐌷 𐌳𐌿𐌰𐍄𐌲𐌰𐌲𐌲𐌰𐌽𐌳𐍃 𐌰𐌹𐌽𐍃 𐌱𐍉𐌺𐌰𐍂𐌴𐌹𐍃 𐌵𐌰𐌸 𐌳𐌿 𐌹𐌼𐌼𐌰: 𐌻𐌰𐌹𐍃𐌰𐍂𐌹, 𐌻𐌰𐌹𐍃𐍄𐌾𐌰 𐌸𐌿𐌺, 𐌸𐌹𐍃𐍈𐌰𐌳𐌿𐌷 𐌸𐌰𐌳𐌴𐌹 𐌲𐌰𐌲𐌲𐌹𐍃.
okay	train_1185_d1	llm_diversify	1	cheer up	þrafstei	𐌸𐍂𐌰𐍆𐍃𐍄𐌴𐌹	yes	1	þramstei: cicada, grasshopper, locust	2	þrafsteins: comfort (N.), consolation, encouragement, heartening (N.)	2	þrafsts: consolation	Behold, they brought to him a man who was paralyzed, lying on a bed. Jesus, seeing their faith, said to the paralytic, "Son, cheer up! Your sins are forgiven you."	þanuh atberun du imma usliþan ana ligra ligandan. jah gasaihvands Iesus galaubein ize qaþ du þamma usliþin: þrafstei þuk, barnilo! afletanda þus frawaurhteis þeinos.	𐌸𐌰𐌽𐌿𐌷 𐌰𐍄𐌱𐌴𐍂𐌿𐌽 𐌳𐌿 𐌹𐌼𐌼𐌰 𐌿𐍃𐌻𐌹𐌸𐌰𐌽 𐌰𐌽𐌰 𐌻𐌹𐌲𐍂𐌰 𐌻𐌹𐌲𐌰𐌽𐌳𐌰𐌽. 𐌾𐌰𐌷 𐌲𐌰𐍃𐌰𐌹𐍈𐌰𐌽𐌳𐍃 𐌹𐌴𐍃𐌿𐍃 𐌲𐌰𐌻𐌰𐌿𐌱𐌴𐌹𐌽 𐌹𐌶𐌴 𐌵𐌰𐌸 𐌳𐌿 𐌸𐌰𐌼𐌼𐌰 𐌿𐍃𐌻𐌹𐌸𐌹𐌽: 𐌸𐍂𐌰𐍆𐍃𐍄𐌴𐌹 𐌸𐌿𐌺, 𐌱𐌰𐍂𐌽𐌹𐌻𐍉! 𐌰𐍆𐌻𐌴𐍄𐌰𐌽𐌳𐌰 𐌸𐌿𐍃 𐍆𐍂𐌰𐍅𐌰𐌿𐍂𐌷𐍄𐌴𐌹𐍃 𐌸𐌴𐌹𐌽𐍉𐍃.
okay	train_1209_d0	llm_diversify	1	mute	dumba	𐌳𐌿𐌼𐌱𐌰	yes	1	dumbs: dumb, mute, voiceless	2	wamba: belly (N.), internal abdominal organs, uterus, viscera, womb	2	guma: male human being, man (M.)	When the demon was cast out, the mute man spoke. The multitudes marveled, saying, "Nothing like this has ever been seen in Israel!"	jah biþe usdribans warþ unhulþo, rodida sa dumba, jah sildaleikidedun manageins qiþandans: ni aiw swa uskunþ was in Israela.	𐌾𐌰𐌷 𐌱𐌹𐌸𐌴 𐌿𐍃𐌳𐍂𐌹𐌱𐌰𐌽𐍃 𐍅𐌰𐍂𐌸 𐌿𐌽𐌷𐌿𐌻𐌸𐍉, 𐍂𐍉𐌳𐌹𐌳𐌰 𐍃𐌰 𐌳𐌿𐌼𐌱𐌰, 𐌾𐌰𐌷 𐍃𐌹𐌻𐌳𐌰𐌻𐌴𐌹𐌺𐌹𐌳𐌴𐌳𐌿𐌽 𐌼𐌰𐌽𐌰𐌲𐌴𐌹𐌽𐍃 𐌵𐌹𐌸𐌰𐌽𐌳𐌰𐌽𐍃: 𐌽𐌹 𐌰𐌹𐍅 𐍃𐍅𐌰 𐌿𐍃𐌺𐌿𐌽𐌸 𐍅𐌰𐍃 𐌹𐌽 𐌹𐍃𐍂𐌰𐌴𐌻𐌰.
okay	train_1220_d0	llm_diversify	1	deny	afaika	𐌰𐍆𐌰𐌹𐌺𐌰	yes	1	afaikan: abjure, deny, disavow, forswear, renounce (V.)	2	afara: descendant	2	falka: falcon, hawk	But whoever denies me before men, him I will also deny before my Father who is in heaven.	iþ þishvanoh saei afaikiþ mik in andwairþja manne, afaika jah ik ina in andwairþja attins meinis þis saei in himinam ist.	𐌹𐌸 𐌸𐌹𐍃𐍈𐌰𐌽𐍉𐌷 𐍃𐌰𐌴𐌹 𐌰𐍆𐌰𐌹𐌺𐌹𐌸 𐌼𐌹𐌺 𐌹𐌽 𐌰𐌽𐌳𐍅𐌰𐌹𐍂𐌸𐌾𐌰 𐌼𐌰𐌽𐌽𐌴, 𐌰𐍆𐌰𐌹𐌺𐌰 𐌾𐌰𐌷 𐌹𐌺 𐌹𐌽𐌰 𐌹𐌽 𐌰𐌽𐌳𐍅𐌰𐌹𐍂𐌸𐌾𐌰 𐌰𐍄𐍄𐌹𐌽𐍃 𐌼𐌴𐌹𐌽𐌹𐍃 𐌸𐌹𐍃 𐍃𐌰𐌴𐌹 𐌹𐌽 𐌷𐌹𐌼𐌹𐌽𐌰𐌼 𐌹𐍃𐍄.
okay	train_1220_d1	llm_diversify	1	my	meinis	𐌼𐌴𐌹𐌽𐌹𐍃	yes	1	meins: mine (Pron.), my	2	mains: common	2	mēreis: famed, reputed	But whoever denies me before men, him I will also deny before my Father who is in heaven.	iþ þishvanoh saei afaikiþ mik in andwairþja manne, afaika jah ik ina in andwairþja attins meinis þis saei in himinam ist.	𐌹𐌸 𐌸𐌹𐍃𐍈𐌰𐌽𐍉𐌷 𐍃𐌰𐌴𐌹 𐌰𐍆𐌰𐌹𐌺𐌹𐌸 𐌼𐌹𐌺 𐌹𐌽 𐌰𐌽𐌳𐍅𐌰𐌹𐍂𐌸𐌾𐌰 𐌼𐌰𐌽𐌽𐌴, 𐌰𐍆𐌰𐌹𐌺𐌰 𐌾𐌰𐌷 𐌹𐌺 𐌹𐌽𐌰 𐌹𐌽 𐌰𐌽𐌳𐍅𐌰𐌹𐍂𐌸𐌾𐌰 𐌰𐍄𐍄𐌹𐌽𐍃 𐌼𐌴𐌹𐌽𐌹𐍃 𐌸𐌹𐍃 𐍃𐌰𐌴𐌹 𐌹𐌽 𐌷𐌹𐌼𐌹𐌽𐌰𐌼 𐌹𐍃𐍄.
okay	train_1261_d0	llm_diversify	1	another	anþara	𐌰𐌽𐌸𐌰𐍂𐌰	yes	1	anþar: another, other, second (Adj.), the other	2	afara: descendant	3	ufara: superior, the one above	When he had gone out onto the porch, someone else saw him, and said to those who were there, "This man also was with Jesus of Nazareth."	usgaggandan þan ina in daur, gasahv ina anþara jah qaþ du þaim jainar: jah sa was miþ Iesua þamma Nazoraiau.	𐌿𐍃𐌲𐌰𐌲𐌲𐌰𐌽𐌳𐌰𐌽 𐌸𐌰𐌽 𐌹𐌽𐌰 𐌹𐌽 𐌳𐌰𐌿𐍂, 𐌲𐌰𐍃𐌰𐍈 𐌹𐌽𐌰 𐌰𐌽𐌸𐌰𐍂𐌰 𐌾𐌰𐌷 𐌵𐌰𐌸 𐌳𐌿 𐌸𐌰𐌹𐌼 𐌾𐌰𐌹𐌽𐌰𐍂: 𐌾𐌰𐌷 𐍃𐌰 𐍅𐌰𐍃 𐌼𐌹𐌸 𐌹𐌴𐍃𐌿𐌰 𐌸𐌰𐌼𐌼𐌰 𐌽𐌰𐌶𐍉𐍂𐌰𐌹𐌰𐌿.
okay	train_1261_d1	llm_diversify	1	someone else	anþara	𐌰𐌽𐌸𐌰𐍂𐌰	yes	1	anþar: another, other, second (Adj.), the other	2	afara: descendant	3	ufara: superior, the one above	When he had gone out onto the porch, someone else saw him, and said to those who were there, "This man also was with Jesus of Nazareth."	usgaggandan þan ina in daur, gasahv ina anþara jah qaþ du þaim jainar: jah sa was miþ Iesua þamma Nazoraiau.	𐌿𐍃𐌲𐌰𐌲𐌲𐌰𐌽𐌳𐌰𐌽 𐌸𐌰𐌽 𐌹𐌽𐌰 𐌹𐌽 𐌳𐌰𐌿𐍂, 𐌲𐌰𐍃𐌰𐍈 𐌹𐌽𐌰 𐌰𐌽𐌸𐌰𐍂𐌰 𐌾𐌰𐌷 𐌵𐌰𐌸 𐌳𐌿 𐌸𐌰𐌹𐌼 𐌾𐌰𐌹𐌽𐌰𐍂: 𐌾𐌰𐌷 𐍃𐌰 𐍅𐌰𐍃 𐌼𐌹𐌸 𐌹𐌴𐍃𐌿𐌰 𐌸𐌰𐌼𐌼𐌰 𐌽𐌰𐌶𐍉𐍂𐌰𐌹𐌰𐌿.
okay	train_1262_d0	llm_diversify	1	another	anþara	𐌰𐌽𐌸𐌰𐍂𐌰	yes	1	anþar: another, other, second (Adj.), the other	2	afara: descendant	3	ufara: superior, the one above	When he had gone out onto the porch, someone else saw him, and said to those who were there, "This man also was with Jesus of Nazareth."	usgaggandan þan ina in daur, gasahv ina anþara jah qaþ du þaim jainar: jas~sa was miþ Iesua þamma Nazoraiau.	𐌿𐍃𐌲𐌰𐌲𐌲𐌰𐌽𐌳𐌰𐌽 𐌸𐌰𐌽 𐌹𐌽𐌰 𐌹𐌽 𐌳𐌰𐌿𐍂, 𐌲𐌰𐍃𐌰𐍈 𐌹𐌽𐌰 𐌰𐌽𐌸𐌰𐍂𐌰 𐌾𐌰𐌷 𐌵𐌰𐌸 𐌳𐌿 𐌸𐌰𐌹𐌼 𐌾𐌰𐌹𐌽𐌰𐍂: 𐌾𐌰𐍃~𐍃𐌰 𐍅𐌰𐍃 𐌼𐌹𐌸 𐌹𐌴𐍃𐌿𐌰 𐌸𐌰𐌼𐌼𐌰 𐌽𐌰𐌶𐍉𐍂𐌰𐌹𐌰𐌿.
okay	train_1291_d3	llm_diversify	1	truly	sunjai	𐍃𐌿𐌽𐌾𐌰𐌹	yes	1	sunja: thruthfulness, truth, veracity, verity	2	sunsei: as soon as, at the same time that, immediately when, in the ...	2	sunjōn: defend as true, defend o.s., justify as true, show to be in ...	Now the centurion, and those who were with him watching Jesus, when they saw the earthquake, and the things that were done, feared exceedingly, saying, "Truly this was the Son of God."	iþ hundafaþs jah þai miþ imma witandans Iesua, gasaihvandans þo reiron jah þo waurþanona, ohtedun abraba, qiþandans: bi sunjai gudis sunus ist sa.	𐌹𐌸 𐌷𐌿𐌽𐌳𐌰𐍆𐌰𐌸𐍃 𐌾𐌰𐌷 𐌸𐌰𐌹 𐌼𐌹𐌸 𐌹𐌼𐌼𐌰 𐍅𐌹𐍄𐌰𐌽𐌳𐌰𐌽𐍃 𐌹𐌴𐍃𐌿𐌰, 𐌲𐌰𐍃𐌰𐌹𐍈𐌰𐌽𐌳𐌰𐌽𐍃 𐌸𐍉 𐍂𐌴𐌹𐍂𐍉𐌽 𐌾𐌰𐌷 𐌸𐍉 𐍅𐌰𐌿𐍂𐌸𐌰𐌽𐍉𐌽𐌰, 𐍉𐌷𐍄𐌴𐌳𐌿𐌽 𐌰𐌱𐍂𐌰𐌱𐌰, 𐌵𐌹𐌸𐌰𐌽𐌳𐌰𐌽𐍃: 𐌱𐌹 𐍃𐌿𐌽𐌾𐌰𐌹 𐌲𐌿𐌳𐌹𐍃 𐍃𐌿𐌽𐌿𐍃 𐌹𐍃𐍄 𐍃𐌰.
okay	train_0033_d0	llm_diversify	1	hill country	bairgahein	𐌱𐌰𐌹𐍂𐌲𐌰𐌷𐌴𐌹𐌽	yes	1	baírgahei: hill country, mountainous area	3	baírgahs: hilly, mountainous	3	baírgan: keep, preserve (V.), protect	Mary arose in those days and went into the hill country with haste, into a city of Judah,	usstandandei þan Mariam in þaim dagam iddja in bairgahein sniumundo in baurg Iudins,	𐌿𐍃𐍃𐍄𐌰𐌽𐌳𐌰𐌽𐌳𐌴𐌹 𐌸𐌰𐌽 𐌼𐌰𐍂𐌹𐌰𐌼 𐌹𐌽 𐌸𐌰𐌹𐌼 𐌳𐌰𐌲𐌰𐌼 𐌹𐌳𐌳𐌾𐌰 𐌹𐌽 𐌱𐌰𐌹𐍂𐌲𐌰𐌷𐌴𐌹𐌽 𐍃𐌽𐌹𐌿𐌼𐌿𐌽𐌳𐍉 𐌹𐌽 𐌱𐌰𐌿𐍂𐌲 𐌹𐌿𐌳𐌹𐌽𐍃,
okay	train_0098_d0	llm_diversify	1	virginity	magaþein	𐌼𐌰𐌲𐌰𐌸𐌴𐌹𐌽	yes	1	magaþei: maidenhood, virginity	3	magan: be able, be powerful, can (V.), have the ability	3	managei: crowd (N.), multitude, people, throng	There was one Anna, a prophetess, the daughter of Phanuel, of the tribe of Asher (she was of a great age, having lived with a husband seven years from her virginity,	jah was Anna praufeteis, dauhtar Fanuelis, us kunja Aseris; soh framaldra dage managaize libandei miþ abin jera sibun fram magaþein seinai,	𐌾𐌰𐌷 𐍅𐌰𐍃 𐌰𐌽𐌽𐌰 𐍀𐍂𐌰𐌿𐍆𐌴𐍄𐌴𐌹𐍃, 𐌳𐌰𐌿𐌷𐍄𐌰𐍂 𐍆𐌰𐌽𐌿𐌴𐌻𐌹𐍃, 𐌿𐍃 𐌺𐌿𐌽𐌾𐌰 𐌰𐍃𐌴𐍂𐌹𐍃; 𐍃𐍉𐌷 𐍆𐍂𐌰𐌼𐌰𐌻𐌳𐍂𐌰 𐌳𐌰𐌲𐌴 𐌼𐌰𐌽𐌰𐌲𐌰𐌹𐌶𐌴 𐌻𐌹𐌱𐌰𐌽𐌳𐌴𐌹 𐌼𐌹𐌸 𐌰𐌱𐌹𐌽 𐌾𐌴𐍂𐌰 𐍃𐌹𐌱𐌿𐌽 𐍆𐍂𐌰𐌼 𐌼𐌰𐌲𐌰𐌸𐌴𐌹𐌽 𐍃𐌴𐌹𐌽𐌰𐌹,
okay	train_0244_d1	llm_diversify	1	fall	gadriusand	𐌲𐌰𐌳𐍂𐌹𐌿𐍃𐌰𐌽𐌳	yes	1	gadriusan: fall (V.), fall down, plunge (V.)	3	gakiusan: approve, choose as proven, prove by testing, test (V.), try ...	3	atdriusan: fall down at, fall into, fall towards	He spoke a parable to them. "Can the blind guide the blind? Won't they both fall into a pit?	qaþuh þan gajukon im: ibai mag blinds blindana tiuhan? niu bai in dal gadriusand?	𐌵𐌰𐌸𐌿𐌷 𐌸𐌰𐌽 𐌲𐌰𐌾𐌿𐌺𐍉𐌽 𐌹𐌼: 𐌹𐌱𐌰𐌹 𐌼𐌰𐌲 𐌱𐌻𐌹𐌽𐌳𐍃 𐌱𐌻𐌹𐌽𐌳𐌰𐌽𐌰 𐍄𐌹𐌿𐌷𐌰𐌽? 𐌽𐌹𐌿 𐌱𐌰𐌹 𐌹𐌽 𐌳𐌰𐌻 𐌲𐌰𐌳𐍂𐌹𐌿𐍃𐌰𐌽𐌳?
okay	train_0381_d0	llm_diversify	1	announce	gaspillo	𐌲𐌰𐍃𐍀𐌹𐌻𐌻𐍉	yes	1	gaspillōn: announce, promulgate, tell	3	spilla: announcer, herald, proclaimer, promulgator, teller	3	kapillōn: cut the hair	But Jesus said to him, "Leave the dead to bury their own dead, but you go and announce the Kingdom of God."	qaþ þan du imma Iesus: let þans dauþans usfilhan seinans nawins: iþ þu gagg jah gaspillo þiudangardja gudis.	𐌵𐌰𐌸 𐌸𐌰𐌽 𐌳𐌿 𐌹𐌼𐌼𐌰 𐌹𐌴𐍃𐌿𐍃: 𐌻𐌴𐍄 𐌸𐌰𐌽𐍃 𐌳𐌰𐌿𐌸𐌰𐌽𐍃 𐌿𐍃𐍆𐌹𐌻𐌷𐌰𐌽 𐍃𐌴𐌹𐌽𐌰𐌽𐍃 𐌽𐌰𐍅𐌹𐌽𐍃: 𐌹𐌸 𐌸𐌿 𐌲𐌰𐌲𐌲 𐌾𐌰𐌷 𐌲𐌰𐍃𐍀𐌹𐌻𐌻𐍉 𐌸𐌹𐌿𐌳𐌰𐌽𐌲𐌰𐍂𐌳𐌾𐌰 𐌲𐌿𐌳𐌹𐍃.
okay	train_0392_d0	llm_diversify	1	wipe off	afhrisjam	𐌰𐍆𐌷𐍂𐌹𐍃𐌾𐌰𐌼	yes	1	afhrisjan: shake off	3	afhrainjan: cleanse away, wipe out	3	ushrisjan: shake off	'Even the dust from your city that clings to us, we wipe off against you. Nevertheless know this, that the Kingdom of God has come near to you.'	jah stubju þana gahaftnandan unsis us þizai baurg izwarai ana fotuns unsarans afhrisjam izwis; sweþauh þata witeiþ þatei atnehvida sik ana izwis þiudangardi gudis.	𐌾𐌰𐌷 𐍃𐍄𐌿𐌱𐌾𐌿 𐌸𐌰𐌽𐌰 𐌲𐌰𐌷𐌰𐍆𐍄𐌽𐌰𐌽𐌳𐌰𐌽 𐌿𐌽𐍃𐌹𐍃 𐌿𐍃 𐌸𐌹𐌶𐌰𐌹 𐌱𐌰𐌿𐍂𐌲 𐌹𐌶𐍅𐌰𐍂𐌰𐌹 𐌰𐌽𐌰 𐍆𐍉𐍄𐌿𐌽𐍃 𐌿𐌽𐍃𐌰𐍂𐌰𐌽𐍃 𐌰𐍆𐌷𐍂𐌹𐍃𐌾𐌰𐌼 𐌹𐌶𐍅𐌹𐍃; 𐍃𐍅𐌴𐌸𐌰𐌿𐌷 𐌸𐌰𐍄𐌰 𐍅𐌹𐍄𐌴𐌹𐌸 𐌸𐌰𐍄𐌴𐌹 𐌰𐍄𐌽𐌴𐍈𐌹𐌳𐌰 𐍃𐌹𐌺 𐌰𐌽𐌰 𐌹𐌶𐍅𐌹𐍃 𐌸𐌹𐌿𐌳𐌰𐌽𐌲𐌰𐍂𐌳𐌹 𐌲𐌿𐌳𐌹𐍃.
okay	train_0470_d1	llm_diversify	1	mustard	sinapis	𐍃𐌹𐌽𐌰𐍀𐌹𐍃	yes	1	sinaps: mustard	3	ainakls: alone, lonely, solitary (Adj.), standing alone	3	winþeis: blowing (N.), of the wind, wind-	The Lord said, "If you had faith like a grain of mustard seed, you would tell this sycamore tree, 'Be uprooted, and be planted in the sea,' and it would obey you.	qaþ þan frauja: jabai habaidedeiþ galaubein swe kaurno sinapis, aiþþau jus jabai qiþeiþ du bairabagma þamma: uslausei þuk us waurtim jah ussatei þuk in marein, jah andhausidedi þau izwis.	𐌵𐌰𐌸 𐌸𐌰𐌽 𐍆𐍂𐌰𐌿𐌾𐌰: 𐌾𐌰𐌱𐌰𐌹 𐌷𐌰𐌱𐌰𐌹𐌳𐌴𐌳𐌴𐌹𐌸 𐌲𐌰𐌻𐌰𐌿𐌱𐌴𐌹𐌽 𐍃𐍅𐌴 𐌺𐌰𐌿𐍂𐌽𐍉 𐍃𐌹𐌽𐌰𐍀𐌹𐍃, 𐌰𐌹𐌸𐌸𐌰𐌿 𐌾𐌿𐍃 𐌾𐌰𐌱𐌰𐌹 𐌵𐌹𐌸𐌴𐌹𐌸 𐌳𐌿 𐌱𐌰𐌹𐍂𐌰𐌱𐌰𐌲𐌼𐌰 𐌸𐌰𐌼𐌼𐌰: 𐌿𐍃𐌻𐌰𐌿𐍃𐌴𐌹 𐌸𐌿𐌺 𐌿𐍃 𐍅𐌰𐌿𐍂𐍄𐌹𐌼 𐌾𐌰𐌷 𐌿𐍃𐍃𐌰𐍄𐌴𐌹 𐌸𐌿𐌺 𐌹𐌽 𐌼𐌰𐍂𐌴𐌹𐌽, 𐌾𐌰𐌷 𐌰𐌽𐌳𐌷𐌰𐌿𐍃𐌹𐌳𐌴𐌳𐌹 𐌸𐌰𐌿 𐌹𐌶𐍅𐌹𐍃.
okay	train_0470_d5	llm_diversify	1	mustard	sinapis	𐍃𐌹𐌽𐌰𐍀𐌹𐍃	yes	1	sinaps: mustard	3	ainakls: alone, lonely, solitary (Adj.), standing alone	3	winþeis: blowing (N.), of the wind, wind-	The Lord said, "If you had faith like a grain of mustard seed, you would tell this sycamore tree, 'Be uprooted, and be planted in the sea,' and it would obey you.	qaþ þan frauja: jabai habaidedeiþ galaubein swe kaurno sinapis, aiþþau jus jabai qiþeiþ du bairabagma þamma: uslausei þuk us waurtim jah ussatei þuk in marein, jah andhausidedi þau izwis.	𐌵𐌰𐌸 𐌸𐌰𐌽 𐍆𐍂𐌰𐌿𐌾𐌰: 𐌾𐌰𐌱𐌰𐌹 𐌷𐌰𐌱𐌰𐌹𐌳𐌴𐌳𐌴𐌹𐌸 𐌲𐌰𐌻𐌰𐌿𐌱𐌴𐌹𐌽 𐍃𐍅𐌴 𐌺𐌰𐌿𐍂𐌽𐍉 𐍃𐌹𐌽𐌰𐍀𐌹𐍃, 𐌰𐌹𐌸𐌸𐌰𐌿 𐌾𐌿𐍃 𐌾𐌰𐌱𐌰𐌹 𐌵𐌹𐌸𐌴𐌹𐌸 𐌳𐌿 𐌱𐌰𐌹𐍂𐌰𐌱𐌰𐌲𐌼𐌰 𐌸𐌰𐌼𐌼𐌰: 𐌿𐍃𐌻𐌰𐌿𐍃𐌴𐌹 𐌸𐌿𐌺 𐌿𐍃 𐍅𐌰𐌿𐍂𐍄𐌹𐌼 𐌾𐌰𐌷 𐌿𐍃𐍃𐌰𐍄𐌴𐌹 𐌸𐌿𐌺 𐌹𐌽 𐌼𐌰𐍂𐌴𐌹𐌽, 𐌾𐌰𐌷 𐌰𐌽𐌳𐌷𐌰𐌿𐍃𐌹𐌳𐌴𐌳𐌹 𐌸𐌰𐌿 𐌹𐌶𐍅𐌹𐍃.
okay	train_0759_d0	llm_diversify	1	uproar	auhjoþ	𐌰𐌿𐌷𐌾𐍉𐌸	yes	1	auhjōn: be tumultuously noisy, make a noise, make an uproar	3	aúhuma: above, higher	3	hūhjan: accumulate, stockpile (V.), store up	When he had entered in, he said to them, "Why do you make an uproar and weep? The child is not dead, but is asleep."	jah innatgaggands qaþ du im: hva auhjoþ jah gretiþ? þata barn ni gadauþnoda, ak slepiþ.	𐌾𐌰𐌷 𐌹𐌽𐌽𐌰𐍄𐌲𐌰𐌲𐌲𐌰𐌽𐌳𐍃 𐌵𐌰𐌸 𐌳𐌿 𐌹𐌼: 𐍈𐌰 𐌰𐌿𐌷𐌾𐍉𐌸 𐌾𐌰𐌷 𐌲𐍂𐌴𐍄𐌹𐌸? 𐌸𐌰𐍄𐌰 𐌱𐌰𐍂𐌽 𐌽𐌹 𐌲𐌰𐌳𐌰𐌿𐌸𐌽𐍉𐌳𐌰, 𐌰𐌺 𐍃𐌻𐌴𐍀𐌹𐌸.
okay	train_0842_d0	llm_diversify	1	anyone	mannhun	𐌼𐌰𐌽𐌽𐌷𐌿𐌽	yes	1	mannahun: anybody, anyone, one (Pron.), person (M.)	3	ƕanhun: at any time, ever	3	ainshun: anyone, none (in neg. sentences), not anyone (in neg. senten...	He sent him away to his house, saying, "Don't enter into the village, nor tell anyone in the village."	jah insandida ina du garda is qiþands: ni in þata weihs gaggais, ni mannhun qiþais in þamma wehsa.	𐌾𐌰𐌷 𐌹𐌽𐍃𐌰𐌽𐌳𐌹𐌳𐌰 𐌹𐌽𐌰 𐌳𐌿 𐌲𐌰𐍂𐌳𐌰 𐌹𐍃 𐌵𐌹𐌸𐌰𐌽𐌳𐍃: 𐌽𐌹 𐌹𐌽 𐌸𐌰𐍄𐌰 𐍅𐌴𐌹𐌷𐍃 𐌲𐌰𐌲𐌲𐌰𐌹𐍃, 𐌽𐌹 𐌼𐌰𐌽𐌽𐌷𐌿𐌽 𐌵𐌹𐌸𐌰𐌹𐍃 𐌹𐌽 𐌸𐌰𐌼𐌼𐌰 𐍅𐌴𐌷𐍃𐌰.
okay	train_0855_d0	llm_diversify	1	make	gawaurkjam	𐌲𐌰𐍅𐌰𐌿𐍂𐌺𐌾𐌰𐌼	yes	1	gawaúrkjan: achieve (V.), bring about, earn (V.), effect (V.), get, make...	3	frawaúrkjan: commit a transgression, commit error, sin (V.), transgress	3	gawaúrki: acquisition, acquisitiveness, business, business deal, comme...	Peter answered Jesus, "Rabbi, it is good for us to be here. Let's make three tents: one for you, one for Moses, and one for Elijah."	jah andhafjands Paitrus qaþ du Iesua: rabbei, goþ ist unsis her wisan, jah gawaurkjam hlijans þrins, þus ainana jah Mose ainana jah ainana Helijin.	𐌾𐌰𐌷 𐌰𐌽𐌳𐌷𐌰𐍆𐌾𐌰𐌽𐌳𐍃 𐍀𐌰𐌹𐍄𐍂𐌿𐍃 𐌵𐌰𐌸 𐌳𐌿 𐌹𐌴𐍃𐌿𐌰: 𐍂𐌰𐌱𐌱𐌴𐌹, 𐌲𐍉𐌸 𐌹𐍃𐍄 𐌿𐌽𐍃𐌹𐍃 𐌷𐌴𐍂 𐍅𐌹𐍃𐌰𐌽, 𐌾𐌰𐌷 𐌲𐌰𐍅𐌰𐌿𐍂𐌺𐌾𐌰𐌼 𐌷𐌻𐌹𐌾𐌰𐌽𐍃 𐌸𐍂𐌹𐌽𐍃, 𐌸𐌿𐍃 𐌰𐌹𐌽𐌰𐌽𐌰 𐌾𐌰𐌷 𐌼𐍉𐍃𐌴 𐌰𐌹𐌽𐌰𐌽𐌰 𐌾𐌰𐌷 𐌰𐌹𐌽𐌰𐌽𐌰 𐌷𐌴𐌻𐌹𐌾𐌹𐌽.
okay	train_0884_d0	llm_diversify	1	cause to stumble	gamarzjai	𐌲𐌰𐌼𐌰𐍂𐌶𐌾𐌰𐌹	yes	1	gamarzjan: cause offense, frustrate, make falter, make stumble, thwart ...	3	gamainjan: be a partner in, be a partner with, debase, defile, demean, ...	3	gawargjan: condemn, damn, outlaw (V.), pronounce judgement against	Whoever will cause one of these little ones who believe in me to stumble, it would be better for him if he was thrown into the sea with a millstone hung around his neck.	jah sahvazuh saei gamarzjai ainana þize leitilane þize galaubjandane du mis, goþ ist imma mais ei galagjaidau asiluqairnus ana halsaggan is jah frawaurpans wesi in marein.	𐌾𐌰𐌷 𐍃𐌰𐍈𐌰𐌶𐌿𐌷 𐍃𐌰𐌴𐌹 𐌲𐌰𐌼𐌰𐍂𐌶𐌾𐌰𐌹 𐌰𐌹𐌽𐌰𐌽𐌰 𐌸𐌹𐌶𐌴 𐌻𐌴𐌹𐍄𐌹𐌻𐌰𐌽𐌴 𐌸𐌹𐌶𐌴 𐌲𐌰𐌻𐌰𐌿𐌱𐌾𐌰𐌽𐌳𐌰𐌽𐌴 𐌳𐌿 𐌼𐌹𐍃, 𐌲𐍉𐌸 𐌹𐍃𐍄 𐌹𐌼𐌼𐌰 𐌼𐌰𐌹𐍃 𐌴𐌹 𐌲𐌰𐌻𐌰𐌲𐌾𐌰𐌹𐌳𐌰𐌿 𐌰𐍃𐌹𐌻𐌿𐌵𐌰𐌹𐍂𐌽𐌿𐍃 𐌰𐌽𐌰 𐌷𐌰𐌻𐍃𐌰𐌲𐌲𐌰𐌽 𐌹𐍃 𐌾𐌰𐌷 𐍆𐍂𐌰𐍅𐌰𐌿𐍂𐍀𐌰𐌽𐍃 𐍅𐌴𐍃𐌹 𐌹𐌽 𐌼𐌰𐍂𐌴𐌹𐌽.
okay	train_0887_d1	llm_diversify	1	cause to stumble	marzjai	𐌼𐌰𐍂𐌶𐌾𐌰𐌹	yes	1	marzjan: hamper (V.), impede, make falter, make stumble, offend	3	talzjan: admonish, chastise, correct (V.), discipline (V.), educate, ...	3	maidjan: alter (V.), change (V.), falsify, modify, mutate	If your eye causes you to stumble, cast it out. It is better for you to enter into the Kingdom of God with one eye, rather than having two eyes to be cast into the Gehenna of fire,	jah jabai augo þein marzjai þuk, uswairp imma; goþ þus ist haihamma galeiþan in þiudangardja gudis, þau twa augona habandin atwairpan in gaiainnan funins,	𐌾𐌰𐌷 𐌾𐌰𐌱𐌰𐌹 𐌰𐌿𐌲𐍉 𐌸𐌴𐌹𐌽 𐌼𐌰𐍂𐌶𐌾𐌰𐌹 𐌸𐌿𐌺, 𐌿𐍃𐍅𐌰𐌹𐍂𐍀 𐌹𐌼𐌼𐌰; 𐌲𐍉𐌸 𐌸𐌿𐍃 𐌹𐍃𐍄 𐌷𐌰𐌹𐌷𐌰𐌼𐌼𐌰 𐌲𐌰𐌻𐌴𐌹𐌸𐌰𐌽 𐌹𐌽 𐌸𐌹𐌿𐌳𐌰𐌽𐌲𐌰𐍂𐌳𐌾𐌰 𐌲𐌿𐌳𐌹𐍃, 𐌸𐌰𐌿 𐍄𐍅𐌰 𐌰𐌿𐌲𐍉𐌽𐌰 𐌷𐌰𐌱𐌰𐌽𐌳𐌹𐌽 𐌰𐍄𐍅𐌰𐌹𐍂𐍀𐌰𐌽 𐌹𐌽 𐌲𐌰𐌹𐌰𐌹𐌽𐌽𐌰𐌽 𐍆𐌿𐌽𐌹𐌽𐍃,
okay	train_0887_d2	llm_diversify	1	cause to stumble	marzjai	𐌼𐌰𐍂𐌶𐌾𐌰𐌹	yes	1	marzjan: hamper (V.), impede, make falter, make stumble, offend	3	talzjan: admonish, chastise, correct (V.), discipline (V.), educate, ...	3	maidjan: alter (V.), change (V.), falsify, modify, mutate	If your eye causes you to stumble, cast it out. It is better for you to enter into the Kingdom of God with one eye, rather than having two eyes to be cast into the Gehenna of fire,	jah jabai augo þein marzjai þuk, uswairp imma; goþ þus ist haihamma galeiþan in þiudangardja gudis, þau twa augona habandin atwairpan in gaiainnan funins,	𐌾𐌰𐌷 𐌾𐌰𐌱𐌰𐌹 𐌰𐌿𐌲𐍉 𐌸𐌴𐌹𐌽 𐌼𐌰𐍂𐌶𐌾𐌰𐌹 𐌸𐌿𐌺, 𐌿𐍃𐍅𐌰𐌹𐍂𐍀 𐌹𐌼𐌼𐌰; 𐌲𐍉𐌸 𐌸𐌿𐍃 𐌹𐍃𐍄 𐌷𐌰𐌹𐌷𐌰𐌼𐌼𐌰 𐌲𐌰𐌻𐌴𐌹𐌸𐌰𐌽 𐌹𐌽 𐌸𐌹𐌿𐌳𐌰𐌽𐌲𐌰𐍂𐌳𐌾𐌰 𐌲𐌿𐌳𐌹𐍃, 𐌸𐌰𐌿 𐍄𐍅𐌰 𐌰𐌿𐌲𐍉𐌽𐌰 𐌷𐌰𐌱𐌰𐌽𐌳𐌹𐌽 𐌰𐍄𐍅𐌰𐌹𐍂𐍀𐌰𐌽 𐌹𐌽 𐌲𐌰𐌹𐌰𐌹𐌽𐌽𐌰𐌽 𐍆𐌿𐌽𐌹𐌽𐍃,
okay	train_0978_d0	llm_diversify	1	rise	usstandand	𐌿𐍃𐍃𐍄𐌰𐌽𐌳𐌰𐌽𐌳	yes	1	usstandan: arise, emerge, proceed out, rise up, stand up	3	gastandan: abide, assume proper state, come to a halt, come to a standi...	3	atstandan: be near, come to, come to stand near, stand adjacently, stan...	In the resurrection, when they rise, whose wife will she be of them? For the seven had her as a wife."	in þizai usstassai, þan usstandand, hvarjamma ize wairþiþ qens? þai auk sibun aihtedun þo du qenai.	𐌹𐌽 𐌸𐌹𐌶𐌰𐌹 𐌿𐍃𐍃𐍄𐌰𐍃𐍃𐌰𐌹, 𐌸𐌰𐌽 𐌿𐍃𐍃𐍄𐌰𐌽𐌳𐌰𐌽𐌳, 𐍈𐌰𐍂𐌾𐌰𐌼𐌼𐌰 𐌹𐌶𐌴 𐍅𐌰𐌹𐍂𐌸𐌹𐌸 𐌵𐌴𐌽𐍃? 𐌸𐌰𐌹 𐌰𐌿𐌺 𐍃𐌹𐌱𐌿𐌽 𐌰𐌹𐌷𐍄𐌴𐌳𐌿𐌽 𐌸𐍉 𐌳𐌿 𐌵𐌴𐌽𐌰𐌹.
okay	train_0980_d0	llm_diversify	1	rise	usstandand	𐌿𐍃𐍃𐍄𐌰𐌽𐌳𐌰𐌽𐌳	yes	1	usstandan: arise, emerge, proceed out, rise up, stand up	3	gastandan: abide, assume proper state, come to a halt, come to a standi...	3	atstandan: be near, come to, come to stand near, stand adjacently, stan...	For when they will rise from the dead, they neither marry, nor are given in marriage, but are like angels in heaven.	allis þan usstandand us dauþaim, ni liugand ni liuganda, ak sind swe aggiljus þai in himinam.	𐌰𐌻𐌻𐌹𐍃 𐌸𐌰𐌽 𐌿𐍃𐍃𐍄𐌰𐌽𐌳𐌰𐌽𐌳 𐌿𐍃 𐌳𐌰𐌿𐌸𐌰𐌹𐌼, 𐌽𐌹 𐌻𐌹𐌿𐌲𐌰𐌽𐌳 𐌽𐌹 𐌻𐌹𐌿𐌲𐌰𐌽𐌳𐌰, 𐌰𐌺 𐍃𐌹𐌽𐌳 𐍃𐍅𐌴 𐌰𐌲𐌲𐌹𐌻𐌾𐌿𐍃 𐌸𐌰𐌹 𐌹𐌽 𐌷𐌹𐌼𐌹𐌽𐌰𐌼.
okay	train_1029_d3	llm_diversify	1	made without hands	unhanduwaurhta	𐌿𐌽𐌷𐌰𐌽𐌳𐌿𐍅𐌰𐌿𐍂𐌷𐍄𐌰	yes	1	unhanduwaúrhts: non-handmade	3	handuwaúrhts: hand-wrought, made by hands	6	in andwairþja:	"We heard him say, 'I will destroy this temple that is made with hands, and in three days I will build another made without hands.'"	þatei weis gahausidedum qiþandan ina þatei ik gataira alh þo handuwaurhton jah bi þrins dagans anþara unhanduwaurhta gatimrja.	𐌸𐌰𐍄𐌴𐌹 𐍅𐌴𐌹𐍃 𐌲𐌰𐌷𐌰𐌿𐍃𐌹𐌳𐌴𐌳𐌿𐌼 𐌵𐌹𐌸𐌰𐌽𐌳𐌰𐌽 𐌹𐌽𐌰 𐌸𐌰𐍄𐌴𐌹 𐌹𐌺 𐌲𐌰𐍄𐌰𐌹𐍂𐌰 𐌰𐌻𐌷 𐌸𐍉 𐌷𐌰𐌽𐌳𐌿𐍅𐌰𐌿𐍂𐌷𐍄𐍉𐌽 𐌾𐌰𐌷 𐌱𐌹 𐌸𐍂𐌹𐌽𐍃 𐌳𐌰𐌲𐌰𐌽𐍃 𐌰𐌽𐌸𐌰𐍂𐌰 𐌿𐌽𐌷𐌰𐌽𐌳𐌿𐍅𐌰𐌿𐍂𐌷𐍄𐌰 𐌲𐌰𐍄𐌹𐌼𐍂𐌾𐌰.
okay	train_1031_d1	llm_diversify	1	testify	weitwodjand	𐍅𐌴𐌹𐍄𐍅𐍉𐌳𐌾𐌰𐌽𐌳	yes	1	weitwōdjan: attest (V.), bear witness, testify	3	weitwōdeins: act of testifying, attesting, witness (N.), witness-bearing	4	miþweitwōdjan: attest together with, bear witness together with, testify to...	The high priest stood up in the midst, and asked Jesus, "Have you no answer? What is it which these testify against you?"	jah usstandands sa auhumista gudja in midjaim frah Iesu qiþands: niu andhafjis waiht, hva þai ana þuk weitwodjand?	𐌾𐌰𐌷 𐌿𐍃𐍃𐍄𐌰𐌽𐌳𐌰𐌽𐌳𐍃 𐍃𐌰 𐌰𐌿𐌷𐌿𐌼𐌹𐍃𐍄𐌰 𐌲𐌿𐌳𐌾𐌰 𐌹𐌽 𐌼𐌹𐌳𐌾𐌰𐌹𐌼 𐍆𐍂𐌰𐌷 𐌹𐌴𐍃𐌿 𐌵𐌹𐌸𐌰𐌽𐌳𐍃: 𐌽𐌹𐌿 𐌰𐌽𐌳𐌷𐌰𐍆𐌾𐌹𐍃 𐍅𐌰𐌹𐌷𐍄, 𐍈𐌰 𐌸𐌰𐌹 𐌰𐌽𐌰 𐌸𐌿𐌺 𐍅𐌴𐌹𐍄𐍅𐍉𐌳𐌾𐌰𐌽𐌳?
okay	train_1032_d0	llm_diversify	1	high priest	auhumista gudja	𐌰𐌿𐌷𐌿𐌼𐌹𐍃𐍄𐌰 𐌲𐌿𐌳𐌾𐌰	yes	1	auhumists gudja: high priest	3	sa auhumista gudja: high priest	5	auhumists weiha: high priest	But he stayed quiet, and answered nothing. Again the high priest asked him, "Are you the Christ, the Son of the Blessed?"	iþ is þahaida jah waiht ni andhof. aftra sa auhumista gudja frah ina jah qaþ du imma: þu is Xristus sa sunus þis þiuþeigins?	𐌹𐌸 𐌹𐍃 𐌸𐌰𐌷𐌰𐌹𐌳𐌰 𐌾𐌰𐌷 𐍅𐌰𐌹𐌷𐍄 𐌽𐌹 𐌰𐌽𐌳𐌷𐍉𐍆. 𐌰𐍆𐍄𐍂𐌰 𐍃𐌰 𐌰𐌿𐌷𐌿𐌼𐌹𐍃𐍄𐌰 𐌲𐌿𐌳𐌾𐌰 𐍆𐍂𐌰𐌷 𐌹𐌽𐌰 𐌾𐌰𐌷 𐌵𐌰𐌸 𐌳𐌿 𐌹𐌼𐌼𐌰: 𐌸𐌿 𐌹𐍃 𐍇𐍂𐌹𐍃𐍄𐌿𐍃 𐍃𐌰 𐍃𐌿𐌽𐌿𐍃 𐌸𐌹𐍃 𐌸𐌹𐌿𐌸𐌴𐌹𐌲𐌹𐌽𐍃?
okay	train_1088_d1	llm_diversify	1	shine	liuhtjai	𐌻𐌹𐌿𐌷𐍄𐌾𐌰𐌹	yes	1	liuhtjan: give light, light (V.), shine (V.)	3	lauhatjan: blaze (V.), flash like lightning, fulgurate, lightning (V.)	3	galiuhtjan: bring to light, give light to, illumine, light up, make know...	Even so, let your light shine before men; that they may see your good works, and glorify your Father who is in heaven.	swa liuhtjai liuhaþ izwar in andwairþja manne, ei gasaihvaina izwara goda waurstwa jah hauhjaina attan izwarana þana in himinam.	𐍃𐍅𐌰 𐌻𐌹𐌿𐌷𐍄𐌾𐌰𐌹 𐌻𐌹𐌿𐌷𐌰𐌸 𐌹𐌶𐍅𐌰𐍂 𐌹𐌽 𐌰𐌽𐌳𐍅𐌰𐌹𐍂𐌸𐌾𐌰 𐌼𐌰𐌽𐌽𐌴, 𐌴𐌹 𐌲𐌰𐍃𐌰𐌹𐍈𐌰𐌹𐌽𐌰 𐌹𐌶𐍅𐌰𐍂𐌰 𐌲𐍉𐌳𐌰 𐍅𐌰𐌿𐍂𐍃𐍄𐍅𐌰 𐌾𐌰𐌷 𐌷𐌰𐌿𐌷𐌾𐌰𐌹𐌽𐌰 𐌰𐍄𐍄𐌰𐌽 𐌹𐌶𐍅𐌰𐍂𐌰𐌽𐌰 𐌸𐌰𐌽𐌰 𐌹𐌽 𐌷𐌹𐌼𐌹𐌽𐌰𐌼.
okay	train_0578_d0	llm_diversify	1	vineyard	weinagardis	𐍅𐌴𐌹𐌽𐌰𐌲𐌰𐍂𐌳𐌹𐍃	yes	1	weinagards: vineyard; lat. vitis	4	weinags: addicted to wine, drunk (Adj.), drunkard (= subst.), drunkar...	4	weinatains: bunch of grapes, grapevine-branch, vine-branch	The lord of the vineyard said, 'What shall I do? I will send my beloved son. It may be that seeing him, they will respect him.'	qaþ þan sa frauja þis weinagardis: hva taujau? sandja sunu meinana þana liuban; aufto þana gasaihvandans aistand.	𐌵𐌰𐌸 𐌸𐌰𐌽 𐍃𐌰 𐍆𐍂𐌰𐌿𐌾𐌰 𐌸𐌹𐍃 𐍅𐌴𐌹𐌽𐌰𐌲𐌰𐍂𐌳𐌹𐍃: 𐍈𐌰 𐍄𐌰𐌿𐌾𐌰𐌿? 𐍃𐌰𐌽𐌳𐌾𐌰 𐍃𐌿𐌽𐌿 𐌼𐌴𐌹𐌽𐌰𐌽𐌰 𐌸𐌰𐌽𐌰 𐌻𐌹𐌿𐌱𐌰𐌽; 𐌰𐌿𐍆𐍄𐍉 𐌸𐌰𐌽𐌰 𐌲𐌰𐍃𐌰𐌹𐍈𐌰𐌽𐌳𐌰𐌽𐍃 𐌰𐌹𐍃𐍄𐌰𐌽𐌳.
okay	train_0578_d1	llm_diversify	1	vineyard	weinagardis	𐍅𐌴𐌹𐌽𐌰𐌲𐌰𐍂𐌳𐌹𐍃	yes	1	weinagards: vineyard; lat. vitis	4	weinags: addicted to wine, drunk (Adj.), drunkard (= subst.), drunkar...	4	weinatains: bunch of grapes, grapevine-branch, vine-branch	The lord of the vineyard said, 'What shall I do? I will send my beloved son. It may be that seeing him, they will respect him.'	qaþ þan sa frauja þis weinagardis: hva taujau? sandja sunu meinana þana liuban; aufto þana gasaihvandans aistand.	𐌵𐌰𐌸 𐌸𐌰𐌽 𐍃𐌰 𐍆𐍂𐌰𐌿𐌾𐌰 𐌸𐌹𐍃 𐍅𐌴𐌹𐌽𐌰𐌲𐌰𐍂𐌳𐌹𐍃: 𐍈𐌰 𐍄𐌰𐌿𐌾𐌰𐌿? 𐍃𐌰𐌽𐌳𐌾𐌰 𐍃𐌿𐌽𐌿 𐌼𐌴𐌹𐌽𐌰𐌽𐌰 𐌸𐌰𐌽𐌰 𐌻𐌹𐌿𐌱𐌰𐌽; 𐌰𐌿𐍆𐍄𐍉 𐌸𐌰𐌽𐌰 𐌲𐌰𐍃𐌰𐌹𐍈𐌰𐌽𐌳𐌰𐌽𐍃 𐌰𐌹𐍃𐍄𐌰𐌽𐌳.
okay	train_1290_d1	llm_diversify	1	tombs	hlaiwasnom	𐌷𐌻𐌰𐌹𐍅𐌰𐍃𐌽𐍉𐌼	yes	1	hlaiwasnōs: mausoleums, tombs	4	ƕaiwa nū: how now	5	hnaiwjan: abase (V.), cause to go down, humble (V.), lower (V.), make ...	and coming out of the tombs after his resurrection, they entered into the holy city and appeared to many.	jah usgaggandans us hlaiwasnom afar urrist is innatgaggandans in þo weihon baurg jah ataugidedun sik managaim.	𐌾𐌰𐌷 𐌿𐍃𐌲𐌰𐌲𐌲𐌰𐌽𐌳𐌰𐌽𐍃 𐌿𐍃 𐌷𐌻𐌰𐌹𐍅𐌰𐍃𐌽𐍉𐌼 𐌰𐍆𐌰𐍂 𐌿𐍂𐍂𐌹𐍃𐍄 𐌹𐍃 𐌹𐌽𐌽𐌰𐍄𐌲𐌰𐌲𐌲𐌰𐌽𐌳𐌰𐌽𐍃 𐌹𐌽 𐌸𐍉 𐍅𐌴𐌹𐌷𐍉𐌽 𐌱𐌰𐌿𐍂𐌲 𐌾𐌰𐌷 𐌰𐍄𐌰𐌿𐌲𐌹𐌳𐌴𐌳𐌿𐌽 𐍃𐌹𐌺 𐌼𐌰𐌽𐌰𐌲𐌰𐌹𐌼.
okay	train_1003_d0	llm_diversify	1	fig tree	smakkabagma	𐍃𐌼𐌰𐌺𐌺𐌰𐌱𐌰𐌲𐌼𐌰	yes	1	smakkabagms: fig-tree	5	baírabagms: bearberry tree, mulberry tree	5	peikabagms: date palm, palm tree	"Now from the fig tree, learn this parable. When the branch has now become tender, and puts forth its leaves, you know that the summer is near;	aþþan af smakkabagma ganimiþ þo gajukon. þan þis juþan asts þlaqus wairþiþ, jah uskeinand laubos, kunnuþ þatei nehva ist asans.	𐌰𐌸𐌸𐌰𐌽 𐌰𐍆 𐍃𐌼𐌰𐌺𐌺𐌰𐌱𐌰𐌲𐌼𐌰 𐌲𐌰𐌽𐌹𐌼𐌹𐌸 𐌸𐍉 𐌲𐌰𐌾𐌿𐌺𐍉𐌽. 𐌸𐌰𐌽 𐌸𐌹𐍃 𐌾𐌿𐌸𐌰𐌽 𐌰𐍃𐍄𐍃 𐌸𐌻𐌰𐌵𐌿𐍃 𐍅𐌰𐌹𐍂𐌸𐌹𐌸, 𐌾𐌰𐌷 𐌿𐍃𐌺𐌴𐌹𐌽𐌰𐌽𐌳 𐌻𐌰𐌿𐌱𐍉𐍃, 𐌺𐌿𐌽𐌽𐌿𐌸 𐌸𐌰𐍄𐌴𐌹 𐌽𐌴𐍈𐌰 𐌹𐍃𐍄 𐌰𐍃𐌰𐌽𐍃.
okay	train_0253_d0	llm_diversify	1	foundation	grunduwaddju	𐌲𐍂𐌿𐌽𐌳𐌿𐍅𐌰𐌳𐌳𐌾𐌿	yes	1	grunduwaddjus: foundation-wall, ground-wall, groundwork, wall-base	6	baúrgswaddjus: city circumvallation, city wall, town wall	6	grundiþa: ground (N.)?; ?	But he who hears, and doesn't do, is like a man who built a house on the earth without a foundation, against which the stream broke, and immediately it fell, and the ruin of that house was great."	iþ sa hausjands jah ni taujands galeiks ist mann timrjandin razn ana airþai inuh grunduwaddju, þatei bistagq flodus, jah suns gadraus, jah warþ so uswalteins þis raznis mikila.	𐌹𐌸 𐍃𐌰 𐌷𐌰𐌿𐍃𐌾𐌰𐌽𐌳𐍃 𐌾𐌰𐌷 𐌽𐌹 𐍄𐌰𐌿𐌾𐌰𐌽𐌳𐍃 𐌲𐌰𐌻𐌴𐌹𐌺𐍃 𐌹𐍃𐍄 𐌼𐌰𐌽𐌽 𐍄𐌹𐌼𐍂𐌾𐌰𐌽𐌳𐌹𐌽 𐍂𐌰𐌶𐌽 𐌰𐌽𐌰 𐌰𐌹𐍂𐌸𐌰𐌹 𐌹𐌽𐌿𐌷 𐌲𐍂𐌿𐌽𐌳𐌿𐍅𐌰𐌳𐌳𐌾𐌿, 𐌸𐌰𐍄𐌴𐌹 𐌱𐌹𐍃𐍄𐌰𐌲𐌵 𐍆𐌻𐍉𐌳𐌿𐍃, 𐌾𐌰𐌷 𐍃𐌿𐌽𐍃 𐌲𐌰𐌳𐍂𐌰𐌿𐍃, 𐌾𐌰𐌷 𐍅𐌰𐍂𐌸 𐍃𐍉 𐌿𐍃𐍅𐌰𐌻𐍄𐌴𐌹𐌽𐍃 𐌸𐌹𐍃 𐍂𐌰𐌶𐌽𐌹𐍃 𐌼𐌹𐌺𐌹𐌻𐌰.
okay	train_0298_d0	llm_diversify	1	one hundred times	taihuntaihundfalþ	𐍄𐌰𐌹𐌷𐌿𐌽𐍄𐌰𐌹𐌷𐌿𐌽𐌳𐍆𐌰𐌻𐌸	yes	1	taíhuntaíhundfalþs: centuple, hundred-fold	6	taíhuntēhund: hundred	9	faíhuþraihn: accumulation of riches, gathering of money, wealth, wealth-a...	Other fell into the good ground, and grew, and brought forth fruit one hundred times." As he said these things, he called out, "He who has ears to hear, let him hear!"	jah anþar gadraus ana airþai godai jah uskeinoda jah tawida akran taihuntaihundfalþ. þata þan qiþands ufwopida: saei habai ausona du hausjan, gahausjai.	𐌾𐌰𐌷 𐌰𐌽𐌸𐌰𐍂 𐌲𐌰𐌳𐍂𐌰𐌿𐍃 𐌰𐌽𐌰 𐌰𐌹𐍂𐌸𐌰𐌹 𐌲𐍉𐌳𐌰𐌹 𐌾𐌰𐌷 𐌿𐍃𐌺𐌴𐌹𐌽𐍉𐌳𐌰 𐌾𐌰𐌷 𐍄𐌰𐍅𐌹𐌳𐌰 𐌰𐌺𐍂𐌰𐌽 𐍄𐌰𐌹𐌷𐌿𐌽𐍄𐌰𐌹𐌷𐌿𐌽𐌳𐍆𐌰𐌻𐌸. 𐌸𐌰𐍄𐌰 𐌸𐌰𐌽 𐌵𐌹𐌸𐌰𐌽𐌳𐍃 𐌿𐍆𐍅𐍉𐍀𐌹𐌳𐌰: 𐍃𐌰𐌴𐌹 𐌷𐌰𐌱𐌰𐌹 𐌰𐌿𐍃𐍉𐌽𐌰 𐌳𐌿 𐌷𐌰𐌿𐍃𐌾𐌰𐌽, 𐌲𐌰𐌷𐌰𐌿𐍃𐌾𐌰𐌹.
okay	train_0491_d0	llm_diversify	1	of Man	mans	𐌼𐌰𐌽𐍃	yes	1	ans: wooden beam	1	mains: common	1	Dans: Dane	It will be the same way in the day that the Son of Man is revealed.	bi þamma wairþiþ þamma daga, ei sunus mans andhuljada.	𐌱𐌹 𐌸𐌰𐌼𐌼𐌰 𐍅𐌰𐌹𐍂𐌸𐌹𐌸 𐌸𐌰𐌼𐌼𐌰 𐌳𐌰𐌲𐌰, 𐌴𐌹 𐍃𐌿𐌽𐌿𐍃 𐌼𐌰𐌽𐍃 𐌰𐌽𐌳𐌷𐌿𐌻𐌾𐌰𐌳𐌰.
okay	train_0491_d1	llm_diversify	1	of Man	mans	𐌼𐌰𐌽𐍃	yes	1	ans: wooden beam	1	mains: common	1	Dans: Dane	It will be the same way in the day that the Son of Man is revealed.	bi þamma wairþiþ þamma daga, ei sunus mans andhuljada.	𐌱𐌹 𐌸𐌰𐌼𐌼𐌰 𐍅𐌰𐌹𐍂𐌸𐌹𐌸 𐌸𐌰𐌼𐌼𐌰 𐌳𐌰𐌲𐌰, 𐌴𐌹 𐍃𐌿𐌽𐌿𐍃 𐌼𐌰𐌽𐍃 𐌰𐌽𐌳𐌷𐌿𐌻𐌾𐌰𐌳𐌰.
okay	train_0598_d0	llm_diversify	1	Some	sumai	𐍃𐌿𐌼𐌰𐌹	yes	1	suman: (piecemeal), at one time, at some time, formerly, in a certa...	2	sums: a certain one, anyone, one, some, somebody	2	samaþ: all together to the same place, to the same place, together	Some of the scribes answered, "Teacher, you speak well."	andhafjandans þan sumai þize bokarje qeþun: laisari, waila qast.	𐌰𐌽𐌳𐌷𐌰𐍆𐌾𐌰𐌽𐌳𐌰𐌽𐍃 𐌸𐌰𐌽 𐍃𐌿𐌼𐌰𐌹 𐌸𐌹𐌶𐌴 𐌱𐍉𐌺𐌰𐍂𐌾𐌴 𐌵𐌴𐌸𐌿𐌽: 𐌻𐌰𐌹𐍃𐌰𐍂𐌹, 𐍅𐌰𐌹𐌻𐌰 𐌵𐌰𐍃𐍄.
okay	train_0025_d0	llm_diversify	1	conceive	ganimis	𐌲𐌰𐌽𐌹𐌼𐌹𐍃	yes	2	ganiman: acquire, conceive, learn, receive in recompense, take along,...	2	gaqimiþ:	2	ganists: deliverance, rescue (N.), salvation	Behold, you will conceive in your womb, and bring forth a son, and will call his name 'Jesus.'	jah sai, ganimis in kilþein jah gabairis sunu jah haitais namo is Iesu.	𐌾𐌰𐌷 𐍃𐌰𐌹, 𐌲𐌰𐌽𐌹𐌼𐌹𐍃 𐌹𐌽 𐌺𐌹𐌻𐌸𐌴𐌹𐌽 𐌾𐌰𐌷 𐌲𐌰𐌱𐌰𐌹𐍂𐌹𐍃 𐍃𐌿𐌽𐌿 𐌾𐌰𐌷 𐌷𐌰𐌹𐍄𐌰𐌹𐍃 𐌽𐌰𐌼𐍉 𐌹𐍃 𐌹𐌴𐍃𐌿.
okay	train_0025_d1	llm_diversify	1	conceive	ganimis	𐌲𐌰𐌽𐌹𐌼𐌹𐍃	yes	2	ganiman: acquire, conceive, learn, receive in recompense, take along,...	2	gaqimiþ:	2	ganists: deliverance, rescue (N.), salvation	Behold, you will conceive in your womb, and bring forth a son, and will call his name 'Jesus.'	jah sai, ganimis in kilþein jah gabairis sunu jah haitais namo is Iesu.	𐌾𐌰𐌷 𐍃𐌰𐌹, 𐌲𐌰𐌽𐌹𐌼𐌹𐍃 𐌹𐌽 𐌺𐌹𐌻𐌸𐌴𐌹𐌽 𐌾𐌰𐌷 𐌲𐌰𐌱𐌰𐌹𐍂𐌹𐍃 𐍃𐌿𐌽𐌿 𐌾𐌰𐌷 𐌷𐌰𐌹𐍄𐌰𐌹𐍃 𐌽𐌰𐌼𐍉 𐌹𐍃 𐌹𐌴𐍃𐌿.
okay	train_0025_d2	llm_diversify	1	call	haitais	𐌷𐌰𐌹𐍄𐌰𐌹𐍃	yes	2	haitan: address (V.), be named, bid (V.), call (V.), command (V.), i...	2	hailags: holy, sacred and inviolable, sacrosanct	2	hatis: angry hostility, animosity, directed anger, hate (N.)	Behold, you will conceive in your womb, and bring forth a son, and will call his name 'Jesus.'	jah sai, ganimis in kilþein jah gabairis sunu jah haitais namo is Iesu.	𐌾𐌰𐌷 𐍃𐌰𐌹, 𐌲𐌰𐌽𐌹𐌼𐌹𐍃 𐌹𐌽 𐌺𐌹𐌻𐌸𐌴𐌹𐌽 𐌾𐌰𐌷 𐌲𐌰𐌱𐌰𐌹𐍂𐌹𐍃 𐍃𐌿𐌽𐌿 𐌾𐌰𐌷 𐌷𐌰𐌹𐍄𐌰𐌹𐍃 𐌽𐌰𐌼𐍉 𐌹𐍃 𐌹𐌴𐍃𐌿.
okay	train_0037_d0	llm_diversify	1	come	qemi	𐌵𐌴𐌼𐌹	yes	2	ei: a time wherein, in a way that, in such a manner, in that cas...	2	qums: advent, arrival, coming (N.), parousia, presence	2	þei: such as that, such that, this that	Why am I so favored, that the mother of my Lord should come to me?	jah hvaþro mis þata, ei qemi aiþei fraujins meinis at mis?	𐌾𐌰𐌷 𐍈𐌰𐌸𐍂𐍉 𐌼𐌹𐍃 𐌸𐌰𐍄𐌰, 𐌴𐌹 𐌵𐌴𐌼𐌹 𐌰𐌹𐌸𐌴𐌹 𐍆𐍂𐌰𐌿𐌾𐌹𐌽𐍃 𐌼𐌴𐌹𐌽𐌹𐍃 𐌰𐍄 𐌼𐌹𐍃?
okay	train_0064_d0	llm_diversify	1	our	unsarans	𐌿𐌽𐍃𐌰𐍂𐌰𐌽𐍃	yes	2	unbaúrans: unborn	2	unsaltans: unsalted	3	insakan: declare, designate, explain, expound, give an account, prese...	In holiness and righteousness before him all the days of our life.	in sunjai jah garaihtein in andwairþja is allans dagans unsarans.	𐌹𐌽 𐍃𐌿𐌽𐌾𐌰𐌹 𐌾𐌰𐌷 𐌲𐌰𐍂𐌰𐌹𐌷𐍄𐌴𐌹𐌽 𐌹𐌽 𐌰𐌽𐌳𐍅𐌰𐌹𐍂𐌸𐌾𐌰 𐌹𐍃 𐌰𐌻𐌻𐌰𐌽𐍃 𐌳𐌰𐌲𐌰𐌽𐍃 𐌿𐌽𐍃𐌰𐍂𐌰𐌽𐍃.
okay	train_0077_d0	llm_diversify	1	this	himma	𐌷𐌹𐌼𐌼𐌰	yes	2	hliuma: ability to hear, ears (= hliumans), ears (= hliumans); ?, he...	2	hlimman: crash (V.), resound, roar (V.), rush (V.)	2	hlamma: crash-trap, pitfall, snare (N.), trap for crash-falling into	For there is born to you, this day, in the city of David, a Savior, who is Christ the Lord.	þatei gabaurans ist izwis himma daga nasjands, saei ist Xristus frauja, in baurg Daweidis.	𐌸𐌰𐍄𐌴𐌹 𐌲𐌰𐌱𐌰𐌿𐍂𐌰𐌽𐍃 𐌹𐍃𐍄 𐌹𐌶𐍅𐌹𐍃 𐌷𐌹𐌼𐌼𐌰 𐌳𐌰𐌲𐌰 𐌽𐌰𐍃𐌾𐌰𐌽𐌳𐍃, 𐍃𐌰𐌴𐌹 𐌹𐍃𐍄 𐍇𐍂𐌹𐍃𐍄𐌿𐍃 𐍆𐍂𐌰𐌿𐌾𐌰, 𐌹𐌽 𐌱𐌰𐌿𐍂𐌲 𐌳𐌰𐍅𐌴𐌹𐌳𐌹𐍃.
okay	train_0157_d0	llm_diversify	1	gracious	anstais	𐌰𐌽𐍃𐍄𐌰𐌹𐍃	yes	2	ansts: beneficence, blessing, favour (N.), gift (N.), grace, gracio...	2	ansteigs: beneficent, gracious	2	afstass: dissociation, divorce (N.), separation	All testified about him, and wondered at the gracious words which proceeded out of his mouth, and they said, "Isn't this Joseph's son?"	jah allai alakjo weitwodidedun imma jah sildaleikidedun bi þo waurda anstais þo usgaggandona us munþa is jah qeþun: niu sa ist sunus Iosefis?	𐌾𐌰𐌷 𐌰𐌻𐌻𐌰𐌹 𐌰𐌻𐌰𐌺𐌾𐍉 𐍅𐌴𐌹𐍄𐍅𐍉𐌳𐌹𐌳𐌴𐌳𐌿𐌽 𐌹𐌼𐌼𐌰 𐌾𐌰𐌷 𐍃𐌹𐌻𐌳𐌰𐌻𐌴𐌹𐌺𐌹𐌳𐌴𐌳𐌿𐌽 𐌱𐌹 𐌸𐍉 𐍅𐌰𐌿𐍂𐌳𐌰 𐌰𐌽𐍃𐍄𐌰𐌹𐍃 𐌸𐍉 𐌿𐍃𐌲𐌰𐌲𐌲𐌰𐌽𐌳𐍉𐌽𐌰 𐌿𐍃 𐌼𐌿𐌽𐌸𐌰 𐌹𐍃 𐌾𐌰𐌷 𐌵𐌴𐌸𐌿𐌽: 𐌽𐌹𐌿 𐍃𐌰 𐌹𐍃𐍄 𐍃𐌿𐌽𐌿𐍃 𐌹𐍉𐍃𐌴𐍆𐌹𐍃?
okay	train_0164_d0	llm_diversify	1	came down	galaiþ	𐌲𐌰𐌻𐌰𐌹𐌸	yes	2	garaiþs: arranged, authoritatively ordered, commanded, officially det...	2	galan: call out, sing out	2	gamaiþs: crippled, deformed, disfigured, misshapen, mutilated, oppres...	He came down to Capernaum, a city of Galilee. He was teaching them on the Sabbath day,	jah galaiþ in Kafarnaum, baurg Galeilaias jah was laisjands ins in sabbatim.	𐌾𐌰𐌷 𐌲𐌰𐌻𐌰𐌹𐌸 𐌹𐌽 𐌺𐌰𐍆𐌰𐍂𐌽𐌰𐌿𐌼, 𐌱𐌰𐌿𐍂𐌲 𐌲𐌰𐌻𐌴𐌹𐌻𐌰𐌹𐌰𐍃 𐌾𐌰𐌷 𐍅𐌰𐍃 𐌻𐌰𐌹𐍃𐌾𐌰𐌽𐌳𐍃 𐌹𐌽𐍃 𐌹𐌽 𐍃𐌰𐌱𐌱𐌰𐍄𐌹𐌼.
okay	train_0193_d0	llm_diversify	1	paralytic	usliþin	𐌿𐍃𐌻𐌹𐌸𐌹𐌽	yes	2	usleiþan: go away, go out, pass forth, travel out, vanish	2	usliþa: of disabled limb, paralytic	2	usqiþan: divulge, make public, spread the news	Seeing their faith, he said to him, "Man, your sins are forgiven you."	jah gasaihvands galaubein ize qaþ du þamma usliþin: manna, afleitanda þus frawaurhteis þeinos.	𐌾𐌰𐌷 𐌲𐌰𐍃𐌰𐌹𐍈𐌰𐌽𐌳𐍃 𐌲𐌰𐌻𐌰𐌿𐌱𐌴𐌹𐌽 𐌹𐌶𐌴 𐌵𐌰𐌸 𐌳𐌿 𐌸𐌰𐌼𐌼𐌰 𐌿𐍃𐌻𐌹𐌸𐌹𐌽: 𐌼𐌰𐌽𐌽𐌰, 𐌰𐍆𐌻𐌴𐌹𐍄𐌰𐌽𐌳𐌰 𐌸𐌿𐍃 𐍆𐍂𐌰𐍅𐌰𐌿𐍂𐌷𐍄𐌴𐌹𐍃 𐌸𐌴𐌹𐌽𐍉𐍃.
okay	train_0200_d1	llm_diversify	1	Follow	laistei	𐌻𐌰𐌹𐍃𐍄𐌴𐌹	yes	2	laistōn: achieve	2	waitei: conceivably, perchance, plausibly, possibly	2	liutei: deceit, deception, hypocrisy, imposture, treachery	After these things he went out, and saw a tax collector named Levi sitting at the tax office, and said to him, "Follow me!"	jah afar þata usiddja jah gasahv motari, namin Laiwwi, sitandan ana motastada, jah qaþ du imma: laistei afar mis.	𐌾𐌰𐌷 𐌰𐍆𐌰𐍂 𐌸𐌰𐍄𐌰 𐌿𐍃𐌹𐌳𐌳𐌾𐌰 𐌾𐌰𐌷 𐌲𐌰𐍃𐌰𐍈 𐌼𐍉𐍄𐌰𐍂𐌹, 𐌽𐌰𐌼𐌹𐌽 𐌻𐌰𐌹𐍅𐍅𐌹, 𐍃𐌹𐍄𐌰𐌽𐌳𐌰𐌽 𐌰𐌽𐌰 𐌼𐍉𐍄𐌰𐍃𐍄𐌰𐌳𐌰, 𐌾𐌰𐌷 𐌵𐌰𐌸 𐌳𐌿 𐌹𐌼𐌼𐌰: 𐌻𐌰𐌹𐍃𐍄𐌴𐌹 𐌰𐍆𐌰𐍂 𐌼𐌹𐍃.
okay	train_0200_d2	llm_diversify	1	tax collector	motari	𐌼𐍉𐍄𐌰𐍂𐌹	yes	2	mōta: admission tax, customs duties, import tax	2	mōtan: be admitted, be permitted in, find admission	2	mōtāreis: admission-fee collector, publican, tax collector, tolltaker	After these things he went out, and saw a tax collector named Levi sitting at the tax office, and said to him, "Follow me!"	jah afar þata usiddja jah gasahv motari, namin Laiwwi, sitandan ana motastada, jah qaþ du imma: laistei afar mis.	𐌾𐌰𐌷 𐌰𐍆𐌰𐍂 𐌸𐌰𐍄𐌰 𐌿𐍃𐌹𐌳𐌳𐌾𐌰 𐌾𐌰𐌷 𐌲𐌰𐍃𐌰𐍈 𐌼𐍉𐍄𐌰𐍂𐌹, 𐌽𐌰𐌼𐌹𐌽 𐌻𐌰𐌹𐍅𐍅𐌹, 𐍃𐌹𐍄𐌰𐌽𐌳𐌰𐌽 𐌰𐌽𐌰 𐌼𐍉𐍄𐌰𐍃𐍄𐌰𐌳𐌰, 𐌾𐌰𐌷 𐌵𐌰𐌸 𐌳𐌿 𐌹𐌼𐌼𐌰: 𐌻𐌰𐌹𐍃𐍄𐌴𐌹 𐌰𐍆𐌰𐍂 𐌼𐌹𐍃.
okay	train_0250_d0	llm_diversify	1	do	taujid	𐍄𐌰𐌿𐌾𐌹𐌳	yes	2	táui: act (N.), action, activity, deed, effect (N.), product (N.),...	2	taujan: act (V.), construct (V.), do, engage in, execute, form (V.),...	3	gauja: inhabitant of a region, people of a country	"Why do you call me, 'Lord, Lord,' and don't do the things which I say?	aþþan hva mik haitid frauja, frauja! jah ni taujid þatei qiþa?	𐌰𐌸𐌸𐌰𐌽 𐍈𐌰 𐌼𐌹𐌺 𐌷𐌰𐌹𐍄𐌹𐌳 𐍆𐍂𐌰𐌿𐌾𐌰, 𐍆𐍂𐌰𐌿𐌾𐌰! 𐌾𐌰𐌷 𐌽𐌹 𐍄𐌰𐌿𐌾𐌹𐌳 𐌸𐌰𐍄𐌴𐌹 𐌵𐌹𐌸𐌰?
okay	train_0315_d0	llm_diversify	1	entered into	galiþun	𐌲𐌰𐌻𐌹𐌸𐌿𐌽	yes	2	gaqiþan: agree together with one another, concur among themselves, de...	2	galisan: assemble (V.), bring together, collect (V.), gather together	2	galeiþan: come, depart from, go away, go forth, set out for	Jesus asked him, "What is your name?" He said, "Legion," for many demons had entered into him.	frah þan ina Iesus qiþands: hva ist namo þein? þaruh qaþ: harjis; unte unhulþons managos galiþun in ina.	𐍆𐍂𐌰𐌷 𐌸𐌰𐌽 𐌹𐌽𐌰 𐌹𐌴𐍃𐌿𐍃 𐌵𐌹𐌸𐌰𐌽𐌳𐍃: 𐍈𐌰 𐌹𐍃𐍄 𐌽𐌰𐌼𐍉 𐌸𐌴𐌹𐌽? 𐌸𐌰𐍂𐌿𐌷 𐌵𐌰𐌸: 𐌷𐌰𐍂𐌾𐌹𐍃; 𐌿𐌽𐍄𐌴 𐌿𐌽𐌷𐌿𐌻𐌸𐍉𐌽𐍃 𐌼𐌰𐌽𐌰𐌲𐍉𐍃 𐌲𐌰𐌻𐌹𐌸𐌿𐌽 𐌹𐌽 𐌹𐌽𐌰.
okay	train_0345_d0	llm_diversify	1	fish	fiskans	𐍆𐌹𐍃𐌺𐌰𐌽𐍃	yes	2	fisks: fish (N.); lat. piscis	2	fiskōn: fish (V.), go fishing	3	jiukan: battle (V.), be a boxer, conquer, fight (V.)	He took the five loaves and the two fish, and looking up to the sky, he blessed them, and broke them, and gave them to the disciples to set before the multitude.	nimands þan þans fimf hlaibans jah twans fiskans, insaihvands du himina gaþiuþida ins jah gabrak jah gaf siponjam du faurlagjan þizai managein.	𐌽𐌹𐌼𐌰𐌽𐌳𐍃 𐌸𐌰𐌽 𐌸𐌰𐌽𐍃 𐍆𐌹𐌼𐍆 𐌷𐌻𐌰𐌹𐌱𐌰𐌽𐍃 𐌾𐌰𐌷 𐍄𐍅𐌰𐌽𐍃 𐍆𐌹𐍃𐌺𐌰𐌽𐍃, 𐌹𐌽𐍃𐌰𐌹𐍈𐌰𐌽𐌳𐍃 𐌳𐌿 𐌷𐌹𐌼𐌹𐌽𐌰 𐌲𐌰𐌸𐌹𐌿𐌸𐌹𐌳𐌰 𐌹𐌽𐍃 𐌾𐌰𐌷 𐌲𐌰𐌱𐍂𐌰𐌺 𐌾𐌰𐌷 𐌲𐌰𐍆 𐍃𐌹𐍀𐍉𐌽𐌾𐌰𐌼 𐌳𐌿 𐍆𐌰𐌿𐍂𐌻𐌰𐌲𐌾𐌰𐌽 𐌸𐌹𐌶𐌰𐌹 𐌼𐌰𐌽𐌰𐌲𐌴𐌹𐌽.
okay	train_0380_d0	llm_diversify	1	allow	uslaubei	𐌿𐍃𐌻𐌰𐌿𐌱𐌴𐌹	yes	2	usdaudei: endurance, energy, vigour, zeal	2	galaubei: magnificence, splendour	2	laubei: splendour	He said to another, "Follow me!" But he said, "Lord, allow me first to go and bury my father."	qaþ þan du anþaramma: laistei mik; iþ is qaþ: frauja, uslaubei mis galeiþan faurþis jah usfilhan attan meinana.	𐌵𐌰𐌸 𐌸𐌰𐌽 𐌳𐌿 𐌰𐌽𐌸𐌰𐍂𐌰𐌼𐌼𐌰: 𐌻𐌰𐌹𐍃𐍄𐌴𐌹 𐌼𐌹𐌺; 𐌹𐌸 𐌹𐍃 𐌵𐌰𐌸: 𐍆𐍂𐌰𐌿𐌾𐌰, 𐌿𐍃𐌻𐌰𐌿𐌱𐌴𐌹 𐌼𐌹𐍃 𐌲𐌰𐌻𐌴𐌹𐌸𐌰𐌽 𐍆𐌰𐌿𐍂𐌸𐌹𐍃 𐌾𐌰𐌷 𐌿𐍃𐍆𐌹𐌻𐌷𐌰𐌽 𐌰𐍄𐍄𐌰𐌽 𐌼𐌴𐌹𐌽𐌰𐌽𐌰.
okay	train_0387_d0	llm_diversify	1	of peace	gawairþjis	𐌲𐌰𐍅𐌰𐌹𐍂𐌸𐌾𐌹𐍃	yes	2	gawaírþjan: bring together, lead to concord, reconcile	2	gawaírþeigs: conciliated, concordant, peaceable, peaceful	2	gawaírþi: concord (N.), peace	If a son of peace is there, your peace will rest on him; but if not, it will return to you.	jah jabai sijai jainar sunus gawairþjis, gahveilaiþ sik ana imma gawairþi izwar; iþ jabai ni, du izwis gawandjai.	𐌾𐌰𐌷 𐌾𐌰𐌱𐌰𐌹 𐍃𐌹𐌾𐌰𐌹 𐌾𐌰𐌹𐌽𐌰𐍂 𐍃𐌿𐌽𐌿𐍃 𐌲𐌰𐍅𐌰𐌹𐍂𐌸𐌾𐌹𐍃, 𐌲𐌰𐍈𐌴𐌹𐌻𐌰𐌹𐌸 𐍃𐌹𐌺 𐌰𐌽𐌰 𐌹𐌼𐌼𐌰 𐌲𐌰𐍅𐌰𐌹𐍂𐌸𐌹 𐌹𐌶𐍅𐌰𐍂; 𐌹𐌸 𐌾𐌰𐌱𐌰𐌹 𐌽𐌹, 𐌳𐌿 𐌹𐌶𐍅𐌹𐍃 𐌲𐌰𐍅𐌰𐌽𐌳𐌾𐌰𐌹.
okay	train_0402_d1	llm_diversify	1	stood up	ustoþ	𐌿𐍃𐍄𐍉𐌸	yes	2	lustōn: desire (V.), lust after	2	astaþ: certainty, truth	2	stōþs: standing fast, standing steady	Behold, a certain lawyer stood up and tested him, saying, "Teacher, what shall I do to inherit eternal life?"	jah sai, witodafasteis sums ustoþ fraisands ina jah qiþands: laisari, hva taujands libainais aiweinons arbja wairþa?	𐌾𐌰𐌷 𐍃𐌰𐌹, 𐍅𐌹𐍄𐍉𐌳𐌰𐍆𐌰𐍃𐍄𐌴𐌹𐍃 𐍃𐌿𐌼𐍃 𐌿𐍃𐍄𐍉𐌸 𐍆𐍂𐌰𐌹𐍃𐌰𐌽𐌳𐍃 𐌹𐌽𐌰 𐌾𐌰𐌷 𐌵𐌹𐌸𐌰𐌽𐌳𐍃: 𐌻𐌰𐌹𐍃𐌰𐍂𐌹, 𐍈𐌰 𐍄𐌰𐌿𐌾𐌰𐌽𐌳𐍃 𐌻𐌹𐌱𐌰𐌹𐌽𐌰𐌹𐍃 𐌰𐌹𐍅𐌴𐌹𐌽𐍉𐌽𐍃 𐌰𐍂𐌱𐌾𐌰 𐍅𐌰𐌹𐍂𐌸𐌰?
okay	train_0508_d1	llm_diversify	1	allow	letiþ	𐌻𐌴𐍄𐌹𐌸	yes	2	lētan: allow, emit, leave (V.), leave alone, let (V.), let alone, l...	2	leiþu: cider, fermented beverage, strong drink	2	leik: body, corpse, flesh (N.), fleshly body	Jesus summoned them, saying, "Allow the little children to come to me, and don't hinder them, for the Kingdom of God belongs to such as these.	iþ Iesus athaitands ins qaþ: letiþ þo barna gaggan du mis jah ni warjiþ þo, unte þize swaleikaize ist þiudangardi gudis.	𐌹𐌸 𐌹𐌴𐍃𐌿𐍃 𐌰𐍄𐌷𐌰𐌹𐍄𐌰𐌽𐌳𐍃 𐌹𐌽𐍃 𐌵𐌰𐌸: 𐌻𐌴𐍄𐌹𐌸 𐌸𐍉 𐌱𐌰𐍂𐌽𐌰 𐌲𐌰𐌲𐌲𐌰𐌽 𐌳𐌿 𐌼𐌹𐍃 𐌾𐌰𐌷 𐌽𐌹 𐍅𐌰𐍂𐌾𐌹𐌸 𐌸𐍉, 𐌿𐌽𐍄𐌴 𐌸𐌹𐌶𐌴 𐍃𐍅𐌰𐌻𐌴𐌹𐌺𐌰𐌹𐌶𐌴 𐌹𐍃𐍄 𐌸𐌹𐌿𐌳𐌰𐌽𐌲𐌰𐍂𐌳𐌹 𐌲𐌿𐌳𐌹𐍃.
okay	train_0513_d0	llm_diversify	1	sad	gaurana	𐌲𐌰𐌿𐍂𐌰𐌽𐌰	yes	2	gauriþa: anguish (N.), grief, sorrow (N.)	2	gaurjan: cause anguish to, grieve, insult (V.), pain (V.)	2	grana: beard?, plait?; ?	Jesus, seeing that he became very sad, said, "How hard it is for those who have riches to enter into the Kingdom of God!	gasaihvands þan ina Iesus gaurana waurþanana qaþ: hvaiwa agluba þai faihu habandans inngaleiþand in þiudangardja gudis!	𐌲𐌰𐍃𐌰𐌹𐍈𐌰𐌽𐌳𐍃 𐌸𐌰𐌽 𐌹𐌽𐌰 𐌹𐌴𐍃𐌿𐍃 𐌲𐌰𐌿𐍂𐌰𐌽𐌰 𐍅𐌰𐌿𐍂𐌸𐌰𐌽𐌰𐌽𐌰 𐌵𐌰𐌸: 𐍈𐌰𐌹𐍅𐌰 𐌰𐌲𐌻𐌿𐌱𐌰 𐌸𐌰𐌹 𐍆𐌰𐌹𐌷𐌿 𐌷𐌰𐌱𐌰𐌽𐌳𐌰𐌽𐍃 𐌹𐌽𐌽𐌲𐌰𐌻𐌴𐌹𐌸𐌰𐌽𐌳 𐌹𐌽 𐌸𐌹𐌿𐌳𐌰𐌽𐌲𐌰𐍂𐌳𐌾𐌰 𐌲𐌿𐌳𐌹𐍃!
okay	train_0521_d0	llm_diversify	1	third	þridjin	𐌸𐍂𐌹𐌳𐌾𐌹𐌽	yes	2	þridjō: for the third time	2	þridja: third	3	bidjan: ask, ask a favour, ask for, beg, beseech, entreat, petition ...	They will scourge and kill him. On the third day, he will rise again."	jah usbliggwandans usqimand imma, jah þridjin daga usstandiþ.	𐌾𐌰𐌷 𐌿𐍃𐌱𐌻𐌹𐌲𐌲𐍅𐌰𐌽𐌳𐌰𐌽𐍃 𐌿𐍃𐌵𐌹𐌼𐌰𐌽𐌳 𐌹𐌼𐌼𐌰, 𐌾𐌰𐌷 𐌸𐍂𐌹𐌳𐌾𐌹𐌽 𐌳𐌰𐌲𐌰 𐌿𐍃𐍃𐍄𐌰𐌽𐌳𐌹𐌸.
okay	train_0530_d1	llm_diversify	1	come down	atsteig	𐌰𐍄𐍃𐍄𐌴𐌹𐌲	yes	2	ansteigs: beneficent, gracious	2	atsteigan: climb down, descend	3	listeigs: crafty, cunning (Adj.), wily	When Jesus came to the place, he looked up and saw him, and said to him, "Zacchaeus, hurry and come down, for today I must stay at your house."	jah biþe qam ana þamma stada, insaihvands iup Iesus gasahv ina jah qaþ du imma: Zakkaiu, sniumjands dalaþ atsteig: himma daga auk in garda þeinamma skal ik wisan.	𐌾𐌰𐌷 𐌱𐌹𐌸𐌴 𐌵𐌰𐌼 𐌰𐌽𐌰 𐌸𐌰𐌼𐌼𐌰 𐍃𐍄𐌰𐌳𐌰, 𐌹𐌽𐍃𐌰𐌹𐍈𐌰𐌽𐌳𐍃 𐌹𐌿𐍀 𐌹𐌴𐍃𐌿𐍃 𐌲𐌰𐍃𐌰𐍈 𐌹𐌽𐌰 𐌾𐌰𐌷 𐌵𐌰𐌸 𐌳𐌿 𐌹𐌼𐌼𐌰: 𐌶𐌰𐌺𐌺𐌰𐌹𐌿, 𐍃𐌽𐌹𐌿𐌼𐌾𐌰𐌽𐌳𐍃 𐌳𐌰𐌻𐌰𐌸 𐌰𐍄𐍃𐍄𐌴𐌹𐌲: 𐌷𐌹𐌼𐌼𐌰 𐌳𐌰𐌲𐌰 𐌰𐌿𐌺 𐌹𐌽 𐌲𐌰𐍂𐌳𐌰 𐌸𐌴𐌹𐌽𐌰𐌼𐌼𐌰 𐍃𐌺𐌰𐌻 𐌹𐌺 𐍅𐌹𐍃𐌰𐌽.
okay	train_0569_d0	llm_diversify	1	Tell	qiþiþ	𐌵𐌹𐌸𐌹𐌸	yes	2	qiþus: belly, stomach, womb	2	qiþan: express (V.), give an opinion, say, speak, tell	2	miliþ: honey	He answered them, "I also will ask you one question. Tell me:	andhafjands þan qaþ du im: fraihna izwis jah ik ainis waurdis jah qiþiþ mis:	𐌰𐌽𐌳𐌷𐌰𐍆𐌾𐌰𐌽𐌳𐍃 𐌸𐌰𐌽 𐌵𐌰𐌸 𐌳𐌿 𐌹𐌼: 𐍆𐍂𐌰𐌹𐌷𐌽𐌰 𐌹𐌶𐍅𐌹𐍃 𐌾𐌰𐌷 𐌹𐌺 𐌰𐌹𐌽𐌹𐍃 𐍅𐌰𐌿𐍂𐌳𐌹𐍃 𐌾𐌰𐌷 𐌵𐌹𐌸𐌹𐌸 𐌼𐌹𐍃:
okay	train_0623_d0	llm_diversify	1	astonished	usfilmans	𐌿𐍃𐍆𐌹𐌻𐌼𐌰𐌽𐍃	yes	2	usfilma: amazed, astonished, bewildered, frightened, shaken, struck	2	usfilhan: bury, inter (V.)	3	usniman: extract (V.), remove (V.), take along, take away, take from,...	They were astonished at his teaching, for he taught them as having authority, and not as the scribes.	jah usfilmans waurþun ana þizai laiseinai is; unte was laisjands ins swe waldufni habands jah ni swaswe þai bokarjos.	𐌾𐌰𐌷 𐌿𐍃𐍆𐌹𐌻𐌼𐌰𐌽𐍃 𐍅𐌰𐌿𐍂𐌸𐌿𐌽 𐌰𐌽𐌰 𐌸𐌹𐌶𐌰𐌹 𐌻𐌰𐌹𐍃𐌴𐌹𐌽𐌰𐌹 𐌹𐍃; 𐌿𐌽𐍄𐌴 𐍅𐌰𐍃 𐌻𐌰𐌹𐍃𐌾𐌰𐌽𐌳𐍃 𐌹𐌽𐍃 𐍃𐍅𐌴 𐍅𐌰𐌻𐌳𐌿𐍆𐌽𐌹 𐌷𐌰𐌱𐌰𐌽𐌳𐍃 𐌾𐌰𐌷 𐌽𐌹 𐍃𐍅𐌰𐍃𐍅𐌴 𐌸𐌰𐌹 𐌱𐍉𐌺𐌰𐍂𐌾𐍉𐍃.
okay	train_0623_d1	llm_diversify	1	astonished	usfilmans	𐌿𐍃𐍆𐌹𐌻𐌼𐌰𐌽𐍃	yes	2	usfilma: amazed, astonished, bewildered, frightened, shaken, struck	2	usfilhan: bury, inter (V.)	3	usniman: extract (V.), remove (V.), take along, take away, take from,...	They were astonished at his teaching, for he taught them as having authority, and not as the scribes.	jah usfilmans waurþun ana þizai laiseinai is; unte was laisjands ins swe waldufni habands jah ni swaswe þai bokarjos.	𐌾𐌰𐌷 𐌿𐍃𐍆𐌹𐌻𐌼𐌰𐌽𐍃 𐍅𐌰𐌿𐍂𐌸𐌿𐌽 𐌰𐌽𐌰 𐌸𐌹𐌶𐌰𐌹 𐌻𐌰𐌹𐍃𐌴𐌹𐌽𐌰𐌹 𐌹𐍃; 𐌿𐌽𐍄𐌴 𐍅𐌰𐍃 𐌻𐌰𐌹𐍃𐌾𐌰𐌽𐌳𐍃 𐌹𐌽𐍃 𐍃𐍅𐌴 𐍅𐌰𐌻𐌳𐌿𐍆𐌽𐌹 𐌷𐌰𐌱𐌰𐌽𐌳𐍃 𐌾𐌰𐌷 𐌽𐌹 𐍃𐍅𐌰𐍃𐍅𐌴 𐌸𐌰𐌹 𐌱𐍉𐌺𐌰𐍂𐌾𐍉𐍃.
okay	train_0644_d1	llm_diversify	1	paralytic	usliþin	𐌿𐍃𐌻𐌹𐌸𐌹𐌽	yes	2	usleiþan: go away, go out, pass forth, travel out, vanish	2	usliþa: of disabled limb, paralytic	2	usqiþan: divulge, make public, spread the news	Jesus, seeing their faith, said to the paralytic, "Son, your sins are forgiven you."	gasaihvands þan Iesus galaubein ize qaþ du þamma usliþin: barnilo, afletanda þus frawaurhteis þeinos.	𐌲𐌰𐍃𐌰𐌹𐍈𐌰𐌽𐌳𐍃 𐌸𐌰𐌽 𐌹𐌴𐍃𐌿𐍃 𐌲𐌰𐌻𐌰𐌿𐌱𐌴𐌹𐌽 𐌹𐌶𐌴 𐌵𐌰𐌸 𐌳𐌿 𐌸𐌰𐌼𐌼𐌰 𐌿𐍃𐌻𐌹𐌸𐌹𐌽: 𐌱𐌰𐍂𐌽𐌹𐌻𐍉, 𐌰𐍆𐌻𐌴𐍄𐌰𐌽𐌳𐌰 𐌸𐌿𐍃 𐍆𐍂𐌰𐍅𐌰𐌿𐍂𐌷𐍄𐌴𐌹𐍃 𐌸𐌴𐌹𐌽𐍉𐍃.
okay	train_0648_d0	llm_diversify	1	paralytic	usliþin	𐌿𐍃𐌻𐌹𐌸𐌹𐌽	yes	2	usleiþan: go away, go out, pass forth, travel out, vanish	2	usliþa: of disabled limb, paralytic	2	usqiþan: divulge, make public, spread the news	But that you may know that the Son of Man has authority on earth to forgive sins"--he said to the paralytic--	aþþan ei witeiþ þatei waldufni habaiþ sunus mans ana airþai afletan frawaurhtins, qaþ du þamma usliþin:	𐌰𐌸𐌸𐌰𐌽 𐌴𐌹 𐍅𐌹𐍄𐌴𐌹𐌸 𐌸𐌰𐍄𐌴𐌹 𐍅𐌰𐌻𐌳𐌿𐍆𐌽𐌹 𐌷𐌰𐌱𐌰𐌹𐌸 𐍃𐌿𐌽𐌿𐍃 𐌼𐌰𐌽𐍃 𐌰𐌽𐌰 𐌰𐌹𐍂𐌸𐌰𐌹 𐌰𐍆𐌻𐌴𐍄𐌰𐌽 𐍆𐍂𐌰𐍅𐌰𐌿𐍂𐌷𐍄𐌹𐌽𐍃, 𐌵𐌰𐌸 𐌳𐌿 𐌸𐌰𐌼𐌼𐌰 𐌿𐍃𐌻𐌹𐌸𐌹𐌽:
okay	train_0648_d1	llm_diversify	1	know	witeiþ	𐍅𐌹𐍄𐌴𐌹𐌸	yes	2	waitei: conceivably, perchance, plausibly, possibly	2	witi: knowledge	2	witōþ: law	But that you may know that the Son of Man has authority on earth to forgive sins"--he said to the paralytic--	aþþan ei witeiþ þatei waldufni habaiþ sunus mans ana airþai afletan frawaurhtins, qaþ du þamma usliþin:	𐌰𐌸𐌸𐌰𐌽 𐌴𐌹 𐍅𐌹𐍄𐌴𐌹𐌸 𐌸𐌰𐍄𐌴𐌹 𐍅𐌰𐌻𐌳𐌿𐍆𐌽𐌹 𐌷𐌰𐌱𐌰𐌹𐌸 𐍃𐌿𐌽𐌿𐍃 𐌼𐌰𐌽𐍃 𐌰𐌽𐌰 𐌰𐌹𐍂𐌸𐌰𐌹 𐌰𐍆𐌻𐌴𐍄𐌰𐌽 𐍆𐍂𐌰𐍅𐌰𐌿𐍂𐌷𐍄𐌹𐌽𐍃, 𐌵𐌰𐌸 𐌳𐌿 𐌸𐌰𐌼𐌼𐌰 𐌿𐍃𐌻𐌹𐌸𐌹𐌽:
okay	train_0648_d2	llm_diversify	1	paralytic	usliþin	𐌿𐍃𐌻𐌹𐌸𐌹𐌽	yes	2	usleiþan: go away, go out, pass forth, travel out, vanish	2	usliþa: of disabled limb, paralytic	2	usqiþan: divulge, make public, spread the news	But that you may know that the Son of Man has authority on earth to forgive sins"--he said to the paralytic--	aþþan ei witeiþ þatei waldufni habaiþ sunus mans ana airþai afletan frawaurhtins, qaþ du þamma usliþin:	𐌰𐌸𐌸𐌰𐌽 𐌴𐌹 𐍅𐌹𐍄𐌴𐌹𐌸 𐌸𐌰𐍄𐌴𐌹 𐍅𐌰𐌻𐌳𐌿𐍆𐌽𐌹 𐌷𐌰𐌱𐌰𐌹𐌸 𐍃𐌿𐌽𐌿𐍃 𐌼𐌰𐌽𐍃 𐌰𐌽𐌰 𐌰𐌹𐍂𐌸𐌰𐌹 𐌰𐍆𐌻𐌴𐍄𐌰𐌽 𐍆𐍂𐌰𐍅𐌰𐌿𐍂𐌷𐍄𐌹𐌽𐍃, 𐌵𐌰𐌸 𐌳𐌿 𐌸𐌰𐌼𐌼𐌰 𐌿𐍃𐌻𐌹𐌸𐌹𐌽:
okay	train_0649_d1	llm_diversify	1	take up	nimuh	𐌽𐌹𐌼𐌿𐌷	yes	2	niman: accept (V.), get, pick up, receive, take away, take unto o. ...	2	nih: also not, and not, nor, not even	2	nūh: and so, and therefore, so then	"I tell you, arise, take up your mat, and go to your house."	þus qiþa: urreis nimuh þata badi þein jah gagg du garda þeinamma.	𐌸𐌿𐍃 𐌵𐌹𐌸𐌰: 𐌿𐍂𐍂𐌴𐌹𐍃 𐌽𐌹𐌼𐌿𐌷 𐌸𐌰𐍄𐌰 𐌱𐌰𐌳𐌹 𐌸𐌴𐌹𐌽 𐌾𐌰𐌷 𐌲𐌰𐌲𐌲 𐌳𐌿 𐌲𐌰𐍂𐌳𐌰 𐌸𐌴𐌹𐌽𐌰𐌼𐌼𐌰.
okay	train_0670_d0	llm_diversify	1	fell down	drusun	𐌳𐍂𐌿𐍃𐌿𐌽	yes	2	driusan: fall (V.), fall down	2	drus: fall (N.), falling (N.)	3	driugan: carry on, do military service in, function as a soldier in, ...	The unclean spirits, whenever they saw him, fell down before him, and cried, "You are the Son of God!"	jah ahmans unhrainjans, þaih þan ina gasehvun, drusun du imma jah hropidedun qiþandans þatei þu is sunus gudis.	𐌾𐌰𐌷 𐌰𐌷𐌼𐌰𐌽𐍃 𐌿𐌽𐌷𐍂𐌰𐌹𐌽𐌾𐌰𐌽𐍃, 𐌸𐌰𐌹𐌷 𐌸𐌰𐌽 𐌹𐌽𐌰 𐌲𐌰𐍃𐌴𐍈𐌿𐌽, 𐌳𐍂𐌿𐍃𐌿𐌽 𐌳𐌿 𐌹𐌼𐌼𐌰 𐌾𐌰𐌷 𐌷𐍂𐍉𐍀𐌹𐌳𐌴𐌳𐌿𐌽 𐌵𐌹𐌸𐌰𐌽𐌳𐌰𐌽𐍃 𐌸𐌰𐍄𐌴𐌹 𐌸𐌿 𐌹𐍃 𐍃𐌿𐌽𐌿𐍃 𐌲𐌿𐌳𐌹𐍃.
okay	train_0712_d0	llm_diversify	1	cast	wairpiþ	𐍅𐌰𐌹𐍂𐍀𐌹𐌸	yes	2	waírpan: cast (V.), throw (V.)	2	waírþ: conversion value, monetary equivalent, price (N.), worth (N....	2	waírþis: towards, wards	He said, "The Kingdom of God is as if a man should cast seed on the earth,	jah qaþ: swa ist þiudangardi gudis, swaswe jabai manna wairpiþ fraiwa ana airþa.	𐌾𐌰𐌷 𐌵𐌰𐌸: 𐍃𐍅𐌰 𐌹𐍃𐍄 𐌸𐌹𐌿𐌳𐌰𐌽𐌲𐌰𐍂𐌳𐌹 𐌲𐌿𐌳𐌹𐍃, 𐍃𐍅𐌰𐍃𐍅𐌴 𐌾𐌰𐌱𐌰𐌹 𐌼𐌰𐌽𐌽𐌰 𐍅𐌰𐌹𐍂𐍀𐌹𐌸 𐍆𐍂𐌰𐌹𐍅𐌰 𐌰𐌽𐌰 𐌰𐌹𐍂𐌸𐌰.
okay	train_0713_d1	llm_diversify	1	grow	liudiþ	𐌻𐌹𐌿𐌳𐌹𐌸	yes	2	laudi: bodily dimensions, physical proportions of growth	2	riudi: dignity, „redness“	2	liudan: grow, increase in physical proportions	and should sleep and rise night and day, and the seed should spring up and grow, he doesn't know how.	jah slepiþ jah urreisiþ naht jah daga, jah þata fraiw keiniþ jah liudiþ swe ni wait is.	𐌾𐌰𐌷 𐍃𐌻𐌴𐍀𐌹𐌸 𐌾𐌰𐌷 𐌿𐍂𐍂𐌴𐌹𐍃𐌹𐌸 𐌽𐌰𐌷𐍄 𐌾𐌰𐌷 𐌳𐌰𐌲𐌰, 𐌾𐌰𐌷 𐌸𐌰𐍄𐌰 𐍆𐍂𐌰𐌹𐍅 𐌺𐌴𐌹𐌽𐌹𐌸 𐌾𐌰𐌷 𐌻𐌹𐌿𐌳𐌹𐌸 𐍃𐍅𐌴 𐌽𐌹 𐍅𐌰𐌹𐍄 𐌹𐍃.
okay	train_0742_d2	llm_diversify	1	tell	gateih	𐌲𐌰𐍄𐌴𐌹𐌷	yes	2	gateihan: announce, declare, proclaim (V.), report (V.), tell	2	þatei: because, for, that, the fact that	2	gatēms: congruent	He didn't allow him, but said to him, "Go to your house, to your friends, and tell them what great things the Lord has done for you, and how he had mercy on you."	jah ni lailot ina, ak qaþ du imma: gagg du garda þeinamma du þeinaim jah gateih im, hvan filu þus frauja gatawida jah gaarmaida þuk.	𐌾𐌰𐌷 𐌽𐌹 𐌻𐌰𐌹𐌻𐍉𐍄 𐌹𐌽𐌰, 𐌰𐌺 𐌵𐌰𐌸 𐌳𐌿 𐌹𐌼𐌼𐌰: 𐌲𐌰𐌲𐌲 𐌳𐌿 𐌲𐌰𐍂𐌳𐌰 𐌸𐌴𐌹𐌽𐌰𐌼𐌼𐌰 𐌳𐌿 𐌸𐌴𐌹𐌽𐌰𐌹𐌼 𐌾𐌰𐌷 𐌲𐌰𐍄𐌴𐌹𐌷 𐌹𐌼, 𐍈𐌰𐌽 𐍆𐌹𐌻𐌿 𐌸𐌿𐍃 𐍆𐍂𐌰𐌿𐌾𐌰 𐌲𐌰𐍄𐌰𐍅𐌹𐌳𐌰 𐌾𐌰𐌷 𐌲𐌰𐌰𐍂𐌼𐌰𐌹𐌳𐌰 𐌸𐌿𐌺.
okay	train_0779_d0	llm_diversify	1	brother's	broþrs	𐌱𐍂𐍉𐌸𐍂𐍃	yes	2	brūþs: bride, young wife	2	brōþar: brother; lat. frater	2	brōþrahs: brotherly, fraternal	For John said to Herod, "It is not lawful for you to have your brother's wife."	qaþ auk Iohannes du Heroda þatei ni skuld ist þus haban qen broþrs þeinis.	𐌵𐌰𐌸 𐌰𐌿𐌺 𐌹𐍉𐌷𐌰𐌽𐌽𐌴𐍃 𐌳𐌿 𐌷𐌴𐍂𐍉𐌳𐌰 𐌸𐌰𐍄𐌴𐌹 𐌽𐌹 𐍃𐌺𐌿𐌻𐌳 𐌹𐍃𐍄 𐌸𐌿𐍃 𐌷𐌰𐌱𐌰𐌽 𐌵𐌴𐌽 𐌱𐍂𐍉𐌸𐍂𐍃 𐌸𐌴𐌹𐌽𐌹𐍃.
okay	train_0782_d1	llm_diversify	1	Ask	bidei	𐌱𐌹𐌳𐌴𐌹	yes	2	biþē: after, after that time, afterward, as soon as, at the point ...	2	bidan: ask for, beseech	2	badi: bed (N.), pallet	When the daughter of Herodias herself came in and danced, she pleased Herod and those sitting with him. The king said to the young lady, "Ask me whatever you want, and I will give it to you."	jah atgaggandein inn dauhtar Herodiadins jah plinsjandein jah galeikandein Heroda jah þaim miþanakumbjandam, qaþ þiudans du þizai maujai: bidei mik þishvizuh þei wileis, jah giba þus.	𐌾𐌰𐌷 𐌰𐍄𐌲𐌰𐌲𐌲𐌰𐌽𐌳𐌴𐌹𐌽 𐌹𐌽𐌽 𐌳𐌰𐌿𐌷𐍄𐌰𐍂 𐌷𐌴𐍂𐍉𐌳𐌹𐌰𐌳𐌹𐌽𐍃 𐌾𐌰𐌷 𐍀𐌻𐌹𐌽𐍃𐌾𐌰𐌽𐌳𐌴𐌹𐌽 𐌾𐌰𐌷 𐌲𐌰𐌻𐌴𐌹𐌺𐌰𐌽𐌳𐌴𐌹𐌽 𐌷𐌴𐍂𐍉𐌳𐌰 𐌾𐌰𐌷 𐌸𐌰𐌹𐌼 𐌼𐌹𐌸𐌰𐌽𐌰𐌺𐌿𐌼𐌱𐌾𐌰𐌽𐌳𐌰𐌼, 𐌵𐌰𐌸 𐌸𐌹𐌿𐌳𐌰𐌽𐍃 𐌳𐌿 𐌸𐌹𐌶𐌰𐌹 𐌼𐌰𐌿𐌾𐌰𐌹: 𐌱𐌹𐌳𐌴𐌹 𐌼𐌹𐌺 𐌸𐌹𐍃𐍈𐌹𐌶𐌿𐌷 𐌸𐌴𐌹 𐍅𐌹𐌻𐌴𐌹𐍃, 𐌾𐌰𐌷 𐌲𐌹𐌱𐌰 𐌸𐌿𐍃.
okay	train_0783_d0	llm_diversify	1	ask	bidjais	𐌱𐌹𐌳𐌾𐌰𐌹𐍃	yes	2	bidjan: ask, ask a favour, ask for, beg, beseech, entreat, petition ...	2	midjis: in the middle, middle (Adj.)	3	bidan: ask for, beseech	He swore to her, "Whatever you shall ask of me, I will give you, up to half of my kingdom."	jah swor izai þatei þishvah þei bidjais mik, giba þus und halba þiudangardja meina.	𐌾𐌰𐌷 𐍃𐍅𐍉𐍂 𐌹𐌶𐌰𐌹 𐌸𐌰𐍄𐌴𐌹 𐌸𐌹𐍃𐍈𐌰𐌷 𐌸𐌴𐌹 𐌱𐌹𐌳𐌾𐌰𐌹𐍃 𐌼𐌹𐌺, 𐌲𐌹𐌱𐌰 𐌸𐌿𐍃 𐌿𐌽𐌳 𐌷𐌰𐌻𐌱𐌰 𐌸𐌹𐌿𐌳𐌰𐌽𐌲𐌰𐍂𐌳𐌾𐌰 𐌼𐌴𐌹𐌽𐌰.
okay	train_0800_d0	llm_diversify	1	hear	hauseiþ	𐌷𐌰𐌿𐍃𐌴𐌹𐌸	yes	2	bausei: cunning, deceit, deception, malice, nastiness	2	hauseins: ear, hearing (N.), news, preaching (N.), report (N.), sense ...	2	haubiþ: head (N.); lat. caput	He called all the multitude to himself, and said to them, "Hear me, all of you, and understand.	jah athaitands alla þo managein qaþ im: hauseiþ mis allai jah fraþjaiþ.	𐌾𐌰𐌷 𐌰𐍄𐌷𐌰𐌹𐍄𐌰𐌽𐌳𐍃 𐌰𐌻𐌻𐌰 𐌸𐍉 𐌼𐌰𐌽𐌰𐌲𐌴𐌹𐌽 𐌵𐌰𐌸 𐌹𐌼: 𐌷𐌰𐌿𐍃𐌴𐌹𐌸 𐌼𐌹𐍃 𐌰𐌻𐌻𐌰𐌹 𐌾𐌰𐌷 𐍆𐍂𐌰𐌸𐌾𐌰𐌹𐌸.
okay	train_0800_d1	llm_diversify	1	hear	hauseiþ	𐌷𐌰𐌿𐍃𐌴𐌹𐌸	yes	2	bausei: cunning, deceit, deception, malice, nastiness	2	hauseins: ear, hearing (N.), news, preaching (N.), report (N.), sense ...	2	haubiþ: head (N.); lat. caput	He called all the multitude to himself, and said to them, "Hear me, all of you, and understand.	jah athaitands alla þo managein qaþ im: hauseiþ mis allai jah fraþjaiþ.	𐌾𐌰𐌷 𐌰𐍄𐌷𐌰𐌹𐍄𐌰𐌽𐌳𐍃 𐌰𐌻𐌻𐌰 𐌸𐍉 𐌼𐌰𐌽𐌰𐌲𐌴𐌹𐌽 𐌵𐌰𐌸 𐌹𐌼: 𐌷𐌰𐌿𐍃𐌴𐌹𐌸 𐌼𐌹𐍃 𐌰𐌻𐌻𐌰𐌹 𐌾𐌰𐌷 𐍆𐍂𐌰𐌸𐌾𐌰𐌹𐌸.
okay	train_0826_d0	llm_diversify	1	have	habaiþ	𐌷𐌰𐌱𐌰𐌹𐌸	yes	2	haban: be, be; ?, consider, have, have at one’s disposal, have hold...	2	haubiþ: head (N.); lat. caput	2	jabai: if, whether	He asked them, "How many loaves do you have?" They said, "Seven."	jah frah ins: hvan managans habaiþ hlaibans? iþ eis qeþun: sibun.	𐌾𐌰𐌷 𐍆𐍂𐌰𐌷 𐌹𐌽𐍃: 𐍈𐌰𐌽 𐌼𐌰𐌽𐌰𐌲𐌰𐌽𐍃 𐌷𐌰𐌱𐌰𐌹𐌸 𐌷𐌻𐌰𐌹𐌱𐌰𐌽𐍃? 𐌹𐌸 𐌴𐌹𐍃 𐌵𐌴𐌸𐌿𐌽: 𐍃𐌹𐌱𐌿𐌽.
okay	train_0826_d1	llm_diversify	1	many	managans	𐌼𐌰𐌽𐌰𐌲𐌰𐌽𐍃	yes	2	managnan: abound, be abundant	2	managjan: increase (V.), make abundant, multiply	2	manags: many, much, plentiful, plenty, sufficient	He asked them, "How many loaves do you have?" They said, "Seven."	jah frah ins: hvan managans habaiþ hlaibans? iþ eis qeþun: sibun.	𐌾𐌰𐌷 𐍆𐍂𐌰𐌷 𐌹𐌽𐍃: 𐍈𐌰𐌽 𐌼𐌰𐌽𐌰𐌲𐌰𐌽𐍃 𐌷𐌰𐌱𐌰𐌹𐌸 𐌷𐌻𐌰𐌹𐌱𐌰𐌽𐍃? 𐌹𐌸 𐌴𐌹𐍃 𐌵𐌴𐌸𐌿𐌽: 𐍃𐌹𐌱𐌿𐌽.
okay	train_0826_d2	llm_diversify	1	have	habaiþ	𐌷𐌰𐌱𐌰𐌹𐌸	yes	2	haban: be, be; ?, consider, have, have at one’s disposal, have hold...	2	haubiþ: head (N.); lat. caput	2	jabai: if, whether	He asked them, "How many loaves do you have?" They said, "Seven."	jah frah ins: hvan managans habaiþ hlaibans? iþ eis qeþun: sibun.	𐌾𐌰𐌷 𐍆𐍂𐌰𐌷 𐌹𐌽𐍃: 𐍈𐌰𐌽 𐌼𐌰𐌽𐌰𐌲𐌰𐌽𐍃 𐌷𐌰𐌱𐌰𐌹𐌸 𐌷𐌻𐌰𐌹𐌱𐌰𐌽𐍃? 𐌹𐌸 𐌴𐌹𐍃 𐌵𐌴𐌸𐌿𐌽: 𐍃𐌹𐌱𐌿𐌽.
okay	train_0840_d0	llm_diversify	1	spit	speiwands	𐍃𐍀𐌴𐌹𐍅𐌰𐌽𐌳𐍃	yes	2	sweibands: ceasing	2	speiwan: expectorate, spit (V.) (1)	3	slawands: quiet (Adj.)	He took hold of the blind man by the hand, and brought him out of the village. When he had spit on his eyes, and laid his hands on him, he asked him if he saw anything.	jah fairgreipands handu þis blindins ustauh ina utana weihsis jah speiwands in augona is, atlagjands ana handuns seinos frah ina ga~u~hva~sehvi?	𐌾𐌰𐌷 𐍆𐌰𐌹𐍂𐌲𐍂𐌴𐌹𐍀𐌰𐌽𐌳𐍃 𐌷𐌰𐌽𐌳𐌿 𐌸𐌹𐍃 𐌱𐌻𐌹𐌽𐌳𐌹𐌽𐍃 𐌿𐍃𐍄𐌰𐌿𐌷 𐌹𐌽𐌰 𐌿𐍄𐌰𐌽𐌰 𐍅𐌴𐌹𐌷𐍃𐌹𐍃 𐌾𐌰𐌷 𐍃𐍀𐌴𐌹𐍅𐌰𐌽𐌳𐍃 𐌹𐌽 𐌰𐌿𐌲𐍉𐌽𐌰 𐌹𐍃, 𐌰𐍄𐌻𐌰𐌲𐌾𐌰𐌽𐌳𐍃 𐌰𐌽𐌰 𐌷𐌰𐌽𐌳𐌿𐌽𐍃 𐍃𐌴𐌹𐌽𐍉𐍃 𐍆𐍂𐌰𐌷 𐌹𐌽𐌰 𐌲𐌰~𐌿~𐍈𐌰~𐍃𐌴𐍈𐌹?
okay	train_0840_d2	llm_diversify	1	spit	speiwands	𐍃𐍀𐌴𐌹𐍅𐌰𐌽𐌳𐍃	yes	2	sweibands: ceasing	2	speiwan: expectorate, spit (V.) (1)	3	slawands: quiet (Adj.)	He took hold of the blind man by the hand, and brought him out of the village. When he had spit on his eyes, and laid his hands on him, he asked him if he saw anything.	jah fairgreipands handu þis blindins ustauh ina utana weihsis jah speiwands in augona is, atlagjands ana handuns seinos frah ina ga~u~hva~sehvi?	𐌾𐌰𐌷 𐍆𐌰𐌹𐍂𐌲𐍂𐌴𐌹𐍀𐌰𐌽𐌳𐍃 𐌷𐌰𐌽𐌳𐌿 𐌸𐌹𐍃 𐌱𐌻𐌹𐌽𐌳𐌹𐌽𐍃 𐌿𐍃𐍄𐌰𐌿𐌷 𐌹𐌽𐌰 𐌿𐍄𐌰𐌽𐌰 𐍅𐌴𐌹𐌷𐍃𐌹𐍃 𐌾𐌰𐌷 𐍃𐍀𐌴𐌹𐍅𐌰𐌽𐌳𐍃 𐌹𐌽 𐌰𐌿𐌲𐍉𐌽𐌰 𐌹𐍃, 𐌰𐍄𐌻𐌰𐌲𐌾𐌰𐌽𐌳𐍃 𐌰𐌽𐌰 𐌷𐌰𐌽𐌳𐌿𐌽𐍃 𐍃𐌴𐌹𐌽𐍉𐍃 𐍆𐍂𐌰𐌷 𐌹𐌽𐌰 𐌲𐌰~𐌿~𐍈𐌰~𐍃𐌴𐍈𐌹?
okay	train_0840_d3	llm_diversify	1	blind	blindins	𐌱𐌻𐌹𐌽𐌳𐌹𐌽𐍃	yes	2	blinds: blind (Adj.), sightless	2	kindins: ethnarch, governor, ruler	3	blandan: associate with, commix, intermingle, mingle, mix (V.)	He took hold of the blind man by the hand, and brought him out of the village. When he had spit on his eyes, and laid his hands on him, he asked him if he saw anything.	jah fairgreipands handu þis blindins ustauh ina utana weihsis jah speiwands in augona is, atlagjands ana handuns seinos frah ina ga~u~hva~sehvi?	𐌾𐌰𐌷 𐍆𐌰𐌹𐍂𐌲𐍂𐌴𐌹𐍀𐌰𐌽𐌳𐍃 𐌷𐌰𐌽𐌳𐌿 𐌸𐌹𐍃 𐌱𐌻𐌹𐌽𐌳𐌹𐌽𐍃 𐌿𐍃𐍄𐌰𐌿𐌷 𐌹𐌽𐌰 𐌿𐍄𐌰𐌽𐌰 𐍅𐌴𐌹𐌷𐍃𐌹𐍃 𐌾𐌰𐌷 𐍃𐍀𐌴𐌹𐍅𐌰𐌽𐌳𐍃 𐌹𐌽 𐌰𐌿𐌲𐍉𐌽𐌰 𐌹𐍃, 𐌰𐍄𐌻𐌰𐌲𐌾𐌰𐌽𐌳𐍃 𐌰𐌽𐌰 𐌷𐌰𐌽𐌳𐌿𐌽𐍃 𐍃𐌴𐌹𐌽𐍉𐍃 𐍆𐍂𐌰𐌷 𐌹𐌽𐌰 𐌲𐌰~𐌿~𐍈𐌰~𐍃𐌴𐍈𐌹?
okay	train_0844_d0	llm_diversify	1	say	qiþiþ	𐌵𐌹𐌸𐌹𐌸	yes	2	qiþus: belly, stomach, womb	2	qiþan: express (V.), give an opinion, say, speak, tell	2	miliþ: honey	He said to them, "But who do you say that I am?" Peter answered, "You are the Christ."	jah is qaþ du im: aþþan jus, hvana mik qiþiþ wisan? andhafjands þan Paitrus qaþ du imma: þu is Xristus.	𐌾𐌰𐌷 𐌹𐍃 𐌵𐌰𐌸 𐌳𐌿 𐌹𐌼: 𐌰𐌸𐌸𐌰𐌽 𐌾𐌿𐍃, 𐍈𐌰𐌽𐌰 𐌼𐌹𐌺 𐌵𐌹𐌸𐌹𐌸 𐍅𐌹𐍃𐌰𐌽? 𐌰𐌽𐌳𐌷𐌰𐍆𐌾𐌰𐌽𐌳𐍃 𐌸𐌰𐌽 𐍀𐌰𐌹𐍄𐍂𐌿𐍃 𐌵𐌰𐌸 𐌳𐌿 𐌹𐌼𐌼𐌰: 𐌸𐌿 𐌹𐍃 𐍇𐍂𐌹𐍃𐍄𐌿𐍃.
okay	train_0844_d2	llm_diversify	1	say	qiþiþ	𐌵𐌹𐌸𐌹𐌸	yes	2	qiþus: belly, stomach, womb	2	qiþan: express (V.), give an opinion, say, speak, tell	2	miliþ: honey	He said to them, "But who do you say that I am?" Peter answered, "You are the Christ."	jah is qaþ du im: aþþan jus, hvana mik qiþiþ wisan? andhafjands þan Paitrus qaþ du imma: þu is Xristus.	𐌾𐌰𐌷 𐌹𐍃 𐌵𐌰𐌸 𐌳𐌿 𐌹𐌼: 𐌰𐌸𐌸𐌰𐌽 𐌾𐌿𐍃, 𐍈𐌰𐌽𐌰 𐌼𐌹𐌺 𐌵𐌹𐌸𐌹𐌸 𐍅𐌹𐍃𐌰𐌽? 𐌰𐌽𐌳𐌷𐌰𐍆𐌾𐌰𐌽𐌳𐍃 𐌸𐌰𐌽 𐍀𐌰𐌹𐍄𐍂𐌿𐍃 𐌵𐌰𐌸 𐌳𐌿 𐌹𐌼𐌼𐌰: 𐌸𐌿 𐌹𐍃 𐍇𐍂𐌹𐍃𐍄𐌿𐍃.
okay	train_0901_d0	llm_diversify	1	forbid	warjiþ	𐍅𐌰𐍂𐌾𐌹𐌸	yes	2	warei: guarded alertness, villainy, wariness, wiliness	2	harjis: armed host, army, host, legion	2	warjan: block (V.), forbid, hinder, prevent, restrain, stop (V.), th...	But when Jesus saw it, he was moved with indignation, and said to them, "Allow the little children to come to me! Don't forbid them, for the Kingdom of God belongs to such as these.	gasaihvands þan Iesus unwerida jah qaþ du im: letiþ þo barna gaggan du mis jah ni warjiþ þo, unte þize swaleikaize ist þiudangardi gudis.	𐌲𐌰𐍃𐌰𐌹𐍈𐌰𐌽𐌳𐍃 𐌸𐌰𐌽 𐌹𐌴𐍃𐌿𐍃 𐌿𐌽𐍅𐌴𐍂𐌹𐌳𐌰 𐌾𐌰𐌷 𐌵𐌰𐌸 𐌳𐌿 𐌹𐌼: 𐌻𐌴𐍄𐌹𐌸 𐌸𐍉 𐌱𐌰𐍂𐌽𐌰 𐌲𐌰𐌲𐌲𐌰𐌽 𐌳𐌿 𐌼𐌹𐍃 𐌾𐌰𐌷 𐌽𐌹 𐍅𐌰𐍂𐌾𐌹𐌸 𐌸𐍉, 𐌿𐌽𐍄𐌴 𐌸𐌹𐌶𐌴 𐍃𐍅𐌰𐌻𐌴𐌹𐌺𐌰𐌹𐌶𐌴 𐌹𐍃𐍄 𐌸𐌹𐌿𐌳𐌰𐌽𐌲𐌰𐍂𐌳𐌹 𐌲𐌿𐌳𐌹𐍃.
okay	train_0901_d2	llm_diversify	1	forbid	warjiþ	𐍅𐌰𐍂𐌾𐌹𐌸	yes	2	warei: guarded alertness, villainy, wariness, wiliness	2	harjis: armed host, army, host, legion	2	warjan: block (V.), forbid, hinder, prevent, restrain, stop (V.), th...	But when Jesus saw it, he was moved with indignation, and said to them, "Allow the little children to come to me! Don't forbid them, for the Kingdom of God belongs to such as these.	gasaihvands þan Iesus unwerida jah qaþ du im: letiþ þo barna gaggan du mis jah ni warjiþ þo, unte þize swaleikaize ist þiudangardi gudis.	𐌲𐌰𐍃𐌰𐌹𐍈𐌰𐌽𐌳𐍃 𐌸𐌰𐌽 𐌹𐌴𐍃𐌿𐍃 𐌿𐌽𐍅𐌴𐍂𐌹𐌳𐌰 𐌾𐌰𐌷 𐌵𐌰𐌸 𐌳𐌿 𐌹𐌼: 𐌻𐌴𐍄𐌹𐌸 𐌸𐍉 𐌱𐌰𐍂𐌽𐌰 𐌲𐌰𐌲𐌲𐌰𐌽 𐌳𐌿 𐌼𐌹𐍃 𐌾𐌰𐌷 𐌽𐌹 𐍅𐌰𐍂𐌾𐌹𐌸 𐌸𐍉, 𐌿𐌽𐍄𐌴 𐌸𐌹𐌶𐌴 𐍃𐍅𐌰𐌻𐌴𐌹𐌺𐌰𐌹𐌶𐌴 𐌹𐍃𐍄 𐌸𐌹𐌿𐌳𐌰𐌽𐌲𐌰𐍂𐌳𐌹 𐌲𐌿𐌳𐌹𐍃.
okay	train_0933_d0	llm_diversify	1	Mount of Olives	fairgunja alewjin	𐍆𐌰𐌹𐍂𐌲𐌿𐌽𐌾𐌰 𐌰𐌻𐌴𐍅𐌾𐌹𐌽	yes	2	lēwjan: betray in an act of opportunism, hand over in an opportunist...	2	galēwjan: betray, give over, hand s.o. over in an opportunistic deal, ...	2	alēwja: of olives, pertaining to olives	When they drew near to Jerusalem, to Bethsphage and Bethany, at the Mount of Olives, he sent two of his disciples,	Jah biþe nehva wesun Iairusalem, in Beþsfagein jah Biþaniin at fairgunja alewjin, insandida twans siponje seinaize	𐌾𐌰𐌷 𐌱𐌹𐌸𐌴 𐌽𐌴𐍈𐌰 𐍅𐌴𐍃𐌿𐌽 𐌹𐌰𐌹𐍂𐌿𐍃𐌰𐌻𐌴𐌼, 𐌹𐌽 𐌱𐌴𐌸𐍃𐍆𐌰𐌲𐌴𐌹𐌽 𐌾𐌰𐌷 𐌱𐌹𐌸𐌰𐌽𐌹𐌹𐌽 𐌰𐍄 𐍆𐌰𐌹𐍂𐌲𐌿𐌽𐌾𐌰 𐌰𐌻𐌴𐍅𐌾𐌹𐌽, 𐌹𐌽𐍃𐌰𐌽𐌳𐌹𐌳𐌰 𐍄𐍅𐌰𐌽𐍃 𐍃𐌹𐍀𐍉𐌽𐌾𐌴 𐍃𐌴𐌹𐌽𐌰𐌹𐌶𐌴
okay	train_0951_d0	llm_diversify	1	Have	habaiþ	𐌷𐌰𐌱𐌰𐌹𐌸	yes	2	haban: be, be; ?, consider, have, have at one’s disposal, have hold...	2	haubiþ: head (N.); lat. caput	2	jabai: if, whether	Jesus answered them, "Have faith in God.	jah andhafjands Iesus qaþ du im: habaiþ galaubein gudis!	𐌾𐌰𐌷 𐌰𐌽𐌳𐌷𐌰𐍆𐌾𐌰𐌽𐌳𐍃 𐌹𐌴𐍃𐌿𐍃 𐌵𐌰𐌸 𐌳𐌿 𐌹𐌼: 𐌷𐌰𐌱𐌰𐌹𐌸 𐌲𐌰𐌻𐌰𐌿𐌱𐌴𐌹𐌽 𐌲𐌿𐌳𐌹𐍃!
okay	train_0951_d1	llm_diversify	1	Have	habaiþ	𐌷𐌰𐌱𐌰𐌹𐌸	yes	2	haban: be, be; ?, consider, have, have at one’s disposal, have hold...	2	haubiþ: head (N.); lat. caput	2	jabai: if, whether	Jesus answered them, "Have faith in God.	jah andhafjands Iesus qaþ du im: habaiþ galaubein gudis!	𐌾𐌰𐌷 𐌰𐌽𐌳𐌷𐌰𐍆𐌾𐌰𐌽𐌳𐍃 𐌹𐌴𐍃𐌿𐍃 𐌵𐌰𐌸 𐌳𐌿 𐌹𐌼: 𐌷𐌰𐌱𐌰𐌹𐌸 𐌲𐌰𐌻𐌰𐌿𐌱𐌴𐌹𐌽 𐌲𐌿𐌳𐌹𐍃!
okay	train_0951_d2	llm_diversify	1	have	habaiþ	𐌷𐌰𐌱𐌰𐌹𐌸	yes	2	haban: be, be; ?, consider, have, have at one’s disposal, have hold...	2	haubiþ: head (N.); lat. caput	2	jabai: if, whether	Jesus answered them, "Have faith in God.	jah andhafjands Iesus qaþ du im: habaiþ galaubein gudis!	𐌾𐌰𐌷 𐌰𐌽𐌳𐌷𐌰𐍆𐌾𐌰𐌽𐌳𐍃 𐌹𐌴𐍃𐌿𐍃 𐌵𐌰𐌸 𐌳𐌿 𐌹𐌼: 𐌷𐌰𐌱𐌰𐌹𐌸 𐌲𐌰𐌻𐌰𐌿𐌱𐌴𐌹𐌽 𐌲𐌿𐌳𐌹𐍃!
okay	train_0957_d0	llm_diversify	1	do	taujis	𐍄𐌰𐌿𐌾𐌹𐍃	yes	2	táui: act (N.), action, activity, deed, effect (N.), product (N.),...	2	taujan: act (V.), construct (V.), do, engage in, execute, form (V.),...	2	aljis: another, other	and they began saying to him, "By what authority do you do these things? Or who gave you this authority to do these things?"	jah qeþun du imma: in hvamma waldufnje þata taujis? jah hvas þus þata waldufni atgaf, ei þata taujis?	𐌾𐌰𐌷 𐌵𐌴𐌸𐌿𐌽 𐌳𐌿 𐌹𐌼𐌼𐌰: 𐌹𐌽 𐍈𐌰𐌼𐌼𐌰 𐍅𐌰𐌻𐌳𐌿𐍆𐌽𐌾𐌴 𐌸𐌰𐍄𐌰 𐍄𐌰𐌿𐌾𐌹𐍃? 𐌾𐌰𐌷 𐍈𐌰𐍃 𐌸𐌿𐍃 𐌸𐌰𐍄𐌰 𐍅𐌰𐌻𐌳𐌿𐍆𐌽𐌹 𐌰𐍄𐌲𐌰𐍆, 𐌴𐌹 𐌸𐌰𐍄𐌰 𐍄𐌰𐌿𐌾𐌹𐍃?
okay	train_1025_d0	llm_diversify	1	came together	garunnun	𐌲𐌰𐍂𐌿𐌽𐌽𐌿𐌽	yes	2	gakunnan: acknowledge o.s. as subordinate, acquire knowledge of, be su...	2	garinnan: come together, convene, gather, meet, obtain, reach, run tog...	3	gaunōn: bewail, lament (V.), sing a dirge, wail in mourning	They led Jesus away to the high priest. All the chief priests, the elders, and the scribes came together with him.	jah gatauhun Iesu du auhumistin gudjin; jah garunnun miþ imma auhumistans gudjans allai jah þai sinistans jah bokarjos.	𐌾𐌰𐌷 𐌲𐌰𐍄𐌰𐌿𐌷𐌿𐌽 𐌹𐌴𐍃𐌿 𐌳𐌿 𐌰𐌿𐌷𐌿𐌼𐌹𐍃𐍄𐌹𐌽 𐌲𐌿𐌳𐌾𐌹𐌽; 𐌾𐌰𐌷 𐌲𐌰𐍂𐌿𐌽𐌽𐌿𐌽 𐌼𐌹𐌸 𐌹𐌼𐌼𐌰 𐌰𐌿𐌷𐌿𐌼𐌹𐍃𐍄𐌰𐌽𐍃 𐌲𐌿𐌳𐌾𐌰𐌽𐍃 𐌰𐌻𐌻𐌰𐌹 𐌾𐌰𐌷 𐌸𐌰𐌹 𐍃𐌹𐌽𐌹𐍃𐍄𐌰𐌽𐍃 𐌾𐌰𐌷 𐌱𐍉𐌺𐌰𐍂𐌾𐍉𐍃.
okay	train_1025_d1	llm_diversify	1	all	allai	𐌰𐌻𐌻𐌰𐌹	yes	2	aljar: absent, away from here, elsewhere, somewhere else	2	allis: (by no means), (in neg. sentences), absolutely, at all (in n...	2	alisi: alder	They led Jesus away to the high priest. All the chief priests, the elders, and the scribes came together with him.	jah gatauhun Iesu du auhumistin gudjin; jah garunnun miþ imma auhumistans gudjans allai jah þai sinistans jah bokarjos.	𐌾𐌰𐌷 𐌲𐌰𐍄𐌰𐌿𐌷𐌿𐌽 𐌹𐌴𐍃𐌿 𐌳𐌿 𐌰𐌿𐌷𐌿𐌼𐌹𐍃𐍄𐌹𐌽 𐌲𐌿𐌳𐌾𐌹𐌽; 𐌾𐌰𐌷 𐌲𐌰𐍂𐌿𐌽𐌽𐌿𐌽 𐌼𐌹𐌸 𐌹𐌼𐌼𐌰 𐌰𐌿𐌷𐌿𐌼𐌹𐍃𐍄𐌰𐌽𐍃 𐌲𐌿𐌳𐌾𐌰𐌽𐍃 𐌰𐌻𐌻𐌰𐌹 𐌾𐌰𐌷 𐌸𐌰𐌹 𐍃𐌹𐌽𐌹𐍃𐍄𐌰𐌽𐍃 𐌾𐌰𐌷 𐌱𐍉𐌺𐌰𐍂𐌾𐍉𐍃.
okay	train_1025_d2	llm_diversify	1	came together	garunnun	𐌲𐌰𐍂𐌿𐌽𐌽𐌿𐌽	yes	2	gakunnan: acknowledge o.s. as subordinate, acquire knowledge of, be su...	2	garinnan: come together, convene, gather, meet, obtain, reach, run tog...	3	gaunōn: bewail, lament (V.), sing a dirge, wail in mourning	They led Jesus away to the high priest. All the chief priests, the elders, and the scribes came together with him.	jah gatauhun Iesu du auhumistin gudjin; jah garunnun miþ imma auhumistans gudjans allai jah þai sinistans jah bokarjos.	𐌾𐌰𐌷 𐌲𐌰𐍄𐌰𐌿𐌷𐌿𐌽 𐌹𐌴𐍃𐌿 𐌳𐌿 𐌰𐌿𐌷𐌿𐌼𐌹𐍃𐍄𐌹𐌽 𐌲𐌿𐌳𐌾𐌹𐌽; 𐌾𐌰𐌷 𐌲𐌰𐍂𐌿𐌽𐌽𐌿𐌽 𐌼𐌹𐌸 𐌹𐌼𐌼𐌰 𐌰𐌿𐌷𐌿𐌼𐌹𐍃𐍄𐌰𐌽𐍃 𐌲𐌿𐌳𐌾𐌰𐌽𐍃 𐌰𐌻𐌻𐌰𐌹 𐌾𐌰𐌷 𐌸𐌰𐌹 𐍃𐌹𐌽𐌹𐍃𐍄𐌰𐌽𐍃 𐌾𐌰𐌷 𐌱𐍉𐌺𐌰𐍂𐌾𐍉𐍃.
okay	train_1164_d0	llm_diversify	1	come	qimands	𐌵𐌹𐌼𐌰𐌽𐌳𐍃	yes	2	qiman: arrive, come, get to; lat. venire	2	gibands: donor, giver	2	fijands: enemy, foe	Jesus said to him, "I will come and heal him."	jah qaþ du imma Iesus: ik qimands gahailja ina.	𐌾𐌰𐌷 𐌵𐌰𐌸 𐌳𐌿 𐌹𐌼𐌼𐌰 𐌹𐌴𐍃𐌿𐍃: 𐌹𐌺 𐌵𐌹𐌼𐌰𐌽𐌳𐍃 𐌲𐌰𐌷𐌰𐌹𐌻𐌾𐌰 𐌹𐌽𐌰.
okay	train_1166_d1	llm_diversify	1	heard	gahausjands	𐌲𐌰𐌷𐌰𐌿𐍃𐌾𐌰𐌽𐌳𐍃	yes	2	gahausjan: get to hear, hear (V.), perceive, receive hearing	2	ufhausjands: obedient	3	gakausjan: subject to a test, test (V.), try (V.)	When Jesus heard it, he marveled, and said to those who followed, "Most certainly I tell you, I haven't found so great a faith, not even in Israel.	gahausjands þan Iesus sildaleikida jah qaþ du þaim afarlaistjandam: amen, qiþa izwis, ni in Israela swalauda galaubein bigat.	𐌲𐌰𐌷𐌰𐌿𐍃𐌾𐌰𐌽𐌳𐍃 𐌸𐌰𐌽 𐌹𐌴𐍃𐌿𐍃 𐍃𐌹𐌻𐌳𐌰𐌻𐌴𐌹𐌺𐌹𐌳𐌰 𐌾𐌰𐌷 𐌵𐌰𐌸 𐌳𐌿 𐌸𐌰𐌹𐌼 𐌰𐍆𐌰𐍂𐌻𐌰𐌹𐍃𐍄𐌾𐌰𐌽𐌳𐌰𐌼: 𐌰𐌼𐌴𐌽, 𐌵𐌹𐌸𐌰 𐌹𐌶𐍅𐌹𐍃, 𐌽𐌹 𐌹𐌽 𐌹𐍃𐍂𐌰𐌴𐌻𐌰 𐍃𐍅𐌰𐌻𐌰𐌿𐌳𐌰 𐌲𐌰𐌻𐌰𐌿𐌱𐌴𐌹𐌽 𐌱𐌹𐌲𐌰𐍄.
okay	train_1189_d0	llm_diversify	1	his	seinana	𐍃𐌴𐌹𐌽𐌰𐌽𐌰	yes	2	keinan: bud (V.), germinate, sprout (V.)	2	skeinan: gleam (V.), shine (V.)	3	neiwan: bear a grudge against	He arose and departed to his house.	jah urreisands galaiþ in gard seinana.	𐌾𐌰𐌷 𐌿𐍂𐍂𐌴𐌹𐍃𐌰𐌽𐌳𐍃 𐌲𐌰𐌻𐌰𐌹𐌸 𐌹𐌽 𐌲𐌰𐍂𐌳 𐍃𐌴𐌹𐌽𐌰𐌽𐌰.
okay	train_1197_d2	llm_diversify	1	live	libaiþ	𐌻𐌹𐌱𐌰𐌹𐌸	yes	2	liban: be alive, live	2	nibai: but not in the case, except (Konj.), if not, not possibly, u...	2	ibai: feasibly, how is it possible that, is it not so that, is it ...	While he told these things to them, behold, a ruler came and worshiped him, saying, "My daughter has just died, but come and lay your hand on her, and she will live."	miþþanei is rodida þata du im, þaruh reiks ains qimands inwait ina, qiþands þatei dauhtar meina nu gaswalt; akei qimands atlagei handu þeina ana ija, jah libaiþ.	𐌼𐌹𐌸𐌸𐌰𐌽𐌴𐌹 𐌹𐍃 𐍂𐍉𐌳𐌹𐌳𐌰 𐌸𐌰𐍄𐌰 𐌳𐌿 𐌹𐌼, 𐌸𐌰𐍂𐌿𐌷 𐍂𐌴𐌹𐌺𐍃 𐌰𐌹𐌽𐍃 𐌵𐌹𐌼𐌰𐌽𐌳𐍃 𐌹𐌽𐍅𐌰𐌹𐍄 𐌹𐌽𐌰, 𐌵𐌹𐌸𐌰𐌽𐌳𐍃 𐌸𐌰𐍄𐌴𐌹 𐌳𐌰𐌿𐌷𐍄𐌰𐍂 𐌼𐌴𐌹𐌽𐌰 𐌽𐌿 𐌲𐌰𐍃𐍅𐌰𐌻𐍄; 𐌰𐌺𐌴𐌹 𐌵𐌹𐌼𐌰𐌽𐌳𐍃 𐌰𐍄𐌻𐌰𐌲𐌴𐌹 𐌷𐌰𐌽𐌳𐌿 𐌸𐌴𐌹𐌽𐌰 𐌰𐌽𐌰 𐌹𐌾𐌰, 𐌾𐌰𐌷 𐌻𐌹𐌱𐌰𐌹𐌸.
okay	train_1201_d0	llm_diversify	1	flute players	swigljans	𐍃𐍅𐌹𐌲𐌻𐌾𐌰𐌽𐍃	yes	2	sigljan: put a seal on, seal (V.)	2	swiglja: flute-player, flutist	3	swiknjan: absolve, exculpate, make taintless	When Jesus came into the ruler's house, and saw the flute players, and the crowd in noisy disorder,	jah qimands Iesus in garda þis reikis jah gasaihvands swigljans jah haurnjans haurnjandans jah managein auhjondein, qaþ du im:	𐌾𐌰𐌷 𐌵𐌹𐌼𐌰𐌽𐌳𐍃 𐌹𐌴𐍃𐌿𐍃 𐌹𐌽 𐌲𐌰𐍂𐌳𐌰 𐌸𐌹𐍃 𐍂𐌴𐌹𐌺𐌹𐍃 𐌾𐌰𐌷 𐌲𐌰𐍃𐌰𐌹𐍈𐌰𐌽𐌳𐍃 𐍃𐍅𐌹𐌲𐌻𐌾𐌰𐌽𐍃 𐌾𐌰𐌷 𐌷𐌰𐌿𐍂𐌽𐌾𐌰𐌽𐍃 𐌷𐌰𐌿𐍂𐌽𐌾𐌰𐌽𐌳𐌰𐌽𐍃 𐌾𐌰𐌷 𐌼𐌰𐌽𐌰𐌲𐌴𐌹𐌽 𐌰𐌿𐌷𐌾𐍉𐌽𐌳𐌴𐌹𐌽, 𐌵𐌰𐌸 𐌳𐌿 𐌹𐌼:
okay	train_1205_d0	llm_diversify	1	blind	blindans	𐌱𐌻𐌹𐌽𐌳𐌰𐌽𐍃	yes	2	blandan: associate with, commix, intermingle, mingle, mix (V.)	2	bindan: bind	2	blinds: blind (Adj.), sightless	When he had come into the house, the blind men came to him. Jesus said to them, "Do you believe that I am able to do this?" They told him, "Yes, Lord."	Qimandin þan in garda duatiddjedun imma þai blindans jah qaþ im Iesus: ga~u~laubjats þatei magjau þata taujan? Qeþun du imma: jai, frauja!	𐌵𐌹𐌼𐌰𐌽𐌳𐌹𐌽 𐌸𐌰𐌽 𐌹𐌽 𐌲𐌰𐍂𐌳𐌰 𐌳𐌿𐌰𐍄𐌹𐌳𐌳𐌾𐌴𐌳𐌿𐌽 𐌹𐌼𐌼𐌰 𐌸𐌰𐌹 𐌱𐌻𐌹𐌽𐌳𐌰𐌽𐍃 𐌾𐌰𐌷 𐌵𐌰𐌸 𐌹𐌼 𐌹𐌴𐍃𐌿𐍃: 𐌲𐌰~𐌿~𐌻𐌰𐌿𐌱𐌾𐌰𐍄𐍃 𐌸𐌰𐍄𐌴𐌹 𐌼𐌰𐌲𐌾𐌰𐌿 𐌸𐌰𐍄𐌰 𐍄𐌰𐌿𐌾𐌰𐌽? 𐌵𐌴𐌸𐌿𐌽 𐌳𐌿 𐌹𐌼𐌼𐌰: 𐌾𐌰𐌹, 𐍆𐍂𐌰𐌿𐌾𐌰!
okay	train_1205_d1	llm_diversify	1	able	magjau	𐌼𐌰𐌲𐌾𐌰𐌿	yes	2	magan: be able, be powerful, can (V.), have the ability	2	wagjan: agitate, make shake, move to and fro, shake (V.)	2	sagja: bearer of official tidings, court messenger	When he had come into the house, the blind men came to him. Jesus said to them, "Do you believe that I am able to do this?" They told him, "Yes, Lord."	Qimandin þan in garda duatiddjedun imma þai blindans jah qaþ im Iesus: ga~u~laubjats þatei magjau þata taujan? Qeþun du imma: jai, frauja!	𐌵𐌹𐌼𐌰𐌽𐌳𐌹𐌽 𐌸𐌰𐌽 𐌹𐌽 𐌲𐌰𐍂𐌳𐌰 𐌳𐌿𐌰𐍄𐌹𐌳𐌳𐌾𐌴𐌳𐌿𐌽 𐌹𐌼𐌼𐌰 𐌸𐌰𐌹 𐌱𐌻𐌹𐌽𐌳𐌰𐌽𐍃 𐌾𐌰𐌷 𐌵𐌰𐌸 𐌹𐌼 𐌹𐌴𐍃𐌿𐍃: 𐌲𐌰~𐌿~𐌻𐌰𐌿𐌱𐌾𐌰𐍄𐍃 𐌸𐌰𐍄𐌴𐌹 𐌼𐌰𐌲𐌾𐌰𐌿 𐌸𐌰𐍄𐌰 𐍄𐌰𐌿𐌾𐌰𐌽? 𐌵𐌴𐌸𐌿𐌽 𐌳𐌿 𐌹𐌼𐌼𐌰: 𐌾𐌰𐌹, 𐍆𐍂𐌰𐌿𐌾𐌰!
okay	train_0070_d1	llm_diversify	1	went out	urrann	𐌿𐍂𐍂𐌰𐌽𐌽	yes	2	urruns: departure, egress (N.), emergence, exit, exodus, latrine, ri...	3	urrēdan: decide, derive from argument, determine, legislate, plan out	3	grana: beard?, plait?; ?	Now it happened in those days, that a decree went out from Caesar Augustus that all the world should be enrolled.	Warþ þan in dagans jainans, urrann gagrefts fram kaisara Agustau, gameljan allana midjungard.	𐍅𐌰𐍂𐌸 𐌸𐌰𐌽 𐌹𐌽 𐌳𐌰𐌲𐌰𐌽𐍃 𐌾𐌰𐌹𐌽𐌰𐌽𐍃, 𐌿𐍂𐍂𐌰𐌽𐌽 𐌲𐌰𐌲𐍂𐌴𐍆𐍄𐍃 𐍆𐍂𐌰𐌼 𐌺𐌰𐌹𐍃𐌰𐍂𐌰 𐌰𐌲𐌿𐍃𐍄𐌰𐌿, 𐌲𐌰𐌼𐌴𐌻𐌾𐌰𐌽 𐌰𐌻𐌻𐌰𐌽𐌰 𐌼𐌹𐌳𐌾𐌿𐌽𐌲𐌰𐍂𐌳.
okay	train_0072_d0	llm_diversify	1	went up	Urrann	𐌿𐍂𐍂𐌰𐌽𐌽	no	2	urruns: departure, egress (N.), emergence, exit, exodus, latrine, ri...	3	urrēdan: decide, derive from argument, determine, legislate, plan out	3	grana: beard?, plait?; ?	Joseph also went up from Galilee, out of the city of Nazareth, into Judea, to the city of David, which is called Bethlehem, because he was of the house and family of David;	Urrann þan jah Iosef us Galeilaia, us baurg Nazaraiþ, in Iudaian, in baurg Daweidis sei haitada Beþlaihaim, duþe ei was us garda fadreinais Daweidis,	𐌿𐍂𐍂𐌰𐌽𐌽 𐌸𐌰𐌽 𐌾𐌰𐌷 𐌹𐍉𐍃𐌴𐍆 𐌿𐍃 𐌲𐌰𐌻𐌴𐌹𐌻𐌰𐌹𐌰, 𐌿𐍃 𐌱𐌰𐌿𐍂𐌲 𐌽𐌰𐌶𐌰𐍂𐌰𐌹𐌸, 𐌹𐌽 𐌹𐌿𐌳𐌰𐌹𐌰𐌽, 𐌹𐌽 𐌱𐌰𐌿𐍂𐌲 𐌳𐌰𐍅𐌴𐌹𐌳𐌹𐍃 𐍃𐌴𐌹 𐌷𐌰𐌹𐍄𐌰𐌳𐌰 𐌱𐌴𐌸𐌻𐌰𐌹𐌷𐌰𐌹𐌼, 𐌳𐌿𐌸𐌴 𐌴𐌹 𐍅𐌰𐍃 𐌿𐍃 𐌲𐌰𐍂𐌳𐌰 𐍆𐌰𐌳𐍂𐌴𐌹𐌽𐌰𐌹𐍃 𐌳𐌰𐍅𐌴𐌹𐌳𐌹𐍃,
okay	train_0079_d0	llm_diversify	1	highest	hauhistjam	𐌷𐌰𐌿𐌷𐌹𐍃𐍄𐌾𐌰𐌼	yes	2	hauhista: highest	3	hauhisti: highest height	4	haifstjan: compete in a contest, contend, fight (V.), rival (V.), striv...	"Glory to God in the highest, on earth peace, good will toward men."	wulþus in hauhistjam guda jah ana airþai gawairþi in mannam godis wiljins.	𐍅𐌿𐌻𐌸𐌿𐍃 𐌹𐌽 𐌷𐌰𐌿𐌷𐌹𐍃𐍄𐌾𐌰𐌼 𐌲𐌿𐌳𐌰 𐌾𐌰𐌷 𐌰𐌽𐌰 𐌰𐌹𐍂𐌸𐌰𐌹 𐌲𐌰𐍅𐌰𐌹𐍂𐌸𐌹 𐌹𐌽 𐌼𐌰𐌽𐌽𐌰𐌼 𐌲𐍉𐌳𐌹𐍃 𐍅𐌹𐌻𐌾𐌹𐌽𐍃.
okay	train_0089_d0	llm_diversify	1	law	witodis	𐍅𐌹𐍄𐍉𐌳𐌹𐍃	yes	2	witōþs: lawful	3	winds: air current; lat. ventus, crooked, wind (N.)	3	weitwōdi: depositional attestation, testimonial, witness (N.)	He came in the Spirit into the temple. When the parents brought in the child, Jesus, that they might do concerning him according to the custom of the law,	jah qam in ahmin in þizai alh; jah miþþanei innattauhun berusjos þata barn Iesu, ei tawidedeina bi biuhtja witodis bi ina,	𐌾𐌰𐌷 𐌵𐌰𐌼 𐌹𐌽 𐌰𐌷𐌼𐌹𐌽 𐌹𐌽 𐌸𐌹𐌶𐌰𐌹 𐌰𐌻𐌷; 𐌾𐌰𐌷 𐌼𐌹𐌸𐌸𐌰𐌽𐌴𐌹 𐌹𐌽𐌽𐌰𐍄𐍄𐌰𐌿𐌷𐌿𐌽 𐌱𐌴𐍂𐌿𐍃𐌾𐍉𐍃 𐌸𐌰𐍄𐌰 𐌱𐌰𐍂𐌽 𐌹𐌴𐍃𐌿, 𐌴𐌹 𐍄𐌰𐍅𐌹𐌳𐌴𐌳𐌴𐌹𐌽𐌰 𐌱𐌹 𐌱𐌹𐌿𐌷𐍄𐌾𐌰 𐍅𐌹𐍄𐍉𐌳𐌹𐍃 𐌱𐌹 𐌹𐌽𐌰,
okay	train_0089_d1	llm_diversify	1	law	witodis	𐍅𐌹𐍄𐍉𐌳𐌹𐍃	yes	2	witōþs: lawful	3	winds: air current; lat. ventus, crooked, wind (N.)	3	weitwōdi: depositional attestation, testimonial, witness (N.)	He came in the Spirit into the temple. When the parents brought in the child, Jesus, that they might do concerning him according to the custom of the law,	jah qam in ahmin in þizai alh; jah miþþanei innattauhun berusjos þata barn Iesu, ei tawidedeina bi biuhtja witodis bi ina,	𐌾𐌰𐌷 𐌵𐌰𐌼 𐌹𐌽 𐌰𐌷𐌼𐌹𐌽 𐌹𐌽 𐌸𐌹𐌶𐌰𐌹 𐌰𐌻𐌷; 𐌾𐌰𐌷 𐌼𐌹𐌸𐌸𐌰𐌽𐌴𐌹 𐌹𐌽𐌽𐌰𐍄𐍄𐌰𐌿𐌷𐌿𐌽 𐌱𐌴𐍂𐌿𐍃𐌾𐍉𐍃 𐌸𐌰𐍄𐌰 𐌱𐌰𐍂𐌽 𐌹𐌴𐍃𐌿, 𐌴𐌹 𐍄𐌰𐍅𐌹𐌳𐌴𐌳𐌴𐌹𐌽𐌰 𐌱𐌹 𐌱𐌹𐌿𐌷𐍄𐌾𐌰 𐍅𐌹𐍄𐍉𐌳𐌹𐍃 𐌱𐌹 𐌹𐌽𐌰,
okay	train_0099_d0	llm_diversify	1	filled	fullnands	𐍆𐌿𐌻𐌻𐌽𐌰𐌽𐌳𐍃	yes	2	fullnan: be filled, be full, become filled, become full	3	wunands: content	3	fulljan: fill (V.), fulfill, overfill (V.)	The child was growing, and was becoming strong in spirit, being filled with wisdom, and the grace of God was upon him.	iþ þata barn wohs jah swinþnoda ahmins fullnands jah handugeins, jah ansts gudis was ana imma.	𐌹𐌸 𐌸𐌰𐍄𐌰 𐌱𐌰𐍂𐌽 𐍅𐍉𐌷𐍃 𐌾𐌰𐌷 𐍃𐍅𐌹𐌽𐌸𐌽𐍉𐌳𐌰 𐌰𐌷𐌼𐌹𐌽𐍃 𐍆𐌿𐌻𐌻𐌽𐌰𐌽𐌳𐍃 𐌾𐌰𐌷 𐌷𐌰𐌽𐌳𐌿𐌲𐌴𐌹𐌽𐍃, 𐌾𐌰𐌷 𐌰𐌽𐍃𐍄𐍃 𐌲𐌿𐌳𐌹𐍃 𐍅𐌰𐍃 𐌰𐌽𐌰 𐌹𐌼𐌼𐌰.
okay	train_0121_d0	llm_diversify	1	Tax collectors	motarjos	𐌼𐍉𐍄𐌰𐍂𐌾𐍉𐍃	yes	2	mōtāreis: admission-fee collector, publican, tax collector, tolltaker	3	mitadjō: measure (N.), measured amount	4	bōkāreis: scribe, secretary-lector of a religious community, writer	Tax collectors also came to be baptized, and they said to him, "Teacher, what must we do?"	qemun þan jah motarjos daupjan jah qeþun du imma: laisari, hva taujaima?	𐌵𐌴𐌼𐌿𐌽 𐌸𐌰𐌽 𐌾𐌰𐌷 𐌼𐍉𐍄𐌰𐍂𐌾𐍉𐍃 𐌳𐌰𐌿𐍀𐌾𐌰𐌽 𐌾𐌰𐌷 𐌵𐌴𐌸𐌿𐌽 𐌳𐌿 𐌹𐌼𐌼𐌰: 𐌻𐌰𐌹𐍃𐌰𐍂𐌹, 𐍈𐌰 𐍄𐌰𐌿𐌾𐌰𐌹𐌼𐌰?
okay	train_0122_d0	llm_diversify	1	Collect	lausjaiþ	𐌻𐌰𐌿𐍃𐌾𐌰𐌹𐌸	yes	2	lausjan: collect (V.), divest of, extract (V.), free (V.), free from,...	3	laubjan: allow?	3	kausjan: experience (V.), prove (V.), sample (V.), taste (V.), test (...	He said to them, "Collect no more than that which is appointed to you."	þaruh qaþ du im: ni waiht ufar þatei garaid sijai izwis, lausjaiþ.	𐌸𐌰𐍂𐌿𐌷 𐌵𐌰𐌸 𐌳𐌿 𐌹𐌼: 𐌽𐌹 𐍅𐌰𐌹𐌷𐍄 𐌿𐍆𐌰𐍂 𐌸𐌰𐍄𐌴𐌹 𐌲𐌰𐍂𐌰𐌹𐌳 𐍃𐌹𐌾𐌰𐌹 𐌹𐌶𐍅𐌹𐍃, 𐌻𐌰𐌿𐍃𐌾𐌰𐌹𐌸.
okay	train_0228_d0	llm_diversify	1	lifted up	ushafjands	𐌿𐍃𐌷𐌰𐍆𐌾𐌰𐌽𐌳𐍃	yes	2	ushafjan: lift up, raise up	3	ushafjan sik: betake o.s. away	3	unhabands: non-possessing, not having	He lifted up his eyes to his disciples, and said, "Blessed are you who are poor, for yours is the Kingdom of God.	jah is ushafjands augona seina du siponjam seinaim qaþ: audagai jus unledans ahmin, unte izwara ist þiudangardi himine.	𐌾𐌰𐌷 𐌹𐍃 𐌿𐍃𐌷𐌰𐍆𐌾𐌰𐌽𐌳𐍃 𐌰𐌿𐌲𐍉𐌽𐌰 𐍃𐌴𐌹𐌽𐌰 𐌳𐌿 𐍃𐌹𐍀𐍉𐌽𐌾𐌰𐌼 𐍃𐌴𐌹𐌽𐌰𐌹𐌼 𐌵𐌰𐌸: 𐌰𐌿𐌳𐌰𐌲𐌰𐌹 𐌾𐌿𐍃 𐌿𐌽𐌻𐌴𐌳𐌰𐌽𐍃 𐌰𐌷𐌼𐌹𐌽, 𐌿𐌽𐍄𐌴 𐌹𐌶𐍅𐌰𐍂𐌰 𐌹𐍃𐍄 𐌸𐌹𐌿𐌳𐌰𐌽𐌲𐌰𐍂𐌳𐌹 𐌷𐌹𐌼𐌹𐌽𐌴.
okay	train_0241_d0	llm_diversify	1	Most High	hauhistins	𐌷𐌰𐌿𐌷𐌹𐍃𐍄𐌹𐌽𐍃	yes	2	hauhisti: highest height	3	hauseins: ear, hearing (N.), news, preaching (N.), report (N.), sense ...	3	hauheins: elevating (N.), elevation, exaltation, extolment, honour (N....	But love your enemies, and do good, and lend, expecting nothing back; and your reward will be great, and you will be children of the Most High; for he is kind toward the unthankful and evil.	sweþauh frijod þans fijands izwarans, þiuþ taujaid jah leihvaid ni waihtais uswenans, jah wairþiþ mizdo izwara managa, jah wairþiþ sunjus hauhistins, unte is gods ist þaim unfagram jah unseljam.	𐍃𐍅𐌴𐌸𐌰𐌿𐌷 𐍆𐍂𐌹𐌾𐍉𐌳 𐌸𐌰𐌽𐍃 𐍆𐌹𐌾𐌰𐌽𐌳𐍃 𐌹𐌶𐍅𐌰𐍂𐌰𐌽𐍃, 𐌸𐌹𐌿𐌸 𐍄𐌰𐌿𐌾𐌰𐌹𐌳 𐌾𐌰𐌷 𐌻𐌴𐌹𐍈𐌰𐌹𐌳 𐌽𐌹 𐍅𐌰𐌹𐌷𐍄𐌰𐌹𐍃 𐌿𐍃𐍅𐌴𐌽𐌰𐌽𐍃, 𐌾𐌰𐌷 𐍅𐌰𐌹𐍂𐌸𐌹𐌸 𐌼𐌹𐌶𐌳𐍉 𐌹𐌶𐍅𐌰𐍂𐌰 𐌼𐌰𐌽𐌰𐌲𐌰, 𐌾𐌰𐌷 𐍅𐌰𐌹𐍂𐌸𐌹𐌸 𐍃𐌿𐌽𐌾𐌿𐍃 𐌷𐌰𐌿𐌷𐌹𐍃𐍄𐌹𐌽𐍃, 𐌿𐌽𐍄𐌴 𐌹𐍃 𐌲𐍉𐌳𐍃 𐌹𐍃𐍄 𐌸𐌰𐌹𐌼 𐌿𐌽𐍆𐌰𐌲𐍂𐌰𐌼 𐌾𐌰𐌷 𐌿𐌽𐍃𐌴𐌻𐌾𐌰𐌼.
okay	train_0314_d0	llm_diversify	1	torment	balwjais	𐌱𐌰𐌻𐍅𐌾𐌰𐌹𐍃	yes	2	balwjan: martyr (V.), torment (V.), torture (V.)	3	aljis: another, other	3	balwaweis: baleful, malicious, wicked	When he saw Jesus, he cried out, and fell down before him, and with a loud voice said, "What do I have to do with you, Jesus, you Son of the Most High God? I beg you, don't torment me!"	gasaihvands þan Iesu jah ufhropjands draus du imma jah stibnai mikilai qaþ: hva mis jah þus, Iesu, sunau gudis hauhistins? bidja þuk, ni balwjais mis.	𐌲𐌰𐍃𐌰𐌹𐍈𐌰𐌽𐌳𐍃 𐌸𐌰𐌽 𐌹𐌴𐍃𐌿 𐌾𐌰𐌷 𐌿𐍆𐌷𐍂𐍉𐍀𐌾𐌰𐌽𐌳𐍃 𐌳𐍂𐌰𐌿𐍃 𐌳𐌿 𐌹𐌼𐌼𐌰 𐌾𐌰𐌷 𐍃𐍄𐌹𐌱𐌽𐌰𐌹 𐌼𐌹𐌺𐌹𐌻𐌰𐌹 𐌵𐌰𐌸: 𐍈𐌰 𐌼𐌹𐍃 𐌾𐌰𐌷 𐌸𐌿𐍃, 𐌹𐌴𐍃𐌿, 𐍃𐌿𐌽𐌰𐌿 𐌲𐌿𐌳𐌹𐍃 𐌷𐌰𐌿𐌷𐌹𐍃𐍄𐌹𐌽𐍃? 𐌱𐌹𐌳𐌾𐌰 𐌸𐌿𐌺, 𐌽𐌹 𐌱𐌰𐌻𐍅𐌾𐌰𐌹𐍃 𐌼𐌹𐍃.
okay	train_0314_d1	llm_diversify	1	Most High	hauhistins	𐌷𐌰𐌿𐌷𐌹𐍃𐍄𐌹𐌽𐍃	yes	2	hauhisti: highest height	3	hauseins: ear, hearing (N.), news, preaching (N.), report (N.), sense ...	3	hauheins: elevating (N.), elevation, exaltation, extolment, honour (N....	When he saw Jesus, he cried out, and fell down before him, and with a loud voice said, "What do I have to do with you, Jesus, you Son of the Most High God? I beg you, don't torment me!"	gasaihvands þan Iesu jah ufhropjands draus du imma jah stibnai mikilai qaþ: hva mis jah þus, Iesu, sunau gudis hauhistins? bidja þuk, ni balwjais mis.	𐌲𐌰𐍃𐌰𐌹𐍈𐌰𐌽𐌳𐍃 𐌸𐌰𐌽 𐌹𐌴𐍃𐌿 𐌾𐌰𐌷 𐌿𐍆𐌷𐍂𐍉𐍀𐌾𐌰𐌽𐌳𐍃 𐌳𐍂𐌰𐌿𐍃 𐌳𐌿 𐌹𐌼𐌼𐌰 𐌾𐌰𐌷 𐍃𐍄𐌹𐌱𐌽𐌰𐌹 𐌼𐌹𐌺𐌹𐌻𐌰𐌹 𐌵𐌰𐌸: 𐍈𐌰 𐌼𐌹𐍃 𐌾𐌰𐌷 𐌸𐌿𐍃, 𐌹𐌴𐍃𐌿, 𐍃𐌿𐌽𐌰𐌿 𐌲𐌿𐌳𐌹𐍃 𐌷𐌰𐌿𐌷𐌹𐍃𐍄𐌹𐌽𐍃? 𐌱𐌹𐌳𐌾𐌰 𐌸𐌿𐌺, 𐌽𐌹 𐌱𐌰𐌻𐍅𐌾𐌰𐌹𐍃 𐌼𐌹𐍃.
okay	train_0324_d0	llm_diversify	1	only	ainoho	𐌰𐌹𐌽𐍉𐌷𐍉	yes	2	ainaha: only (Adj.), sole	3	ains: a, alone, an, anyone, once (= ainamma sinþa), one, only, sin...	3	ganōhs: abundant, ample (Adj.), copious, enough, plenteous	for he had an only daughter, about twelve years of age, and she was dying. But as he went, the multitudes pressed against him.	unte dauhtar ainoho was imma swe wintriwe twalibe, jah so swalt. miþþanei þan iddja is, manageins þraihun ina.	𐌿𐌽𐍄𐌴 𐌳𐌰𐌿𐌷𐍄𐌰𐍂 𐌰𐌹𐌽𐍉𐌷𐍉 𐍅𐌰𐍃 𐌹𐌼𐌼𐌰 𐍃𐍅𐌴 𐍅𐌹𐌽𐍄𐍂𐌹𐍅𐌴 𐍄𐍅𐌰𐌻𐌹𐌱𐌴, 𐌾𐌰𐌷 𐍃𐍉 𐍃𐍅𐌰𐌻𐍄. 𐌼𐌹𐌸𐌸𐌰𐌽𐌴𐌹 𐌸𐌰𐌽 𐌹𐌳𐌳𐌾𐌰 𐌹𐍃, 𐌼𐌰𐌽𐌰𐌲𐌴𐌹𐌽𐍃 𐌸𐍂𐌰𐌹𐌷𐌿𐌽 𐌹𐌽𐌰.
okay	train_0334_d0	llm_diversify	1	sick	unhailans	𐌿𐌽𐌷𐌰𐌹𐌻𐌰𐌽𐍃	yes	2	unhails: ailing, sick, unhealthy, unwell	3	unaírkns: adulterated, corrupted, distorted, impure, ungenuine, unholy	3	hailags: holy, sacred and inviolable, sacrosanct	He sent them forth to preach the Kingdom of God, and to heal the sick.	jah insandida ins merjan þiudangardja gudis jah gahailjan allans þans unhailans.	𐌾𐌰𐌷 𐌹𐌽𐍃𐌰𐌽𐌳𐌹𐌳𐌰 𐌹𐌽𐍃 𐌼𐌴𐍂𐌾𐌰𐌽 𐌸𐌹𐌿𐌳𐌰𐌽𐌲𐌰𐍂𐌳𐌾𐌰 𐌲𐌿𐌳𐌹𐍃 𐌾𐌰𐌷 𐌲𐌰𐌷𐌰𐌹𐌻𐌾𐌰𐌽 𐌰𐌻𐌻𐌰𐌽𐍃 𐌸𐌰𐌽𐍃 𐌿𐌽𐌷𐌰𐌹𐌻𐌰𐌽𐍃.
okay	train_0342_d2	llm_diversify	1	lodge	saljaina	𐍃𐌰𐌻𐌾𐌰𐌹𐌽𐌰	yes	2	saljan: be a guest of, lodge (V.) (intr.), make a tributary offering...	3	samjan: give o.s. a pleasing appearance (= sik samjan), present a pl...	3	samana: all together, at the same time, in union	The day began to wear away; and the twelve came, and said to him, "Send the multitude away, that they may go into the surrounding villages and farms, and lodge, and get food, for we are here in a deserted place."	þanuh dags juþan dugann hneiwan. atgaggandans þan du imma þai twalif qeþun du imma: fralet þo managein, ei galeiþandans in þos bisunjane haimos jah weihsa saljaina jah bugjaina sis matins, unte her in auþjamma stada sium.	𐌸𐌰𐌽𐌿𐌷 𐌳𐌰𐌲𐍃 𐌾𐌿𐌸𐌰𐌽 𐌳𐌿𐌲𐌰𐌽𐌽 𐌷𐌽𐌴𐌹𐍅𐌰𐌽. 𐌰𐍄𐌲𐌰𐌲𐌲𐌰𐌽𐌳𐌰𐌽𐍃 𐌸𐌰𐌽 𐌳𐌿 𐌹𐌼𐌼𐌰 𐌸𐌰𐌹 𐍄𐍅𐌰𐌻𐌹𐍆 𐌵𐌴𐌸𐌿𐌽 𐌳𐌿 𐌹𐌼𐌼𐌰: 𐍆𐍂𐌰𐌻𐌴𐍄 𐌸𐍉 𐌼𐌰𐌽𐌰𐌲𐌴𐌹𐌽, 𐌴𐌹 𐌲𐌰𐌻𐌴𐌹𐌸𐌰𐌽𐌳𐌰𐌽𐍃 𐌹𐌽 𐌸𐍉𐍃 𐌱𐌹𐍃𐌿𐌽𐌾𐌰𐌽𐌴 𐌷𐌰𐌹𐌼𐍉𐍃 𐌾𐌰𐌷 𐍅𐌴𐌹𐌷𐍃𐌰 𐍃𐌰𐌻𐌾𐌰𐌹𐌽𐌰 𐌾𐌰𐌷 𐌱𐌿𐌲𐌾𐌰𐌹𐌽𐌰 𐍃𐌹𐍃 𐌼𐌰𐍄𐌹𐌽𐍃, 𐌿𐌽𐍄𐌴 𐌷𐌴𐍂 𐌹𐌽 𐌰𐌿𐌸𐌾𐌰𐌼𐌼𐌰 𐍃𐍄𐌰𐌳𐌰 𐍃𐌹𐌿𐌼.
okay	train_0419_d1	llm_diversify	1	filled	usfulnai	𐌿𐍃𐍆𐌿𐌻𐌽𐌰𐌹	yes	2	usfullnan: be brought to fulfillment, be filled up, be fulfilled, becom...	3	usfilma: amazed, astonished, bewildered, frightened, shaken, struck	3	usfilmei: amazement, astonishment, bewilderment	"The lord said to the servant, 'Go out into the highways and hedges, and compel them to come in, that my house may be filled.	jah qaþ sa frauja du þamma skalka: usgagg and wigans jah faþos jah nauþei innatgaggan, ei usfulnai gards meins.	𐌾𐌰𐌷 𐌵𐌰𐌸 𐍃𐌰 𐍆𐍂𐌰𐌿𐌾𐌰 𐌳𐌿 𐌸𐌰𐌼𐌼𐌰 𐍃𐌺𐌰𐌻𐌺𐌰: 𐌿𐍃𐌲𐌰𐌲𐌲 𐌰𐌽𐌳 𐍅𐌹𐌲𐌰𐌽𐍃 𐌾𐌰𐌷 𐍆𐌰𐌸𐍉𐍃 𐌾𐌰𐌷 𐌽𐌰𐌿𐌸𐌴𐌹 𐌹𐌽𐌽𐌰𐍄𐌲𐌰𐌲𐌲𐌰𐌽, 𐌴𐌹 𐌿𐍃𐍆𐌿𐌻𐌽𐌰𐌹 𐌲𐌰𐍂𐌳𐍃 𐌼𐌴𐌹𐌽𐍃.
okay	train_0422_d1	llm_diversify	1	hate	fijaiþ	𐍆𐌹𐌾𐌰𐌹𐌸	yes	2	fijan: be inimical towards, feel hostile towards, hate (V.)	3	fitan: be in labour (with), give birth (to) amid throes, undergo ch...	3	aljaþ: elsewhere, elsewhither, to another place, to somewhere else	"If anyone comes to me, and doesn't hate his own father, mother, wife, children, brothers, and sisters, yes, and his own life also, he can't be my disciple.	jabai hvas gaggiþ du mis jah ni fijaiþ attan seinana jah aiþein jah qen jah barna jah broþruns jah swistruns, nauhuþ~þan seina silbins saiwala, ni mag meins siponeis wisan.	𐌾𐌰𐌱𐌰𐌹 𐍈𐌰𐍃 𐌲𐌰𐌲𐌲𐌹𐌸 𐌳𐌿 𐌼𐌹𐍃 𐌾𐌰𐌷 𐌽𐌹 𐍆𐌹𐌾𐌰𐌹𐌸 𐌰𐍄𐍄𐌰𐌽 𐍃𐌴𐌹𐌽𐌰𐌽𐌰 𐌾𐌰𐌷 𐌰𐌹𐌸𐌴𐌹𐌽 𐌾𐌰𐌷 𐌵𐌴𐌽 𐌾𐌰𐌷 𐌱𐌰𐍂𐌽𐌰 𐌾𐌰𐌷 𐌱𐍂𐍉𐌸𐍂𐌿𐌽𐍃 𐌾𐌰𐌷 𐍃𐍅𐌹𐍃𐍄𐍂𐌿𐌽𐍃, 𐌽𐌰𐌿𐌷𐌿𐌸~𐌸𐌰𐌽 𐍃𐌴𐌹𐌽𐌰 𐍃𐌹𐌻𐌱𐌹𐌽𐍃 𐍃𐌰𐌹𐍅𐌰𐌻𐌰, 𐌽𐌹 𐌼𐌰𐌲 𐌼𐌴𐌹𐌽𐍃 𐍃𐌹𐍀𐍉𐌽𐌴𐌹𐍃 𐍅𐌹𐍃𐌰𐌽.
okay	train_0466_d1	llm_diversify	1	lifted up	ushafjands	𐌿𐍃𐌷𐌰𐍆𐌾𐌰𐌽𐌳𐍃	yes	2	ushafjan: lift up, raise up	3	ushafjan sik: betake o.s. away	3	unhabands: non-possessing, not having	In Hades, he lifted up his eyes, being in torment, and saw Abraham far off, and Lazarus at his bosom.	jah in haljai ushafjands augona seina wisands in balweinim gasahv þan Abraham fairraþro jah Lazzaru in barmim is.	𐌾𐌰𐌷 𐌹𐌽 𐌷𐌰𐌻𐌾𐌰𐌹 𐌿𐍃𐌷𐌰𐍆𐌾𐌰𐌽𐌳𐍃 𐌰𐌿𐌲𐍉𐌽𐌰 𐍃𐌴𐌹𐌽𐌰 𐍅𐌹𐍃𐌰𐌽𐌳𐍃 𐌹𐌽 𐌱𐌰𐌻𐍅𐌴𐌹𐌽𐌹𐌼 𐌲𐌰𐍃𐌰𐍈 𐌸𐌰𐌽 𐌰𐌱𐍂𐌰𐌷𐌰𐌼 𐍆𐌰𐌹𐍂𐍂𐌰𐌸𐍂𐍉 𐌾𐌰𐌷 𐌻𐌰𐌶𐌶𐌰𐍂𐌿 𐌹𐌽 𐌱𐌰𐍂𐌼𐌹𐌼 𐌹𐍃.
okay	train_0501_d0	llm_diversify	1	avenge	gawrikiþ	𐌲𐌰𐍅𐍂𐌹𐌺𐌹𐌸	yes	2	gawrikan: achieve retribution for, avenge, vindicate, wreak vengeance ...	3	galeiki: like form, likeness, replica, resemblance, similar appearanc...	3	gaqimiþ:	I tell you that he will avenge them quickly. Nevertheless, when the Son of Man comes, will he find faith on the earth?"	aþþan qiþa izwis þatei gawrikiþ ins sprauto. iþ sweþauh sunus mans qimands bi~u~gitai galaubein ana airþai?	𐌰𐌸𐌸𐌰𐌽 𐌵𐌹𐌸𐌰 𐌹𐌶𐍅𐌹𐍃 𐌸𐌰𐍄𐌴𐌹 𐌲𐌰𐍅𐍂𐌹𐌺𐌹𐌸 𐌹𐌽𐍃 𐍃𐍀𐍂𐌰𐌿𐍄𐍉. 𐌹𐌸 𐍃𐍅𐌴𐌸𐌰𐌿𐌷 𐍃𐌿𐌽𐌿𐍃 𐌼𐌰𐌽𐍃 𐌵𐌹𐌼𐌰𐌽𐌳𐍃 𐌱𐌹~𐌿~𐌲𐌹𐍄𐌰𐌹 𐌲𐌰𐌻𐌰𐌿𐌱𐌴𐌹𐌽 𐌰𐌽𐌰 𐌰𐌹𐍂𐌸𐌰𐌹?
okay	train_0501_d1	llm_diversify	1	avenge	gawrikiþ	𐌲𐌰𐍅𐍂𐌹𐌺𐌹𐌸	yes	2	gawrikan: achieve retribution for, avenge, vindicate, wreak vengeance ...	3	galeiki: like form, likeness, replica, resemblance, similar appearanc...	3	gaqimiþ:	I tell you that he will avenge them quickly. Nevertheless, when the Son of Man comes, will he find faith on the earth?"	aþþan qiþa izwis þatei gawrikiþ ins sprauto. iþ sweþauh sunus mans qimands bi~u~gitai galaubein ana airþai?	𐌰𐌸𐌸𐌰𐌽 𐌵𐌹𐌸𐌰 𐌹𐌶𐍅𐌹𐍃 𐌸𐌰𐍄𐌴𐌹 𐌲𐌰𐍅𐍂𐌹𐌺𐌹𐌸 𐌹𐌽𐍃 𐍃𐍀𐍂𐌰𐌿𐍄𐍉. 𐌹𐌸 𐍃𐍅𐌴𐌸𐌰𐌿𐌷 𐍃𐌿𐌽𐌿𐍃 𐌼𐌰𐌽𐍃 𐌵𐌹𐌼𐌰𐌽𐌳𐍃 𐌱𐌹~𐌿~𐌲𐌹𐍄𐌰𐌹 𐌲𐌰𐌻𐌰𐌿𐌱𐌴𐌹𐌽 𐌰𐌽𐌰 𐌰𐌹𐍂𐌸𐌰𐌹?
okay	train_0530_d0	llm_diversify	1	hurry	sniumjands	𐍃𐌽𐌹𐌿𐌼𐌾𐌰𐌽𐌳𐍃	yes	2	sniumjan: hasten, hurry (V.), rush (V.)	3	sniumundōs: more eager	3	sniumundō: hurriedly, quickly, speedily, with haste	When Jesus came to the place, he looked up and saw him, and said to him, "Zacchaeus, hurry and come down, for today I must stay at your house."	jah biþe qam ana þamma stada, insaihvands iup Iesus gasahv ina jah qaþ du imma: Zakkaiu, sniumjands dalaþ atsteig: himma daga auk in garda þeinamma skal ik wisan.	𐌾𐌰𐌷 𐌱𐌹𐌸𐌴 𐌵𐌰𐌼 𐌰𐌽𐌰 𐌸𐌰𐌼𐌼𐌰 𐍃𐍄𐌰𐌳𐌰, 𐌹𐌽𐍃𐌰𐌹𐍈𐌰𐌽𐌳𐍃 𐌹𐌿𐍀 𐌹𐌴𐍃𐌿𐍃 𐌲𐌰𐍃𐌰𐍈 𐌹𐌽𐌰 𐌾𐌰𐌷 𐌵𐌰𐌸 𐌳𐌿 𐌹𐌼𐌼𐌰: 𐌶𐌰𐌺𐌺𐌰𐌹𐌿, 𐍃𐌽𐌹𐌿𐌼𐌾𐌰𐌽𐌳𐍃 𐌳𐌰𐌻𐌰𐌸 𐌰𐍄𐍃𐍄𐌴𐌹𐌲: 𐌷𐌹𐌼𐌼𐌰 𐌳𐌰𐌲𐌰 𐌰𐌿𐌺 𐌹𐌽 𐌲𐌰𐍂𐌳𐌰 𐌸𐌴𐌹𐌽𐌰𐌼𐌼𐌰 𐍃𐌺𐌰𐌻 𐌹𐌺 𐍅𐌹𐍃𐌰𐌽.
okay	train_0557_d1	llm_diversify	1	highest	hauhistjam	𐌷𐌰𐌿𐌷𐌹𐍃𐍄𐌾𐌰𐌼	yes	2	hauhista: highest	3	hauhisti: highest height	4	haifstjan: compete in a contest, contend, fight (V.), rival (V.), striv...	saying, "Blessed is the King who comes in the name of the Lord! Peace in heaven, and glory in the highest!"	qiþandans: þiuþida sa qimanda þiudans in namin fraujins; gawairþi in himina jah wulþus in hauhistjam.	𐌵𐌹𐌸𐌰𐌽𐌳𐌰𐌽𐍃: 𐌸𐌹𐌿𐌸𐌹𐌳𐌰 𐍃𐌰 𐌵𐌹𐌼𐌰𐌽𐌳𐌰 𐌸𐌹𐌿𐌳𐌰𐌽𐍃 𐌹𐌽 𐌽𐌰𐌼𐌹𐌽 𐍆𐍂𐌰𐌿𐌾𐌹𐌽𐍃; 𐌲𐌰𐍅𐌰𐌹𐍂𐌸𐌹 𐌹𐌽 𐌷𐌹𐌼𐌹𐌽𐌰 𐌾𐌰𐌷 𐍅𐌿𐌻𐌸𐌿𐍃 𐌹𐌽 𐌷𐌰𐌿𐌷𐌹𐍃𐍄𐌾𐌰𐌼.
okay	train_0618_d0	llm_diversify	1	Come	hirjats	𐌷𐌹𐍂𐌾𐌰𐍄𐍃	yes	2	hirjan: come	3	harjis: armed host, army, host, legion	3	timrjans: building worker	Jesus said to them, "Come after me, and I will make you into fishers for men."	jah qaþ im Iesus: hirjats afar mis, jah gatauja igqis wairþan nutans manne.	𐌾𐌰𐌷 𐌵𐌰𐌸 𐌹𐌼 𐌹𐌴𐍃𐌿𐍃: 𐌷𐌹𐍂𐌾𐌰𐍄𐍃 𐌰𐍆𐌰𐍂 𐌼𐌹𐍃, 𐌾𐌰𐌷 𐌲𐌰𐍄𐌰𐌿𐌾𐌰 𐌹𐌲𐌵𐌹𐍃 𐍅𐌰𐌹𐍂𐌸𐌰𐌽 𐌽𐌿𐍄𐌰𐌽𐍃 𐌼𐌰𐌽𐌽𐌴.
okay	train_0635_d0	llm_diversify	1	casting out	uswairpands	𐌿𐍃𐍅𐌰𐌹𐍂𐍀𐌰𐌽𐌳𐍃	yes	2	uswaírpan: cast off, cast out, eject, expel, reject (V.), throw off, th...	3	unbaírands: non-bearing, unbearing	4	uswahsans: adult (Adj.), grown up, of age	He went into their synagogues throughout all Galilee, preaching and casting out demons.	jah was merjands in swnagogim ize and alla Galeilaian jah unhulþons uswairpands.	𐌾𐌰𐌷 𐍅𐌰𐍃 𐌼𐌴𐍂𐌾𐌰𐌽𐌳𐍃 𐌹𐌽 𐍃𐍅𐌽𐌰𐌲𐍉𐌲𐌹𐌼 𐌹𐌶𐌴 𐌰𐌽𐌳 𐌰𐌻𐌻𐌰 𐌲𐌰𐌻𐌴𐌹𐌻𐌰𐌹𐌰𐌽 𐌾𐌰𐌷 𐌿𐌽𐌷𐌿𐌻𐌸𐍉𐌽𐍃 𐌿𐍃𐍅𐌰𐌹𐍂𐍀𐌰𐌽𐌳𐍃.
okay	train_0642_d0	llm_diversify	1	gathered together	gaqemun	𐌲𐌰𐌵𐌴𐌼𐌿𐌽	yes	2	gaqiman: arrive at, attain to, come together, congregate, convene, ga...	3	garēdan: aim at, have a plan for, intend, purpose (V.), take forethou...	3	ganiman: acquire, conceive, learn, receive in recompense, take along,...	Immediately many were gathered together, so that there was no more room, not even around the door; and he spoke the word to them.	jah suns gaqemun managai, swaswe juþan ni gamostedun nih at daura, jah rodida im waurd.	𐌾𐌰𐌷 𐍃𐌿𐌽𐍃 𐌲𐌰𐌵𐌴𐌼𐌿𐌽 𐌼𐌰𐌽𐌰𐌲𐌰𐌹, 𐍃𐍅𐌰𐍃𐍅𐌴 𐌾𐌿𐌸𐌰𐌽 𐌽𐌹 𐌲𐌰𐌼𐍉𐍃𐍄𐌴𐌳𐌿𐌽 𐌽𐌹𐌷 𐌰𐍄 𐌳𐌰𐌿𐍂𐌰, 𐌾𐌰𐌷 𐍂𐍉𐌳𐌹𐌳𐌰 𐌹𐌼 𐍅𐌰𐌿𐍂𐌳.
okay	train_0642_d1	llm_diversify	1	gathered together	gaqemun	𐌲𐌰𐌵𐌴𐌼𐌿𐌽	yes	2	gaqiman: arrive at, attain to, come together, congregate, convene, ga...	3	garēdan: aim at, have a plan for, intend, purpose (V.), take forethou...	3	ganiman: acquire, conceive, learn, receive in recompense, take along,...	Immediately many were gathered together, so that there was no more room, not even around the door; and he spoke the word to them.	jah suns gaqemun managai, swaswe juþan ni gamostedun nih at daura, jah rodida im waurd.	𐌾𐌰𐌷 𐍃𐌿𐌽𐍃 𐌲𐌰𐌵𐌴𐌼𐌿𐌽 𐌼𐌰𐌽𐌰𐌲𐌰𐌹, 𐍃𐍅𐌰𐍃𐍅𐌴 𐌾𐌿𐌸𐌰𐌽 𐌽𐌹 𐌲𐌰𐌼𐍉𐍃𐍄𐌴𐌳𐌿𐌽 𐌽𐌹𐌷 𐌰𐍄 𐌳𐌰𐌿𐍂𐌰, 𐌾𐌰𐌷 𐍂𐍉𐌳𐌹𐌳𐌰 𐌹𐌼 𐍅𐌰𐌿𐍂𐌳.
okay	train_0652_d0	llm_diversify	1	tax collectors	motarjos	𐌼𐍉𐍄𐌰𐍂𐌾𐍉𐍃	yes	2	mōtāreis: admission-fee collector, publican, tax collector, tolltaker	3	mitadjō: measure (N.), measured amount	4	bōkāreis: scribe, secretary-lector of a religious community, writer	It happened, that he was reclining at the table in his house, and many tax collectors and sinners sat down with Jesus and his disciples, for there were many, and they followed him.	jah warþ, biþe is anakumbida in garda is, jah managai motarjos jah frawaurhtai miþanakumbidedun Iesua jah siponjam is; wesun auk managai jah iddjedun afar imma.	𐌾𐌰𐌷 𐍅𐌰𐍂𐌸, 𐌱𐌹𐌸𐌴 𐌹𐍃 𐌰𐌽𐌰𐌺𐌿𐌼𐌱𐌹𐌳𐌰 𐌹𐌽 𐌲𐌰𐍂𐌳𐌰 𐌹𐍃, 𐌾𐌰𐌷 𐌼𐌰𐌽𐌰𐌲𐌰𐌹 𐌼𐍉𐍄𐌰𐍂𐌾𐍉𐍃 𐌾𐌰𐌷 𐍆𐍂𐌰𐍅𐌰𐌿𐍂𐌷𐍄𐌰𐌹 𐌼𐌹𐌸𐌰𐌽𐌰𐌺𐌿𐌼𐌱𐌹𐌳𐌴𐌳𐌿𐌽 𐌹𐌴𐍃𐌿𐌰 𐌾𐌰𐌷 𐍃𐌹𐍀𐍉𐌽𐌾𐌰𐌼 𐌹𐍃; 𐍅𐌴𐍃𐌿𐌽 𐌰𐌿𐌺 𐌼𐌰𐌽𐌰𐌲𐌰𐌹 𐌾𐌰𐌷 𐌹𐌳𐌳𐌾𐌴𐌳𐌿𐌽 𐌰𐍆𐌰𐍂 𐌹𐌼𐌼𐌰.
okay	train_0652_d2	llm_diversify	1	tax collectors	motarjos	𐌼𐍉𐍄𐌰𐍂𐌾𐍉𐍃	yes	2	mōtāreis: admission-fee collector, publican, tax collector, tolltaker	3	mitadjō: measure (N.), measured amount	4	bōkāreis: scribe, secretary-lector of a religious community, writer	It happened, that he was reclining at the table in his house, and many tax collectors and sinners sat down with Jesus and his disciples, for there were many, and they followed him.	jah warþ, biþe is anakumbida in garda is, jah managai motarjos jah frawaurhtai miþanakumbidedun Iesua jah siponjam is; wesun auk managai jah iddjedun afar imma.	𐌾𐌰𐌷 𐍅𐌰𐍂𐌸, 𐌱𐌹𐌸𐌴 𐌹𐍃 𐌰𐌽𐌰𐌺𐌿𐌼𐌱𐌹𐌳𐌰 𐌹𐌽 𐌲𐌰𐍂𐌳𐌰 𐌹𐍃, 𐌾𐌰𐌷 𐌼𐌰𐌽𐌰𐌲𐌰𐌹 𐌼𐍉𐍄𐌰𐍂𐌾𐍉𐍃 𐌾𐌰𐌷 𐍆𐍂𐌰𐍅𐌰𐌿𐍂𐌷𐍄𐌰𐌹 𐌼𐌹𐌸𐌰𐌽𐌰𐌺𐌿𐌼𐌱𐌹𐌳𐌴𐌳𐌿𐌽 𐌹𐌴𐍃𐌿𐌰 𐌾𐌰𐌷 𐍃𐌹𐍀𐍉𐌽𐌾𐌰𐌼 𐌹𐍃; 𐍅𐌴𐍃𐌿𐌽 𐌰𐌿𐌺 𐌼𐌰𐌽𐌰𐌲𐌰𐌹 𐌾𐌰𐌷 𐌹𐌳𐌳𐌾𐌴𐌳𐌿𐌽 𐌰𐍆𐌰𐍂 𐌹𐌼𐌼𐌰.
okay	train_0702_d1	llm_diversify	1	takes away	usnimiþ	𐌿𐍃𐌽𐌹𐌼𐌹𐌸	yes	2	usniman: extract (V.), remove (V.), take along, take away, take from,...	3	usqiman: annihilate, destroy, kill (V.), put to death	3	gaqimiþ:	The ones by the road are the ones where the word is sown; and when they have heard, immediately Satan comes, and takes away the word which has been sown in them.	aþþan þai wiþra wig sind, þarei saiada þata waurd, jah þan gahausjand unkarjans, suns qimiþ Satanas jah usnimiþ waurd þata insaiano in hairtam ize.	𐌰𐌸𐌸𐌰𐌽 𐌸𐌰𐌹 𐍅𐌹𐌸𐍂𐌰 𐍅𐌹𐌲 𐍃𐌹𐌽𐌳, 𐌸𐌰𐍂𐌴𐌹 𐍃𐌰𐌹𐌰𐌳𐌰 𐌸𐌰𐍄𐌰 𐍅𐌰𐌿𐍂𐌳, 𐌾𐌰𐌷 𐌸𐌰𐌽 𐌲𐌰𐌷𐌰𐌿𐍃𐌾𐌰𐌽𐌳 𐌿𐌽𐌺𐌰𐍂𐌾𐌰𐌽𐍃, 𐍃𐌿𐌽𐍃 𐌵𐌹𐌼𐌹𐌸 𐍃𐌰𐍄𐌰𐌽𐌰𐍃 𐌾𐌰𐌷 𐌿𐍃𐌽𐌹𐌼𐌹𐌸 𐍅𐌰𐌿𐍂𐌳 𐌸𐌰𐍄𐌰 𐌹𐌽𐍃𐌰𐌹𐌰𐌽𐍉 𐌹𐌽 𐌷𐌰𐌹𐍂𐍄𐌰𐌼 𐌹𐌶𐌴.
okay	train_0736_d0	llm_diversify	1	unclean	unhrainjans	𐌿𐌽𐌷𐍂𐌰𐌹𐌽𐌾𐌰𐌽𐍃	yes	2	ushrainjan: clean out, cleanse out, purge out	3	afhrainjan: cleanse away, wipe out	3	gahrainjan: cleanse, make clean, purify	At once Jesus gave them permission. The unclean spirits came out and entered into the pigs. The herd of about two thousand rushed down the steep bank into the sea, and they were drowned in the sea.	jah uslaubida im Iesus suns. jah usgaggandans ahmans þai unhrainjans galiþun in þo sweina, jah rann so hairda and driuson in marein; wesunuþ~þan swe twos þusundjos, jah afhvapnodedun in marein.	𐌾𐌰𐌷 𐌿𐍃𐌻𐌰𐌿𐌱𐌹𐌳𐌰 𐌹𐌼 𐌹𐌴𐍃𐌿𐍃 𐍃𐌿𐌽𐍃. 𐌾𐌰𐌷 𐌿𐍃𐌲𐌰𐌲𐌲𐌰𐌽𐌳𐌰𐌽𐍃 𐌰𐌷𐌼𐌰𐌽𐍃 𐌸𐌰𐌹 𐌿𐌽𐌷𐍂𐌰𐌹𐌽𐌾𐌰𐌽𐍃 𐌲𐌰𐌻𐌹𐌸𐌿𐌽 𐌹𐌽 𐌸𐍉 𐍃𐍅𐌴𐌹𐌽𐌰, 𐌾𐌰𐌷 𐍂𐌰𐌽𐌽 𐍃𐍉 𐌷𐌰𐌹𐍂𐌳𐌰 𐌰𐌽𐌳 𐌳𐍂𐌹𐌿𐍃𐍉𐌽 𐌹𐌽 𐌼𐌰𐍂𐌴𐌹𐌽; 𐍅𐌴𐍃𐌿𐌽𐌿𐌸~𐌸𐌰𐌽 𐍃𐍅𐌴 𐍄𐍅𐍉𐍃 𐌸𐌿𐍃𐌿𐌽𐌳𐌾𐍉𐍃, 𐌾𐌰𐌷 𐌰𐍆𐍈𐌰𐍀𐌽𐍉𐌳𐌴𐌳𐌿𐌽 𐌹𐌽 𐌼𐌰𐍂𐌴𐌹𐌽.
okay	train_0767_d0	llm_diversify	1	country	gabaurþai	𐌲𐌰𐌱𐌰𐌿𐍂𐌸𐌰𐌹	yes	2	gabaúrþs: birth, birthplace, descent, ethnic origin, native country, r...	3	gabáuan: lodge (V.), make a home, reside, take up residence	3	gawaúrki: acquisition, acquisitiveness, business, business deal, comme...	Jesus said to them, "A prophet is not without honor, except in his own country, and among his own relatives, and in his own house."	qaþ þan im Iesus þatei nist praufetus unswers, niba in gabaurþai seinai jah in ganiþjam jah in garda seinamma.	𐌵𐌰𐌸 𐌸𐌰𐌽 𐌹𐌼 𐌹𐌴𐍃𐌿𐍃 𐌸𐌰𐍄𐌴𐌹 𐌽𐌹𐍃𐍄 𐍀𐍂𐌰𐌿𐍆𐌴𐍄𐌿𐍃 𐌿𐌽𐍃𐍅𐌴𐍂𐍃, 𐌽𐌹𐌱𐌰 𐌹𐌽 𐌲𐌰𐌱𐌰𐌿𐍂𐌸𐌰𐌹 𐍃𐌴𐌹𐌽𐌰𐌹 𐌾𐌰𐌷 𐌹𐌽 𐌲𐌰𐌽𐌹𐌸𐌾𐌰𐌼 𐌾𐌰𐌷 𐌹𐌽 𐌲𐌰𐍂𐌳𐌰 𐍃𐌴𐌹𐌽𐌰𐌼𐌼𐌰.
okay	train_0813_d1	llm_diversify	1	crumbs	drauhsnom	𐌳𐍂𐌰𐌿𐌷𐍃𐌽𐍉𐌼	yes	2	draúhsna: crumbs, food food particles, fragments	3	draúhtinōn: army be subject to an army leader, army become subject to an...	4	draúhts: army, host, legion	But she answered him, "Yes, Lord. Yet even the dogs under the table eat the children's crumbs."	iþ si andhof imma jah qaþ du imma: jai frauja; jah auk hundos undaro biuda matjand af drauhsnom barne.	𐌹𐌸 𐍃𐌹 𐌰𐌽𐌳𐌷𐍉𐍆 𐌹𐌼𐌼𐌰 𐌾𐌰𐌷 𐌵𐌰𐌸 𐌳𐌿 𐌹𐌼𐌼𐌰: 𐌾𐌰𐌹 𐍆𐍂𐌰𐌿𐌾𐌰; 𐌾𐌰𐌷 𐌰𐌿𐌺 𐌷𐌿𐌽𐌳𐍉𐍃 𐌿𐌽𐌳𐌰𐍂𐍉 𐌱𐌹𐌿𐌳𐌰 𐌼𐌰𐍄𐌾𐌰𐌽𐌳 𐌰𐍆 𐌳𐍂𐌰𐌿𐌷𐍃𐌽𐍉𐌼 𐌱𐌰𐍂𐌽𐌴.
okay	train_0840_d1	llm_diversify	1	village	weihsis	𐍅𐌴𐌹𐌷𐍃𐌹𐍃	yes	2	weihs: country precinct, hallow (Adj.), holy, rural area, rural ham...	3	weinags: addicted to wine, drunk (Adj.), drunkard (= subst.), drunkar...	3	wēreis: agreeable, agreeing (Adj.)	He took hold of the blind man by the hand, and brought him out of the village. When he had spit on his eyes, and laid his hands on him, he asked him if he saw anything.	jah fairgreipands handu þis blindins ustauh ina utana weihsis jah speiwands in augona is, atlagjands ana handuns seinos frah ina ga~u~hva~sehvi?	𐌾𐌰𐌷 𐍆𐌰𐌹𐍂𐌲𐍂𐌴𐌹𐍀𐌰𐌽𐌳𐍃 𐌷𐌰𐌽𐌳𐌿 𐌸𐌹𐍃 𐌱𐌻𐌹𐌽𐌳𐌹𐌽𐍃 𐌿𐍃𐍄𐌰𐌿𐌷 𐌹𐌽𐌰 𐌿𐍄𐌰𐌽𐌰 𐍅𐌴𐌹𐌷𐍃𐌹𐍃 𐌾𐌰𐌷 𐍃𐍀𐌴𐌹𐍅𐌰𐌽𐌳𐍃 𐌹𐌽 𐌰𐌿𐌲𐍉𐌽𐌰 𐌹𐍃, 𐌰𐍄𐌻𐌰𐌲𐌾𐌰𐌽𐌳𐍃 𐌰𐌽𐌰 𐌷𐌰𐌽𐌳𐌿𐌽𐍃 𐍃𐌴𐌹𐌽𐍉𐍃 𐍆𐍂𐌰𐌷 𐌹𐌽𐌰 𐌲𐌰~𐌿~𐍈𐌰~𐍃𐌴𐍈𐌹?
okay	train_0843_d1	llm_diversify	1	went out	usiddja	𐌿𐍃𐌹𐌳𐌳𐌾𐌰	yes	2	iddja: went	3	usgrudja: ex-avid, exhausted of desire, lacking courage, no longer avi...	3	waidēdja: bandit, evil-doer, felon, malefactor, robber, „woe-doer“	Jesus went out, with his disciples, into the villages of Caesarea Philippi. On the way he asked his disciples, "Who do men say that I am?"	jah usiddja Iesus jah siponjos is in wehsa Kaisarias þizos Filippaus: jah ana wiga frah siponjans seinans qiþands du im: hvana mik qiþand mans wisan?	𐌾𐌰𐌷 𐌿𐍃𐌹𐌳𐌳𐌾𐌰 𐌹𐌴𐍃𐌿𐍃 𐌾𐌰𐌷 𐍃𐌹𐍀𐍉𐌽𐌾𐍉𐍃 𐌹𐍃 𐌹𐌽 𐍅𐌴𐌷𐍃𐌰 𐌺𐌰𐌹𐍃𐌰𐍂𐌹𐌰𐍃 𐌸𐌹𐌶𐍉𐍃 𐍆𐌹𐌻𐌹𐍀𐍀𐌰𐌿𐍃: 𐌾𐌰𐌷 𐌰𐌽𐌰 𐍅𐌹𐌲𐌰 𐍆𐍂𐌰𐌷 𐍃𐌹𐍀𐍉𐌽𐌾𐌰𐌽𐍃 𐍃𐌴𐌹𐌽𐌰𐌽𐍃 𐌵𐌹𐌸𐌰𐌽𐌳𐍃 𐌳𐌿 𐌹𐌼: 𐍈𐌰𐌽𐌰 𐌼𐌹𐌺 𐌵𐌹𐌸𐌰𐌽𐌳 𐌼𐌰𐌽𐍃 𐍅𐌹𐍃𐌰𐌽?
okay	train_0871_d0	llm_diversify	1	cried out	ufhropjands	𐌿𐍆𐌷𐍂𐍉𐍀𐌾𐌰𐌽𐌳𐍃	yes	2	ufhrōpjan: cry forth, cry out, shout out	3	unrōdjands: dumb, speechless, unable to speak, unspeaking	3	ufhausjands: obedient	Immediately the father of the child cried out with tears, "I believe. Help my unbelief!"	jah sunsaiw ufhropjands sa atta þis barnis miþ tagram qaþ: galaubja; hilp meinaizos ungalaubeinais!	𐌾𐌰𐌷 𐍃𐌿𐌽𐍃𐌰𐌹𐍅 𐌿𐍆𐌷𐍂𐍉𐍀𐌾𐌰𐌽𐌳𐍃 𐍃𐌰 𐌰𐍄𐍄𐌰 𐌸𐌹𐍃 𐌱𐌰𐍂𐌽𐌹𐍃 𐌼𐌹𐌸 𐍄𐌰𐌲𐍂𐌰𐌼 𐌵𐌰𐌸: 𐌲𐌰𐌻𐌰𐌿𐌱𐌾𐌰; 𐌷𐌹𐌻𐍀 𐌼𐌴𐌹𐌽𐌰𐌹𐌶𐍉𐍃 𐌿𐌽𐌲𐌰𐌻𐌰𐌿𐌱𐌴𐌹𐌽𐌰𐌹𐍃!
okay	train_0906_d1	llm_diversify	1	defraud	anamahtjais	𐌰𐌽𐌰𐌼𐌰𐌷𐍄𐌾𐌰𐌹𐍃	yes	2	anamahtjan: defraud, do violence to, force (V.), injure, insult (V.), ma...	3	anamahts: coercion, forcing, insult (N.), superior force, use of force...	4	andbahtjan: administer, minister (V.), perform, serve	You know the commandments: 'Do not murder,' 'Do not commit adultery,' 'Do not steal,' 'Do not give false testimony,' 'Do not defraud,' 'Honor your father and mother.'"	þos anabusnins kant: ni horinos; ni maurþrjais; ni hlifais; ni sijais galiugaweitwods; ni anamahtjais; swerai attan þeinana jah aiþein þeina.	𐌸𐍉𐍃 𐌰𐌽𐌰𐌱𐌿𐍃𐌽𐌹𐌽𐍃 𐌺𐌰𐌽𐍄: 𐌽𐌹 𐌷𐍉𐍂𐌹𐌽𐍉𐍃; 𐌽𐌹 𐌼𐌰𐌿𐍂𐌸𐍂𐌾𐌰𐌹𐍃; 𐌽𐌹 𐌷𐌻𐌹𐍆𐌰𐌹𐍃; 𐌽𐌹 𐍃𐌹𐌾𐌰𐌹𐍃 𐌲𐌰𐌻𐌹𐌿𐌲𐌰𐍅𐌴𐌹𐍄𐍅𐍉𐌳𐍃; 𐌽𐌹 𐌰𐌽𐌰𐌼𐌰𐌷𐍄𐌾𐌰𐌹𐍃; 𐍃𐍅𐌴𐍂𐌰𐌹 𐌰𐍄𐍄𐌰𐌽 𐌸𐌴𐌹𐌽𐌰𐌽𐌰 𐌾𐌰𐌷 𐌰𐌹𐌸𐌴𐌹𐌽 𐌸𐌴𐌹𐌽𐌰.
okay	train_0948_d0	llm_diversify	1	went out	usiddja	𐌿𐍃𐌹𐌳𐌳𐌾𐌰	yes	2	iddja: went	3	usgrudja: ex-avid, exhausted of desire, lacking courage, no longer avi...	3	waidēdja: bandit, evil-doer, felon, malefactor, robber, „woe-doer“	When evening came, he went out of the city.	jah biþe andanahti warþ, usiddja ut us þizai baurg.	𐌾𐌰𐌷 𐌱𐌹𐌸𐌴 𐌰𐌽𐌳𐌰𐌽𐌰𐌷𐍄𐌹 𐍅𐌰𐍂𐌸, 𐌿𐍃𐌹𐌳𐌳𐌾𐌰 𐌿𐍄 𐌿𐍃 𐌸𐌹𐌶𐌰𐌹 𐌱𐌰𐌿𐍂𐌲.
okay	train_1011_d0	llm_diversify	1	unleavened bread	azwme	𐌰𐌶𐍅𐌼𐌴	yes	2	azwmus: unleavened bread	3	swē: about, approximately, as, as if, in like manner as, just as,...	3	aiws: age (N.), all time, eternity	On the first day of unleavened bread, when they sacrificed the Passover, his disciples asked him, "Where do you want us to go and make ready that you may eat the Passover?"	jah þamma frumistin daga azwme, þan paska salidedun, qeþun du imma þai siponjos is: hvar wileis ei galeiþandans manwjaima, ei matjais paska?	𐌾𐌰𐌷 𐌸𐌰𐌼𐌼𐌰 𐍆𐍂𐌿𐌼𐌹𐍃𐍄𐌹𐌽 𐌳𐌰𐌲𐌰 𐌰𐌶𐍅𐌼𐌴, 𐌸𐌰𐌽 𐍀𐌰𐍃𐌺𐌰 𐍃𐌰𐌻𐌹𐌳𐌴𐌳𐌿𐌽, 𐌵𐌴𐌸𐌿𐌽 𐌳𐌿 𐌹𐌼𐌼𐌰 𐌸𐌰𐌹 𐍃𐌹𐍀𐍉𐌽𐌾𐍉𐍃 𐌹𐍃: 𐍈𐌰𐍂 𐍅𐌹𐌻𐌴𐌹𐍃 𐌴𐌹 𐌲𐌰𐌻𐌴𐌹𐌸𐌰𐌽𐌳𐌰𐌽𐍃 𐌼𐌰𐌽𐍅𐌾𐌰𐌹𐌼𐌰, 𐌴𐌹 𐌼𐌰𐍄𐌾𐌰𐌹𐍃 𐍀𐌰𐍃𐌺𐌰?
okay	train_1062_d3	llm_diversify	1	build	gatimrjands	𐌲𐌰𐍄𐌹𐌼𐍂𐌾𐌰𐌽𐌳𐍃	yes	2	gatimrjan: build, build up, construct (V.)	3	gatimreins: building up, construction, edification	3	timrjans: building worker	Those who passed by blasphemed him, wagging their heads, and saying, "Ha! You who destroy the temple, and build it in three days,	jah þai faurgaggandans wajameridedun ina, wiþondans haubida seina jah qiþandans: o sa gatairands þo alh jah bi þrins dagans gatimrjands þo,	𐌾𐌰𐌷 𐌸𐌰𐌹 𐍆𐌰𐌿𐍂𐌲𐌰𐌲𐌲𐌰𐌽𐌳𐌰𐌽𐍃 𐍅𐌰𐌾𐌰𐌼𐌴𐍂𐌹𐌳𐌴𐌳𐌿𐌽 𐌹𐌽𐌰, 𐍅𐌹𐌸𐍉𐌽𐌳𐌰𐌽𐍃 𐌷𐌰𐌿𐌱𐌹𐌳𐌰 𐍃𐌴𐌹𐌽𐌰 𐌾𐌰𐌷 𐌵𐌹𐌸𐌰𐌽𐌳𐌰𐌽𐍃: 𐍉 𐍃𐌰 𐌲𐌰𐍄𐌰𐌹𐍂𐌰𐌽𐌳𐍃 𐌸𐍉 𐌰𐌻𐌷 𐌾𐌰𐌷 𐌱𐌹 𐌸𐍂𐌹𐌽𐍃 𐌳𐌰𐌲𐌰𐌽𐍃 𐌲𐌰𐍄𐌹𐌼𐍂𐌾𐌰𐌽𐌳𐍃 𐌸𐍉,
okay	train_1082_d0	llm_diversify	1	seek	sokeiþ	𐍃𐍉𐌺𐌴𐌹𐌸	yes	2	sōkeins: investigation, moot question, question, questioning	3	siukei: ailment, feebleness, infirmity, sickness	3	swaei: so as to, so that, such that, therefore	He said to them, "Don't be amazed. You seek Jesus, the Nazarene, who has been crucified. He has risen. He is not here. Behold, the place where they laid him!	þaruh qaþ du im: ni faurhteiþ izwis, Iesu sokeiþ Nazoraiu þana ushramidan; nist her, urrais, sai þana staþ þarei galagidedun ina.	𐌸𐌰𐍂𐌿𐌷 𐌵𐌰𐌸 𐌳𐌿 𐌹𐌼: 𐌽𐌹 𐍆𐌰𐌿𐍂𐌷𐍄𐌴𐌹𐌸 𐌹𐌶𐍅𐌹𐍃, 𐌹𐌴𐍃𐌿 𐍃𐍉𐌺𐌴𐌹𐌸 𐌽𐌰𐌶𐍉𐍂𐌰𐌹𐌿 𐌸𐌰𐌽𐌰 𐌿𐍃𐌷𐍂𐌰𐌼𐌹𐌳𐌰𐌽; 𐌽𐌹𐍃𐍄 𐌷𐌴𐍂, 𐌿𐍂𐍂𐌰𐌹𐍃, 𐍃𐌰𐌹 𐌸𐌰𐌽𐌰 𐍃𐍄𐌰𐌸 𐌸𐌰𐍂𐌴𐌹 𐌲𐌰𐌻𐌰𐌲𐌹𐌳𐌴𐌳𐌿𐌽 𐌹𐌽𐌰.
okay	train_1087_d0	llm_diversify	1	all	allaim	𐌰𐌻𐌻𐌰𐌹𐌼	yes	2	allis: (by no means), (in neg. sentences), absolutely, at all (in n...	3	aljar: absent, away from here, elsewhere, somewhere else	3	alisi: alder	Neither do you light a lamp, and put it under a measuring basket, but on a stand; and it shines to all who are in the house.	... ak ana lukarnastaþin, jah liuteiþ allaim þaim in þamma garda.	... 𐌰𐌺 𐌰𐌽𐌰 𐌻𐌿𐌺𐌰𐍂𐌽𐌰𐍃𐍄𐌰𐌸𐌹𐌽, 𐌾𐌰𐌷 𐌻𐌹𐌿𐍄𐌴𐌹𐌸 𐌰𐌻𐌻𐌰𐌹𐌼 𐌸𐌰𐌹𐌼 𐌹𐌽 𐌸𐌰𐌼𐌼𐌰 𐌲𐌰𐍂𐌳𐌰.
okay	train_1105_d1	llm_diversify	1	great	mikilins	𐌼𐌹𐌺𐌹𐌻𐌹𐌽𐍃	yes	2	mikils: great, great amount of, great number of, large (Adj.), many,...	3	mikilnan: be enlarged, become great, become large, become magnified	3	mikiljan: extol, glorify, magnify, make great, praise (V.)	nor by the earth, for it is the footstool of his feet; nor by Jerusalem, for it is the city of the great King.	nih bi airþai, unte fotubaurd ist fotiwe is; nih bi Iairusaulwmai, unte baurgs ist þis mikilins þiudanis;	𐌽𐌹𐌷 𐌱𐌹 𐌰𐌹𐍂𐌸𐌰𐌹, 𐌿𐌽𐍄𐌴 𐍆𐍉𐍄𐌿𐌱𐌰𐌿𐍂𐌳 𐌹𐍃𐍄 𐍆𐍉𐍄𐌹𐍅𐌴 𐌹𐍃; 𐌽𐌹𐌷 𐌱𐌹 𐌹𐌰𐌹𐍂𐌿𐍃𐌰𐌿𐌻𐍅𐌼𐌰𐌹, 𐌿𐌽𐍄𐌴 𐌱𐌰𐌿𐍂𐌲𐍃 𐌹𐍃𐍄 𐌸𐌹𐍃 𐌼𐌹𐌺𐌹𐌻𐌹𐌽𐍃 𐌸𐌹𐌿𐌳𐌰𐌽𐌹𐍃;
okay	train_1123_d0	llm_diversify	1	Pray	bidjaiþ	𐌱𐌹𐌳𐌾𐌰𐌹𐌸	yes	2	bidjan: ask, ask a favour, ask for, beg, beseech, entreat, petition ...	3	bidan: ask for, beseech	3	bifaih: exaction, self-enrichment at others expense	Pray like this: 'Our Father in heaven, may your name be kept holy.	swa nu bidjaiþ jus: atta unsar þu in himinam, weihnai namo þein.	𐍃𐍅𐌰 𐌽𐌿 𐌱𐌹𐌳𐌾𐌰𐌹𐌸 𐌾𐌿𐍃: 𐌰𐍄𐍄𐌰 𐌿𐌽𐍃𐌰𐍂 𐌸𐌿 𐌹𐌽 𐌷𐌹𐌼𐌹𐌽𐌰𐌼, 𐍅𐌴𐌹𐌷𐌽𐌰𐌹 𐌽𐌰𐌼𐍉 𐌸𐌴𐌹𐌽.
okay	train_1123_d2	llm_diversify	1	Pray	bidjaiþ	𐌱𐌹𐌳𐌾𐌰𐌹𐌸	yes	2	bidjan: ask, ask a favour, ask for, beg, beseech, entreat, petition ...	3	bidan: ask for, beseech	3	bifaih: exaction, self-enrichment at others expense	Pray like this: 'Our Father in heaven, may your name be kept holy.	swa nu bidjaiþ jus: atta unsar þu in himinam, weihnai namo þein.	𐍃𐍅𐌰 𐌽𐌿 𐌱𐌹𐌳𐌾𐌰𐌹𐌸 𐌾𐌿𐍃: 𐌰𐍄𐍄𐌰 𐌿𐌽𐍃𐌰𐍂 𐌸𐌿 𐌹𐌽 𐌷𐌹𐌼𐌹𐌽𐌰𐌼, 𐍅𐌴𐌹𐌷𐌽𐌰𐌹 𐌽𐌰𐌼𐍉 𐌸𐌴𐌹𐌽.
okay	train_1191_d0	llm_diversify	1	tax collectors	motarjos	𐌼𐍉𐍄𐌰𐍂𐌾𐍉𐍃	yes	2	mōtāreis: admission-fee collector, publican, tax collector, tolltaker	3	mitadjō: measure (N.), measured amount	4	bōkāreis: scribe, secretary-lector of a religious community, writer	It happened as he sat in the house, behold, many tax collectors and sinners came and sat down with Jesus and his disciples.	jah warþ, biþe is anakumbida in garda, jah sai, managai motarjos jah frawaurhtai qimandans miþanakumbidedun Iesua jah siponjam is.	𐌾𐌰𐌷 𐍅𐌰𐍂𐌸, 𐌱𐌹𐌸𐌴 𐌹𐍃 𐌰𐌽𐌰𐌺𐌿𐌼𐌱𐌹𐌳𐌰 𐌹𐌽 𐌲𐌰𐍂𐌳𐌰, 𐌾𐌰𐌷 𐍃𐌰𐌹, 𐌼𐌰𐌽𐌰𐌲𐌰𐌹 𐌼𐍉𐍄𐌰𐍂𐌾𐍉𐍃 𐌾𐌰𐌷 𐍆𐍂𐌰𐍅𐌰𐌿𐍂𐌷𐍄𐌰𐌹 𐌵𐌹𐌼𐌰𐌽𐌳𐌰𐌽𐍃 𐌼𐌹𐌸𐌰𐌽𐌰𐌺𐌿𐌼𐌱𐌹𐌳𐌴𐌳𐌿𐌽 𐌹𐌴𐍃𐌿𐌰 𐌾𐌰𐌷 𐍃𐌹𐍀𐍉𐌽𐌾𐌰𐌼 𐌹𐍃.
okay	train_1229_d0	llm_diversify	1	tell	gateihiþ	𐌲𐌰𐍄𐌴𐌹𐌷𐌹𐌸	yes	2	gateihan: announce, declare, proclaim (V.), report (V.), tell	3	gaþeihan: advance (V.), grow, progress (V.), prosper	3	galeiki: like form, likeness, replica, resemblance, similar appearanc...	Jesus answered them, "Go and tell John the things which you hear and see:	jah andhafjands Iesus qaþ du im: gaggandans gateihiþ Iohanne þatei gahauseiþ jah gasaihviþ.	𐌾𐌰𐌷 𐌰𐌽𐌳𐌷𐌰𐍆𐌾𐌰𐌽𐌳𐍃 𐌹𐌴𐍃𐌿𐍃 𐌵𐌰𐌸 𐌳𐌿 𐌹𐌼: 𐌲𐌰𐌲𐌲𐌰𐌽𐌳𐌰𐌽𐍃 𐌲𐌰𐍄𐌴𐌹𐌷𐌹𐌸 𐌹𐍉𐌷𐌰𐌽𐌽𐌴 𐌸𐌰𐍄𐌴𐌹 𐌲𐌰𐌷𐌰𐌿𐍃𐌴𐌹𐌸 𐌾𐌰𐌷 𐌲𐌰𐍃𐌰𐌹𐍈𐌹𐌸.
okay	train_1297_d0	llm_diversify	1	next	iftumin	𐌹𐍆𐍄𐌿𐌼𐌹𐌽	yes	2	iftuma: next adjacent, subsequent	3	aftuma: aftermost, hindmost, last of two parties	4	suman: (piecemeal), at one time, at some time, formerly, in a certa...	Now on the next day, which was the day after the Preparation Day, the chief priests and the Pharisees were gathered together to Pilate,	iftumin þan daga, saei ist afar paraskaiwein, gaqemun auhumistans gudjans jah Fareisaieis du Peilatau	𐌹𐍆𐍄𐌿𐌼𐌹𐌽 𐌸𐌰𐌽 𐌳𐌰𐌲𐌰, 𐍃𐌰𐌴𐌹 𐌹𐍃𐍄 𐌰𐍆𐌰𐍂 𐍀𐌰𐍂𐌰𐍃𐌺𐌰𐌹𐍅𐌴𐌹𐌽, 𐌲𐌰𐌵𐌴𐌼𐌿𐌽 𐌰𐌿𐌷𐌿𐌼𐌹𐍃𐍄𐌰𐌽𐍃 𐌲𐌿𐌳𐌾𐌰𐌽𐍃 𐌾𐌰𐌷 𐍆𐌰𐍂𐌴𐌹𐍃𐌰𐌹𐌴𐌹𐍃 𐌳𐌿 𐍀𐌴𐌹𐌻𐌰𐍄𐌰𐌿
okay	train_0169_d0	llm_diversify	1	synagogue	swnagogai	𐍃𐍅𐌽𐌰𐌲𐍉𐌲𐌰𐌹	yes	2	swnagōgē: synagogue	4	wagga: cheek	4	snaga: cloak (N.), outer garment, robe (N.)	He rose up from the synagogue, and entered into Simon's house. Simon's mother-in-law was afflicted with a great fever, and they begged him for her.	usstandands þan us þizai swnagogai galaiþ in gard Seimonis. swaihro þan þis Seimonis was anahabaida brinnon mikilai, jah bedun ina bi þo.	𐌿𐍃𐍃𐍄𐌰𐌽𐌳𐌰𐌽𐌳𐍃 𐌸𐌰𐌽 𐌿𐍃 𐌸𐌹𐌶𐌰𐌹 𐍃𐍅𐌽𐌰𐌲𐍉𐌲𐌰𐌹 𐌲𐌰𐌻𐌰𐌹𐌸 𐌹𐌽 𐌲𐌰𐍂𐌳 𐍃𐌴𐌹𐌼𐍉𐌽𐌹𐍃. 𐍃𐍅𐌰𐌹𐌷𐍂𐍉 𐌸𐌰𐌽 𐌸𐌹𐍃 𐍃𐌴𐌹𐌼𐍉𐌽𐌹𐍃 𐍅𐌰𐍃 𐌰𐌽𐌰𐌷𐌰𐌱𐌰𐌹𐌳𐌰 𐌱𐍂𐌹𐌽𐌽𐍉𐌽 𐌼𐌹𐌺𐌹𐌻𐌰𐌹, 𐌾𐌰𐌷 𐌱𐌴𐌳𐌿𐌽 𐌹𐌽𐌰 𐌱𐌹 𐌸𐍉.
okay	train_0200_d0	llm_diversify	1	tax office	motastada	𐌼𐍉𐍄𐌰𐍃𐍄𐌰𐌳𐌰	yes	2	mōtastaþs: customs post, place of admission-tax collection, tax office,...	4	andastaua: adversary in a lawsuit, legal opponent, opposing litigant	5	gastandan: abide, assume proper state, come to a halt, come to a standi...	After these things he went out, and saw a tax collector named Levi sitting at the tax office, and said to him, "Follow me!"	jah afar þata usiddja jah gasahv motari, namin Laiwwi, sitandan ana motastada, jah qaþ du imma: laistei afar mis.	𐌾𐌰𐌷 𐌰𐍆𐌰𐍂 𐌸𐌰𐍄𐌰 𐌿𐍃𐌹𐌳𐌳𐌾𐌰 𐌾𐌰𐌷 𐌲𐌰𐍃𐌰𐍈 𐌼𐍉𐍄𐌰𐍂𐌹, 𐌽𐌰𐌼𐌹𐌽 𐌻𐌰𐌹𐍅𐍅𐌹, 𐍃𐌹𐍄𐌰𐌽𐌳𐌰𐌽 𐌰𐌽𐌰 𐌼𐍉𐍄𐌰𐍃𐍄𐌰𐌳𐌰, 𐌾𐌰𐌷 𐌵𐌰𐌸 𐌳𐌿 𐌹𐌼𐌼𐌰: 𐌻𐌰𐌹𐍃𐍄𐌴𐌹 𐌰𐍆𐌰𐍂 𐌼𐌹𐍃.
okay	train_0200_d3	llm_diversify	1	tax office	motastada	𐌼𐍉𐍄𐌰𐍃𐍄𐌰𐌳𐌰	yes	2	mōtastaþs: customs post, place of admission-tax collection, tax office,...	4	andastaua: adversary in a lawsuit, legal opponent, opposing litigant	5	gastandan: abide, assume proper state, come to a halt, come to a standi...	After these things he went out, and saw a tax collector named Levi sitting at the tax office, and said to him, "Follow me!"	jah afar þata usiddja jah gasahv motari, namin Laiwwi, sitandan ana motastada, jah qaþ du imma: laistei afar mis.	𐌾𐌰𐌷 𐌰𐍆𐌰𐍂 𐌸𐌰𐍄𐌰 𐌿𐍃𐌹𐌳𐌳𐌾𐌰 𐌾𐌰𐌷 𐌲𐌰𐍃𐌰𐍈 𐌼𐍉𐍄𐌰𐍂𐌹, 𐌽𐌰𐌼𐌹𐌽 𐌻𐌰𐌹𐍅𐍅𐌹, 𐍃𐌹𐍄𐌰𐌽𐌳𐌰𐌽 𐌰𐌽𐌰 𐌼𐍉𐍄𐌰𐍃𐍄𐌰𐌳𐌰, 𐌾𐌰𐌷 𐌵𐌰𐌸 𐌳𐌿 𐌹𐌼𐌼𐌰: 𐌻𐌰𐌹𐍃𐍄𐌴𐌹 𐌰𐍆𐌰𐍂 𐌼𐌹𐍃.
okay	train_0207_d1	llm_diversify	1	tear	aftaurnid	𐌰𐍆𐍄𐌰𐌿𐍂𐌽𐌹𐌳	yes	2	aftaúrnan: be torn off, become torn off, tear off	4	faúrþis: aforetime, before that, beforehand, earlier	4	ataþni: the year at hand	He also told a parable to them. "No one puts a piece from a new garment on an old garment, or else he will tear the new, and also the piece from the new will not match the old.	qaþuh þan jah gajukon du im, þatei ainshun plat snagins niujis ni lagjid ana snagan fairnjana, aiþþau jah sa niuja aftaurnid, jah þamma fairnjin ni gatimid þata af þamma niujin.	𐌵𐌰𐌸𐌿𐌷 𐌸𐌰𐌽 𐌾𐌰𐌷 𐌲𐌰𐌾𐌿𐌺𐍉𐌽 𐌳𐌿 𐌹𐌼, 𐌸𐌰𐍄𐌴𐌹 𐌰𐌹𐌽𐍃𐌷𐌿𐌽 𐍀𐌻𐌰𐍄 𐍃𐌽𐌰𐌲𐌹𐌽𐍃 𐌽𐌹𐌿𐌾𐌹𐍃 𐌽𐌹 𐌻𐌰𐌲𐌾𐌹𐌳 𐌰𐌽𐌰 𐍃𐌽𐌰𐌲𐌰𐌽 𐍆𐌰𐌹𐍂𐌽𐌾𐌰𐌽𐌰, 𐌰𐌹𐌸𐌸𐌰𐌿 𐌾𐌰𐌷 𐍃𐌰 𐌽𐌹𐌿𐌾𐌰 𐌰𐍆𐍄𐌰𐌿𐍂𐌽𐌹𐌳, 𐌾𐌰𐌷 𐌸𐌰𐌼𐌼𐌰 𐍆𐌰𐌹𐍂𐌽𐌾𐌹𐌽 𐌽𐌹 𐌲𐌰𐍄𐌹𐌼𐌹𐌳 𐌸𐌰𐍄𐌰 𐌰𐍆 𐌸𐌰𐌼𐌼𐌰 𐌽𐌹𐌿𐌾𐌹𐌽.
okay	train_0365_d0	llm_diversify	1	fasting	fastubnja	𐍆𐌰𐍃𐍄𐌿𐌱𐌽𐌾𐌰	yes	2	fastubni: abstinence, fasting (N.), holding (N.), holding fast to, kee...	4	fastan: abstain from food, fast (V.), guard (V.), hold fast, hold fi...	4	faskja: bandage (N.)	They were all astonished at the majesty of God. But while all were marveling at all the things which Jesus did, he said to his disciples,	usfilmans þan waurþun allai ana þizai mikilein gudis. at allaim þan sildaleikjandam bi alla þoei gatawida Iesus qaþ Paitrus: frauja, duhve weis ni mahtedum usdreiban þamma? iþ Iesus qaþ: þata kuni ni usgaggiþ, nibai in bidom jah in fastubnja. qaþ þan du siponjam seinaim:	𐌿𐍃𐍆𐌹𐌻𐌼𐌰𐌽𐍃 𐌸𐌰𐌽 𐍅𐌰𐌿𐍂𐌸𐌿𐌽 𐌰𐌻𐌻𐌰𐌹 𐌰𐌽𐌰 𐌸𐌹𐌶𐌰𐌹 𐌼𐌹𐌺𐌹𐌻𐌴𐌹𐌽 𐌲𐌿𐌳𐌹𐍃. 𐌰𐍄 𐌰𐌻𐌻𐌰𐌹𐌼 𐌸𐌰𐌽 𐍃𐌹𐌻𐌳𐌰𐌻𐌴𐌹𐌺𐌾𐌰𐌽𐌳𐌰𐌼 𐌱𐌹 𐌰𐌻𐌻𐌰 𐌸𐍉𐌴𐌹 𐌲𐌰𐍄𐌰𐍅𐌹𐌳𐌰 𐌹𐌴𐍃𐌿𐍃 𐌵𐌰𐌸 𐍀𐌰𐌹𐍄𐍂𐌿𐍃: 𐍆𐍂𐌰𐌿𐌾𐌰, 𐌳𐌿𐍈𐌴 𐍅𐌴𐌹𐍃 𐌽𐌹 𐌼𐌰𐌷𐍄𐌴𐌳𐌿𐌼 𐌿𐍃𐌳𐍂𐌴𐌹𐌱𐌰𐌽 𐌸𐌰𐌼𐌼𐌰? 𐌹𐌸 𐌹𐌴𐍃𐌿𐍃 𐌵𐌰𐌸: 𐌸𐌰𐍄𐌰 𐌺𐌿𐌽𐌹 𐌽𐌹 𐌿𐍃𐌲𐌰𐌲𐌲𐌹𐌸, 𐌽𐌹𐌱𐌰𐌹 𐌹𐌽 𐌱𐌹𐌳𐍉𐌼 𐌾𐌰𐌷 𐌹𐌽 𐍆𐌰𐍃𐍄𐌿𐌱𐌽𐌾𐌰. 𐌵𐌰𐌸 𐌸𐌰𐌽 𐌳𐌿 𐍃𐌹𐍀𐍉𐌽𐌾𐌰𐌼 𐍃𐌴𐌹𐌽𐌰𐌹𐌼:
okay	train_0386_d0	llm_diversify	1	enter	inngaggaiþ	𐌹𐌽𐌽𐌲𐌰𐌲𐌲𐌰𐌹𐌸	yes	2	inngaggan: enter, go in, proceed on, progress (V.)	4	anagaggan: approach (V.), come by, come on	4	innatgaggan: come into, enter, get into, go into	Into whatever house you enter, first say, 'Peace be to this house.'	in þane gardei inngaggaiþ, frumist qiþaiþ: gawairþi þamma garda.	𐌹𐌽 𐌸𐌰𐌽𐌴 𐌲𐌰𐍂𐌳𐌴𐌹 𐌹𐌽𐌽𐌲𐌰𐌲𐌲𐌰𐌹𐌸, 𐍆𐍂𐌿𐌼𐌹𐍃𐍄 𐌵𐌹𐌸𐌰𐌹𐌸: 𐌲𐌰𐍅𐌰𐌹𐍂𐌸𐌹 𐌸𐌰𐌼𐌼𐌰 𐌲𐌰𐍂𐌳𐌰.
okay	train_0697_d0	llm_diversify	1	grew up	ufarstigun	𐌿𐍆𐌰𐍂𐍃𐍄𐌹𐌲𐌿𐌽	yes	2	ufarsteigan: climb up beyond, go up, surpass in climbing	4	ufarwisan: be above, be over, be superior to, exceed	4	ufarleiþan: cross over, go across, pass over	Others fell among the thorns, and the thorns grew up, and choked it, and it yielded no fruit.	jah sum gadraus in þaurnuns; jah ufarstigun þai þaurnjus jah afhvapidedun þata, jah akran ni gaf.	𐌾𐌰𐌷 𐍃𐌿𐌼 𐌲𐌰𐌳𐍂𐌰𐌿𐍃 𐌹𐌽 𐌸𐌰𐌿𐍂𐌽𐌿𐌽𐍃; 𐌾𐌰𐌷 𐌿𐍆𐌰𐍂𐍃𐍄𐌹𐌲𐌿𐌽 𐌸𐌰𐌹 𐌸𐌰𐌿𐍂𐌽𐌾𐌿𐍃 𐌾𐌰𐌷 𐌰𐍆𐍈𐌰𐍀𐌹𐌳𐌴𐌳𐌿𐌽 𐌸𐌰𐍄𐌰, 𐌾𐌰𐌷 𐌰𐌺𐍂𐌰𐌽 𐌽𐌹 𐌲𐌰𐍆.
okay	train_0698_d1	llm_diversify	1	growing up	urrinnando	𐌿𐍂𐍂𐌹𐌽𐌽𐌰𐌽𐌳𐍉	yes	2	urrinnan: come forth, come up (of plant seed or the sun), emerge, rise...	4	faúrrinnan: be a precursor, go before, precede, run before	4	birinnan: gather around, run about, run around, surround (V.)	Others fell into the good ground, and yielded fruit, growing up and increasing. Some brought forth thirty times, some sixty times, and some one hundred times as much."	jah sum gadraus in airþa goda jah gaf akran urrinnando jah wahsjando, jah bar ain ·l· jah ain ·j· jah ain ·r·	𐌾𐌰𐌷 𐍃𐌿𐌼 𐌲𐌰𐌳𐍂𐌰𐌿𐍃 𐌹𐌽 𐌰𐌹𐍂𐌸𐌰 𐌲𐍉𐌳𐌰 𐌾𐌰𐌷 𐌲𐌰𐍆 𐌰𐌺𐍂𐌰𐌽 𐌿𐍂𐍂𐌹𐌽𐌽𐌰𐌽𐌳𐍉 𐌾𐌰𐌷 𐍅𐌰𐌷𐍃𐌾𐌰𐌽𐌳𐍉, 𐌾𐌰𐌷 𐌱𐌰𐍂 𐌰𐌹𐌽 ·𐌻· 𐌾𐌰𐌷 𐌰𐌹𐌽 ·𐌾· 𐌾𐌰𐌷 𐌰𐌹𐌽 ·𐍂·
okay	train_0875_d0	llm_diversify	1	handed over	atgibada	𐌰𐍄𐌲𐌹𐌱𐌰𐌳𐌰	yes	2	atgiban: deliver into the custody of, give over to, give unto	4	gibla: edge of a roof peak, gable	4	atgagg: access (N.), approach (N.)	For he was teaching his disciples, and said to them, "The Son of Man is being handed over to the hands of men, and they will kill him; and when he is killed, on the third day he will rise again."	unte laisida siponjans seinans jah qaþ du im þatei sunus mans atgibada in handuns manne, jah usqimand imma, jah usqistiþs þridjin daga usstandiþ.	𐌿𐌽𐍄𐌴 𐌻𐌰𐌹𐍃𐌹𐌳𐌰 𐍃𐌹𐍀𐍉𐌽𐌾𐌰𐌽𐍃 𐍃𐌴𐌹𐌽𐌰𐌽𐍃 𐌾𐌰𐌷 𐌵𐌰𐌸 𐌳𐌿 𐌹𐌼 𐌸𐌰𐍄𐌴𐌹 𐍃𐌿𐌽𐌿𐍃 𐌼𐌰𐌽𐍃 𐌰𐍄𐌲𐌹𐌱𐌰𐌳𐌰 𐌹𐌽 𐌷𐌰𐌽𐌳𐌿𐌽𐍃 𐌼𐌰𐌽𐌽𐌴, 𐌾𐌰𐌷 𐌿𐍃𐌵𐌹𐌼𐌰𐌽𐌳 𐌹𐌼𐌼𐌰, 𐌾𐌰𐌷 𐌿𐍃𐌵𐌹𐍃𐍄𐌹𐌸𐍃 𐌸𐍂𐌹𐌳𐌾𐌹𐌽 𐌳𐌰𐌲𐌰 𐌿𐍃𐍃𐍄𐌰𐌽𐌳𐌹𐌸.
okay	train_1029_d0	llm_diversify	1	made with hands	handuwaurhton	𐌷𐌰𐌽𐌳𐌿𐍅𐌰𐌿𐍂𐌷𐍄𐍉𐌽	yes	2	handuwaúrhts: hand-wrought, made by hands	4	unhanduwaúrhts: non-handmade	5	andwaúrdjan: answer (V.), answer back to, contradict, talk back to	"We heard him say, 'I will destroy this temple that is made with hands, and in three days I will build another made without hands.'"	þatei weis gahausidedum qiþandan ina þatei ik gataira alh þo handuwaurhton jah bi þrins dagans anþara unhanduwaurhta gatimrja.	𐌸𐌰𐍄𐌴𐌹 𐍅𐌴𐌹𐍃 𐌲𐌰𐌷𐌰𐌿𐍃𐌹𐌳𐌴𐌳𐌿𐌼 𐌵𐌹𐌸𐌰𐌽𐌳𐌰𐌽 𐌹𐌽𐌰 𐌸𐌰𐍄𐌴𐌹 𐌹𐌺 𐌲𐌰𐍄𐌰𐌹𐍂𐌰 𐌰𐌻𐌷 𐌸𐍉 𐌷𐌰𐌽𐌳𐌿𐍅𐌰𐌿𐍂𐌷𐍄𐍉𐌽 𐌾𐌰𐌷 𐌱𐌹 𐌸𐍂𐌹𐌽𐍃 𐌳𐌰𐌲𐌰𐌽𐍃 𐌰𐌽𐌸𐌰𐍂𐌰 𐌿𐌽𐌷𐌰𐌽𐌳𐌿𐍅𐌰𐌿𐍂𐌷𐍄𐌰 𐌲𐌰𐍄𐌹𐌼𐍂𐌾𐌰.
okay	train_1029_d2	llm_diversify	1	made with hands	handuwaurhton	𐌷𐌰𐌽𐌳𐌿𐍅𐌰𐌿𐍂𐌷𐍄𐍉𐌽	yes	2	handuwaúrhts: hand-wrought, made by hands	4	unhanduwaúrhts: non-handmade	5	andwaúrdjan: answer (V.), answer back to, contradict, talk back to	"We heard him say, 'I will destroy this temple that is made with hands, and in three days I will build another made without hands.'"	þatei weis gahausidedum qiþandan ina þatei ik gataira alh þo handuwaurhton jah bi þrins dagans anþara unhanduwaurhta gatimrja.	𐌸𐌰𐍄𐌴𐌹 𐍅𐌴𐌹𐍃 𐌲𐌰𐌷𐌰𐌿𐍃𐌹𐌳𐌴𐌳𐌿𐌼 𐌵𐌹𐌸𐌰𐌽𐌳𐌰𐌽 𐌹𐌽𐌰 𐌸𐌰𐍄𐌴𐌹 𐌹𐌺 𐌲𐌰𐍄𐌰𐌹𐍂𐌰 𐌰𐌻𐌷 𐌸𐍉 𐌷𐌰𐌽𐌳𐌿𐍅𐌰𐌿𐍂𐌷𐍄𐍉𐌽 𐌾𐌰𐌷 𐌱𐌹 𐌸𐍂𐌹𐌽𐍃 𐌳𐌰𐌲𐌰𐌽𐍃 𐌰𐌽𐌸𐌰𐍂𐌰 𐌿𐌽𐌷𐌰𐌽𐌳𐌿𐍅𐌰𐌿𐍂𐌷𐍄𐌰 𐌲𐌰𐍄𐌹𐌼𐍂𐌾𐌰.
okay	train_1031_d0	llm_diversify	1	stood up	usstandands	𐌿𐍃𐍃𐍄𐌰𐌽𐌳𐌰𐌽𐌳𐍃	yes	2	usstandan: arise, emerge, proceed out, rise up, stand up	4	gastandan: abide, assume proper state, come to a halt, come to a standi...	4	atstandan: be near, come to, come to stand near, stand adjacently, stan...	The high priest stood up in the midst, and asked Jesus, "Have you no answer? What is it which these testify against you?"	jah usstandands sa auhumista gudja in midjaim frah Iesu qiþands: niu andhafjis waiht, hva þai ana þuk weitwodjand?	𐌾𐌰𐌷 𐌿𐍃𐍃𐍄𐌰𐌽𐌳𐌰𐌽𐌳𐍃 𐍃𐌰 𐌰𐌿𐌷𐌿𐌼𐌹𐍃𐍄𐌰 𐌲𐌿𐌳𐌾𐌰 𐌹𐌽 𐌼𐌹𐌳𐌾𐌰𐌹𐌼 𐍆𐍂𐌰𐌷 𐌹𐌴𐍃𐌿 𐌵𐌹𐌸𐌰𐌽𐌳𐍃: 𐌽𐌹𐌿 𐌰𐌽𐌳𐌷𐌰𐍆𐌾𐌹𐍃 𐍅𐌰𐌹𐌷𐍄, 𐍈𐌰 𐌸𐌰𐌹 𐌰𐌽𐌰 𐌸𐌿𐌺 𐍅𐌴𐌹𐍄𐍅𐍉𐌳𐌾𐌰𐌽𐌳?
okay	train_1151_d0	llm_diversify	1	enter	inngaleiþiþ	𐌹𐌽𐌽𐌲𐌰𐌻𐌴𐌹𐌸𐌹𐌸	yes	2	inngaleiþan: enter, go in, pass in	4	ingaleikōn: change the resemblance into, make the appearance similar to,...	5	miþinngaleiþan: go along into, go in together with	Not everyone who says to me, 'Lord, Lord,' will enter into the Kingdom of Heaven; but he who does the will of my Father who is in heaven.	ni hvazuh saei qiþiþ mis: frauja, frauja! inngaleiþiþ in þiudangardja himine, ak sa taujands wiljan attins meinis þis in himinam.	𐌽𐌹 𐍈𐌰𐌶𐌿𐌷 𐍃𐌰𐌴𐌹 𐌵𐌹𐌸𐌹𐌸 𐌼𐌹𐍃: 𐍆𐍂𐌰𐌿𐌾𐌰, 𐍆𐍂𐌰𐌿𐌾𐌰! 𐌹𐌽𐌽𐌲𐌰𐌻𐌴𐌹𐌸𐌹𐌸 𐌹𐌽 𐌸𐌹𐌿𐌳𐌰𐌽𐌲𐌰𐍂𐌳𐌾𐌰 𐌷𐌹𐌼𐌹𐌽𐌴, 𐌰𐌺 𐍃𐌰 𐍄𐌰𐌿𐌾𐌰𐌽𐌳𐍃 𐍅𐌹𐌻𐌾𐌰𐌽 𐌰𐍄𐍄𐌹𐌽𐍃 𐌼𐌴𐌹𐌽𐌹𐍃 𐌸𐌹𐍃 𐌹𐌽 𐌷𐌹𐌼𐌹𐌽𐌰𐌼.
okay	train_1151_d1	llm_diversify	1	enter	inngaleiþiþ	𐌹𐌽𐌽𐌲𐌰𐌻𐌴𐌹𐌸𐌹𐌸	yes	2	inngaleiþan: enter, go in, pass in	4	ingaleikōn: change the resemblance into, make the appearance similar to,...	5	miþinngaleiþan: go along into, go in together with	Not everyone who says to me, 'Lord, Lord,' will enter into the Kingdom of Heaven; but he who does the will of my Father who is in heaven.	ni hvazuh saei qiþiþ mis: frauja, frauja! inngaleiþiþ in þiudangardja himine, ak sa taujands wiljan attins meinis þis in himinam.	𐌽𐌹 𐍈𐌰𐌶𐌿𐌷 𐍃𐌰𐌴𐌹 𐌵𐌹𐌸𐌹𐌸 𐌼𐌹𐍃: 𐍆𐍂𐌰𐌿𐌾𐌰, 𐍆𐍂𐌰𐌿𐌾𐌰! 𐌹𐌽𐌽𐌲𐌰𐌻𐌴𐌹𐌸𐌹𐌸 𐌹𐌽 𐌸𐌹𐌿𐌳𐌰𐌽𐌲𐌰𐍂𐌳𐌾𐌰 𐌷𐌹𐌼𐌹𐌽𐌴, 𐌰𐌺 𐍃𐌰 𐍄𐌰𐌿𐌾𐌰𐌽𐌳𐍃 𐍅𐌹𐌻𐌾𐌰𐌽 𐌰𐍄𐍄𐌹𐌽𐍃 𐌼𐌴𐌹𐌽𐌹𐍃 𐌸𐌹𐍃 𐌹𐌽 𐌷𐌹𐌼𐌹𐌽𐌰𐌼.
okay	train_1188_d1	llm_diversify	1	Get up	urreisands	𐌿𐍂𐍂𐌴𐌹𐍃𐌰𐌽𐌳𐍃	yes	2	urreisan: arise, get up, rise (V.)	4	urrēdan: decide, derive from argument, determine, legislate, plan out	4	urrists: arising (N.), rising up	But that you may know that the Son of Man has authority on earth to forgive sins..." (then he said to the paralytic), "Get up, and take up your mat, and go up to your house."	Aþþan ei witeiþ þatei waldufni habaiþ sa sunus mans ana airþai afleitan frawaurhtins, þanuh qaþ du þamma usliþin: urreisands nim þana ligr þeinana jah gagg in gard þeinana.	𐌰𐌸𐌸𐌰𐌽 𐌴𐌹 𐍅𐌹𐍄𐌴𐌹𐌸 𐌸𐌰𐍄𐌴𐌹 𐍅𐌰𐌻𐌳𐌿𐍆𐌽𐌹 𐌷𐌰𐌱𐌰𐌹𐌸 𐍃𐌰 𐍃𐌿𐌽𐌿𐍃 𐌼𐌰𐌽𐍃 𐌰𐌽𐌰 𐌰𐌹𐍂𐌸𐌰𐌹 𐌰𐍆𐌻𐌴𐌹𐍄𐌰𐌽 𐍆𐍂𐌰𐍅𐌰𐌿𐍂𐌷𐍄𐌹𐌽𐍃, 𐌸𐌰𐌽𐌿𐌷 𐌵𐌰𐌸 𐌳𐌿 𐌸𐌰𐌼𐌼𐌰 𐌿𐍃𐌻𐌹𐌸𐌹𐌽: 𐌿𐍂𐍂𐌴𐌹𐍃𐌰𐌽𐌳𐍃 𐌽𐌹𐌼 𐌸𐌰𐌽𐌰 𐌻𐌹𐌲𐍂 𐌸𐌴𐌹𐌽𐌰𐌽𐌰 𐌾𐌰𐌷 𐌲𐌰𐌲𐌲 𐌹𐌽 𐌲𐌰𐍂𐌳 𐌸𐌴𐌹𐌽𐌰𐌽𐌰.
okay	train_1198_d0	llm_diversify	1	got up	urreisands	𐌿𐍂𐍂𐌴𐌹𐍃𐌰𐌽𐌳𐍃	yes	2	urreisan: arise, get up, rise (V.)	4	urrēdan: decide, derive from argument, determine, legislate, plan out	4	urrists: arising (N.), rising up	Jesus got up and followed him, as did his disciples.	jah urreisands Iesus iddja afar imma jah siponjos is.	𐌾𐌰𐌷 𐌿𐍂𐍂𐌴𐌹𐍃𐌰𐌽𐌳𐍃 𐌹𐌴𐍃𐌿𐍃 𐌹𐌳𐌳𐌾𐌰 𐌰𐍆𐌰𐍂 𐌹𐌼𐌼𐌰 𐌾𐌰𐌷 𐍃𐌹𐍀𐍉𐌽𐌾𐍉𐍃 𐌹𐍃.
okay	train_0756_d1	llm_diversify	1	synagogue ruler's	swnagogafada	𐍃𐍅𐌽𐌰𐌲𐍉𐌲𐌰𐍆𐌰𐌳𐌰	yes	2	swnagōgafaþs: ruler of the synagogue, synagogue leader	5	swnagōgē: synagogue	6	swaggwjan: make sway away from, make veer away from	While he was still speaking, they came from the synagogue ruler's house saying, "Your daughter is dead. Why bother the Teacher any more?"	nauhþanuh imma rodjandin qemun fram þamma swnagogafada, qiþandans þatei dauhtar þeina gaswalt; hva þanamais draibeis þana laisari?	𐌽𐌰𐌿𐌷𐌸𐌰𐌽𐌿𐌷 𐌹𐌼𐌼𐌰 𐍂𐍉𐌳𐌾𐌰𐌽𐌳𐌹𐌽 𐌵𐌴𐌼𐌿𐌽 𐍆𐍂𐌰𐌼 𐌸𐌰𐌼𐌼𐌰 𐍃𐍅𐌽𐌰𐌲𐍉𐌲𐌰𐍆𐌰𐌳𐌰, 𐌵𐌹𐌸𐌰𐌽𐌳𐌰𐌽𐍃 𐌸𐌰𐍄𐌴𐌹 𐌳𐌰𐌿𐌷𐍄𐌰𐍂 𐌸𐌴𐌹𐌽𐌰 𐌲𐌰𐍃𐍅𐌰𐌻𐍄; 𐍈𐌰 𐌸𐌰𐌽𐌰𐌼𐌰𐌹𐍃 𐌳𐍂𐌰𐌹𐌱𐌴𐌹𐍃 𐌸𐌰𐌽𐌰 𐌻𐌰𐌹𐍃𐌰𐍂𐌹?
okay	train_1297_d2	llm_diversify	1	Preparation Day	paraskaiwein	𐍀𐌰𐍂𐌰𐍃𐌺𐌰𐌹𐍅𐌴𐌹𐌽	yes	2	paraskaíwē: day of preparation	5	gaskadweins: clothing, covering (N.), covering apparel, „shading“ (N.)	5	gaskaideins: difference, distinction, separateness	Now on the next day, which was the day after the Preparation Day, the chief priests and the Pharisees were gathered together to Pilate,	iftumin þan daga, saei ist afar paraskaiwein, gaqemun auhumistans gudjans jah Fareisaieis du Peilatau	𐌹𐍆𐍄𐌿𐌼𐌹𐌽 𐌸𐌰𐌽 𐌳𐌰𐌲𐌰, 𐍃𐌰𐌴𐌹 𐌹𐍃𐍄 𐌰𐍆𐌰𐍂 𐍀𐌰𐍂𐌰𐍃𐌺𐌰𐌹𐍅𐌴𐌹𐌽, 𐌲𐌰𐌵𐌴𐌼𐌿𐌽 𐌰𐌿𐌷𐌿𐌼𐌹𐍃𐍄𐌰𐌽𐍃 𐌲𐌿𐌳𐌾𐌰𐌽𐍃 𐌾𐌰𐌷 𐍆𐌰𐍂𐌴𐌹𐍃𐌰𐌹𐌴𐌹𐍃 𐌳𐌿 𐍀𐌴𐌹𐌻𐌰𐍄𐌰𐌿
okay	train_0071_d0	llm_diversify	1	enroll	melidai	𐌼𐌴𐌻𐌹𐌳𐌰𐌹	yes	3	beidan: await, look for, wait for	3	mēla: bushel (1), measure of grain, peck-measure	3	mēljan: enroll, inscribe, record (2), register (V.), write, write do...	All went to enroll themselves, everyone to his own city.	jah iddjedun allai, ei melidai weseina, hvarjizuh in seinai baurg.	𐌾𐌰𐌷 𐌹𐌳𐌳𐌾𐌴𐌳𐌿𐌽 𐌰𐌻𐌻𐌰𐌹, 𐌴𐌹 𐌼𐌴𐌻𐌹𐌳𐌰𐌹 𐍅𐌴𐍃𐌴𐌹𐌽𐌰, 𐍈𐌰𐍂𐌾𐌹𐌶𐌿𐌷 𐌹𐌽 𐍃𐌴𐌹𐌽𐌰𐌹 𐌱𐌰𐌿𐍂𐌲.
okay	train_0119_d0	llm_diversify	1	do	taujaima	𐍄𐌰𐌿𐌾𐌰𐌹𐌼𐌰	yes	3	taujan: act (V.), construct (V.), do, engage in, execute, form (V.),...	3	taujands: culprit	4	gauja: inhabitant of a region, people of a country	The multitudes asked him, "What then must we do?"	jah frehun ina manageins qiþandans: an hva taujaima?	𐌾𐌰𐌷 𐍆𐍂𐌴𐌷𐌿𐌽 𐌹𐌽𐌰 𐌼𐌰𐌽𐌰𐌲𐌴𐌹𐌽𐍃 𐌵𐌹𐌸𐌰𐌽𐌳𐌰𐌽𐍃: 𐌰𐌽 𐍈𐌰 𐍄𐌰𐌿𐌾𐌰𐌹𐌼𐌰?
okay	train_0202_d0	llm_diversify	1	tax collectors	motarje	𐌼𐍉𐍄𐌰𐍂𐌾𐌴	yes	3	mōta: admission tax, customs duties, import tax	3	mōtan: be admitted, be permitted in, find admission	3	mōtāreis: admission-fee collector, publican, tax collector, tolltaker	Levi made a great feast for him in his house. There was a great crowd of tax collectors and others who were reclining with them.	jah gawaurhta dauht mikila Laiwweis imma in garda seinamma, jah was managei motarje mikila jah anþaraize, þaiei wesun miþ im anakumbjandans.	𐌾𐌰𐌷 𐌲𐌰𐍅𐌰𐌿𐍂𐌷𐍄𐌰 𐌳𐌰𐌿𐌷𐍄 𐌼𐌹𐌺𐌹𐌻𐌰 𐌻𐌰𐌹𐍅𐍅𐌴𐌹𐍃 𐌹𐌼𐌼𐌰 𐌹𐌽 𐌲𐌰𐍂𐌳𐌰 𐍃𐌴𐌹𐌽𐌰𐌼𐌼𐌰, 𐌾𐌰𐌷 𐍅𐌰𐍃 𐌼𐌰𐌽𐌰𐌲𐌴𐌹 𐌼𐍉𐍄𐌰𐍂𐌾𐌴 𐌼𐌹𐌺𐌹𐌻𐌰 𐌾𐌰𐌷 𐌰𐌽𐌸𐌰𐍂𐌰𐌹𐌶𐌴, 𐌸𐌰𐌹𐌴𐌹 𐍅𐌴𐍃𐌿𐌽 𐌼𐌹𐌸 𐌹𐌼 𐌰𐌽𐌰𐌺𐌿𐌼𐌱𐌾𐌰𐌽𐌳𐌰𐌽𐍃.
okay	train_0361_d0	llm_diversify	1	called out	ufwopida	𐌿𐍆𐍅𐍉𐍀𐌹𐌳𐌰	yes	3	ufwōpjan: call out, cry aloud, cry out, exclaim	3	ufwaíra: married	4	spwreida: basket (N.)	Behold, a man from the crowd called out, saying, "Teacher, I beg you to look at my son, for he is my only child.	jah sai, manna us þizai managein ufwopida qiþands: laisari, bidja þuk insaihvan du sunu meinamma, unte ainaha mis ist.	𐌾𐌰𐌷 𐍃𐌰𐌹, 𐌼𐌰𐌽𐌽𐌰 𐌿𐍃 𐌸𐌹𐌶𐌰𐌹 𐌼𐌰𐌽𐌰𐌲𐌴𐌹𐌽 𐌿𐍆𐍅𐍉𐍀𐌹𐌳𐌰 𐌵𐌹𐌸𐌰𐌽𐌳𐍃: 𐌻𐌰𐌹𐍃𐌰𐍂𐌹, 𐌱𐌹𐌳𐌾𐌰 𐌸𐌿𐌺 𐌹𐌽𐍃𐌰𐌹𐍈𐌰𐌽 𐌳𐌿 𐍃𐌿𐌽𐌿 𐌼𐌴𐌹𐌽𐌰𐌼𐌼𐌰, 𐌿𐌽𐍄𐌴 𐌰𐌹𐌽𐌰𐌷𐌰 𐌼𐌹𐍃 𐌹𐍃𐍄.
okay	train_0361_d1	llm_diversify	1	called out	ufwopida	𐌿𐍆𐍅𐍉𐍀𐌹𐌳𐌰	yes	3	ufwōpjan: call out, cry aloud, cry out, exclaim	3	ufwaíra: married	4	spwreida: basket (N.)	Behold, a man from the crowd called out, saying, "Teacher, I beg you to look at my son, for he is my only child.	jah sai, manna us þizai managein ufwopida qiþands: laisari, bidja þuk insaihvan du sunu meinamma, unte ainaha mis ist.	𐌾𐌰𐌷 𐍃𐌰𐌹, 𐌼𐌰𐌽𐌽𐌰 𐌿𐍃 𐌸𐌹𐌶𐌰𐌹 𐌼𐌰𐌽𐌰𐌲𐌴𐌹𐌽 𐌿𐍆𐍅𐍉𐍀𐌹𐌳𐌰 𐌵𐌹𐌸𐌰𐌽𐌳𐍃: 𐌻𐌰𐌹𐍃𐌰𐍂𐌹, 𐌱𐌹𐌳𐌾𐌰 𐌸𐌿𐌺 𐌹𐌽𐍃𐌰𐌹𐍈𐌰𐌽 𐌳𐌿 𐍃𐌿𐌽𐌿 𐌼𐌴𐌹𐌽𐌰𐌼𐌼𐌰, 𐌿𐌽𐍄𐌴 𐌰𐌹𐌽𐌰𐌷𐌰 𐌼𐌹𐍃 𐌹𐍃𐍄.
okay	train_0369_d1	llm_diversify	1	set	gasatida	𐌲𐌰𐍃𐌰𐍄𐌹𐌳𐌰	yes	3	gasatjan: appoint, establish, impose, make sit, make stand, place (V.)...	3	gasalja: companion, comrade, household	3	gadaila: co-participant, partner	Jesus, perceiving the reasoning of their hearts, took a little child, and set him by his side,	iþ Iesus gasaihvands þo miton hairtins ize, fairgreipands barn gasatida faura sis	𐌹𐌸 𐌹𐌴𐍃𐌿𐍃 𐌲𐌰𐍃𐌰𐌹𐍈𐌰𐌽𐌳𐍃 𐌸𐍉 𐌼𐌹𐍄𐍉𐌽 𐌷𐌰𐌹𐍂𐍄𐌹𐌽𐍃 𐌹𐌶𐌴, 𐍆𐌰𐌹𐍂𐌲𐍂𐌴𐌹𐍀𐌰𐌽𐌳𐍃 𐌱𐌰𐍂𐌽 𐌲𐌰𐍃𐌰𐍄𐌹𐌳𐌰 𐍆𐌰𐌿𐍂𐌰 𐍃𐌹𐍃
okay	train_0444_d0	llm_diversify	1	Bring	bringiþ	𐌱𐍂𐌹𐌽𐌲𐌹𐌸	yes	3	brinnan: be afire, burn (V.)	3	briggan: bring, cause to become, conduct (V.), lead (V.), render	3	briþ: board (N.)	"But the father said to his servants, 'Bring out the best robe, and put it on him. Put a ring on his hand, and shoes on his feet.	qaþ þan sa atta du skalkam seinaim: sprauto bringiþ wastja þo frumiston jah gawasjiþ ina jah gibiþ figgragulþ in handu is jah gaskohi ana fotuns is;	𐌵𐌰𐌸 𐌸𐌰𐌽 𐍃𐌰 𐌰𐍄𐍄𐌰 𐌳𐌿 𐍃𐌺𐌰𐌻𐌺𐌰𐌼 𐍃𐌴𐌹𐌽𐌰𐌹𐌼: 𐍃𐍀𐍂𐌰𐌿𐍄𐍉 𐌱𐍂𐌹𐌽𐌲𐌹𐌸 𐍅𐌰𐍃𐍄𐌾𐌰 𐌸𐍉 𐍆𐍂𐌿𐌼𐌹𐍃𐍄𐍉𐌽 𐌾𐌰𐌷 𐌲𐌰𐍅𐌰𐍃𐌾𐌹𐌸 𐌹𐌽𐌰 𐌾𐌰𐌷 𐌲𐌹𐌱𐌹𐌸 𐍆𐌹𐌲𐌲𐍂𐌰𐌲𐌿𐌻𐌸 𐌹𐌽 𐌷𐌰𐌽𐌳𐌿 𐌹𐍃 𐌾𐌰𐌷 𐌲𐌰𐍃𐌺𐍉𐌷𐌹 𐌰𐌽𐌰 𐍆𐍉𐍄𐌿𐌽𐍃 𐌹𐍃;
okay	train_0597_d0	llm_diversify	1	resurrection	usstassais	𐌿𐍃𐍃𐍄𐌰𐍃𐍃𐌰𐌹𐍃	yes	3	stasseis: one who stands, one who takes a stance	3	usstass: resurrection, rising up	4	uswahsans: adult (Adj.), grown up, of age	For they can't die any more, for they are like the angels, and are children of God, being children of the resurrection.	nih allis gaswiltan þanaseiþs magun, ibnans aggilum auk sind jah sunjus sind gudis, usstassais sunjus wisandans.	𐌽𐌹𐌷 𐌰𐌻𐌻𐌹𐍃 𐌲𐌰𐍃𐍅𐌹𐌻𐍄𐌰𐌽 𐌸𐌰𐌽𐌰𐍃𐌴𐌹𐌸𐍃 𐌼𐌰𐌲𐌿𐌽, 𐌹𐌱𐌽𐌰𐌽𐍃 𐌰𐌲𐌲𐌹𐌻𐌿𐌼 𐌰𐌿𐌺 𐍃𐌹𐌽𐌳 𐌾𐌰𐌷 𐍃𐌿𐌽𐌾𐌿𐍃 𐍃𐌹𐌽𐌳 𐌲𐌿𐌳𐌹𐍃, 𐌿𐍃𐍃𐍄𐌰𐍃𐍃𐌰𐌹𐍃 𐍃𐌿𐌽𐌾𐌿𐍃 𐍅𐌹𐍃𐌰𐌽𐌳𐌰𐌽𐍃.
okay	train_0621_d0	llm_diversify	1	hired servants	asnjam	𐌰𐍃𐌽𐌾𐌰𐌼	yes	3	aska: a sort of fish	3	haunjan: abase, humiliate, make low	3	aljar: absent, away from here, elsewhere, somewhere else	Immediately he called them, and they left their father, Zebedee, in the boat with the hired servants, and went after him.	jah suns haihait ins. jah afletandans attan seinana Zaibaidaiu in þamma skipa miþ asnjam, galiþun afar imma.	𐌾𐌰𐌷 𐍃𐌿𐌽𐍃 𐌷𐌰𐌹𐌷𐌰𐌹𐍄 𐌹𐌽𐍃. 𐌾𐌰𐌷 𐌰𐍆𐌻𐌴𐍄𐌰𐌽𐌳𐌰𐌽𐍃 𐌰𐍄𐍄𐌰𐌽 𐍃𐌴𐌹𐌽𐌰𐌽𐌰 𐌶𐌰𐌹𐌱𐌰𐌹𐌳𐌰𐌹𐌿 𐌹𐌽 𐌸𐌰𐌼𐌼𐌰 𐍃𐌺𐌹𐍀𐌰 𐌼𐌹𐌸 𐌰𐍃𐌽𐌾𐌰𐌼, 𐌲𐌰𐌻𐌹𐌸𐌿𐌽 𐌰𐍆𐌰𐍂 𐌹𐌼𐌼𐌰.
okay	train_0653_d0	llm_diversify	1	tax collectors	motarjam	𐌼𐍉𐍄𐌰𐍂𐌾𐌰𐌼	yes	3	mōtāreis: admission-fee collector, publican, tax collector, tolltaker	3	mōtjan: meet (V.)	4	stadjan: bring to a standstill, stop (V.)	The scribes and the Pharisees, when they saw that he was eating with the sinners and tax collectors, said to his disciples, "Why is it that he eats and drinks with tax collectors and sinners?"	jah þai bokarjos jah Fareisaieis gasaihvandans ina matjandan miþ þaim motarjam jah frawaurhtaim, qeþun du þaim siponjam is: hva ist þatei miþ motarjam jah frawaurhtaim matjiþ jah driggkiþ?	𐌾𐌰𐌷 𐌸𐌰𐌹 𐌱𐍉𐌺𐌰𐍂𐌾𐍉𐍃 𐌾𐌰𐌷 𐍆𐌰𐍂𐌴𐌹𐍃𐌰𐌹𐌴𐌹𐍃 𐌲𐌰𐍃𐌰𐌹𐍈𐌰𐌽𐌳𐌰𐌽𐍃 𐌹𐌽𐌰 𐌼𐌰𐍄𐌾𐌰𐌽𐌳𐌰𐌽 𐌼𐌹𐌸 𐌸𐌰𐌹𐌼 𐌼𐍉𐍄𐌰𐍂𐌾𐌰𐌼 𐌾𐌰𐌷 𐍆𐍂𐌰𐍅𐌰𐌿𐍂𐌷𐍄𐌰𐌹𐌼, 𐌵𐌴𐌸𐌿𐌽 𐌳𐌿 𐌸𐌰𐌹𐌼 𐍃𐌹𐍀𐍉𐌽𐌾𐌰𐌼 𐌹𐍃: 𐍈𐌰 𐌹𐍃𐍄 𐌸𐌰𐍄𐌴𐌹 𐌼𐌹𐌸 𐌼𐍉𐍄𐌰𐍂𐌾𐌰𐌼 𐌾𐌰𐌷 𐍆𐍂𐌰𐍅𐌰𐌿𐍂𐌷𐍄𐌰𐌹𐌼 𐌼𐌰𐍄𐌾𐌹𐌸 𐌾𐌰𐌷 𐌳𐍂𐌹𐌲𐌲𐌺𐌹𐌸?
okay	train_0689_d0	llm_diversify	1	Looking around	bisaihvands	𐌱𐌹𐍃𐌰𐌹𐍈𐌰𐌽𐌳𐍃	no	3	bisaíƕan: descry, discern (V.), look around, look round about, make pr...	3	unsaíƕands: blind (Adj.), unseeing	3	bisitands: neighbour	Looking around at those who sat around him, he said, "Behold, my mother and my brothers!	jah bisaihvands bisunjane þans bi sik sitandans qaþ: sai, aiþei meina jah þai broþrjus meinai.	𐌾𐌰𐌷 𐌱𐌹𐍃𐌰𐌹𐍈𐌰𐌽𐌳𐍃 𐌱𐌹𐍃𐌿𐌽𐌾𐌰𐌽𐌴 𐌸𐌰𐌽𐍃 𐌱𐌹 𐍃𐌹𐌺 𐍃𐌹𐍄𐌰𐌽𐌳𐌰𐌽𐍃 𐌵𐌰𐌸: 𐍃𐌰𐌹, 𐌰𐌹𐌸𐌴𐌹 𐌼𐌴𐌹𐌽𐌰 𐌾𐌰𐌷 𐌸𐌰𐌹 𐌱𐍂𐍉𐌸𐍂𐌾𐌿𐍃 𐌼𐌴𐌹𐌽𐌰𐌹.
okay	train_0756_d0	llm_diversify	1	bother	draibeis	𐌳𐍂𐌰𐌹𐌱𐌴𐌹𐍃	yes	3	ragineis: advisor, counsellor, guardian, guide (M.), prescriptor, stew...	3	greiseis: aged, grey	3	raíhtis: be sure, certainly, in fact, indeed, most assuredly, namely,...	While he was still speaking, they came from the synagogue ruler's house saying, "Your daughter is dead. Why bother the Teacher any more?"	nauhþanuh imma rodjandin qemun fram þamma swnagogafada, qiþandans þatei dauhtar þeina gaswalt; hva þanamais draibeis þana laisari?	𐌽𐌰𐌿𐌷𐌸𐌰𐌽𐌿𐌷 𐌹𐌼𐌼𐌰 𐍂𐍉𐌳𐌾𐌰𐌽𐌳𐌹𐌽 𐌵𐌴𐌼𐌿𐌽 𐍆𐍂𐌰𐌼 𐌸𐌰𐌼𐌼𐌰 𐍃𐍅𐌽𐌰𐌲𐍉𐌲𐌰𐍆𐌰𐌳𐌰, 𐌵𐌹𐌸𐌰𐌽𐌳𐌰𐌽𐍃 𐌸𐌰𐍄𐌴𐌹 𐌳𐌰𐌿𐌷𐍄𐌰𐍂 𐌸𐌴𐌹𐌽𐌰 𐌲𐌰𐍃𐍅𐌰𐌻𐍄; 𐍈𐌰 𐌸𐌰𐌽𐌰𐌼𐌰𐌹𐍃 𐌳𐍂𐌰𐌹𐌱𐌴𐌹𐍃 𐌸𐌰𐌽𐌰 𐌻𐌰𐌹𐍃𐌰𐍂𐌹?
okay	train_0870_d0	llm_diversify	1	all things	allata	𐌰𐌻𐌻𐌰𐍄𐌰	yes	3	aljar: absent, away from here, elsewhere, somewhere else	3	allis: (by no means), (in neg. sentences), absolutely, at all (in n...	3	aflētan: absolve, forgive, leave (V.), let go, let off, release (V.),...	Jesus said to him, "If you can believe, all things are possible to him who believes."	iþ Iesus qaþ du imma þata jabai mageis galaubjan; allata mahteig þamma galaubjandin.	𐌹𐌸 𐌹𐌴𐍃𐌿𐍃 𐌵𐌰𐌸 𐌳𐌿 𐌹𐌼𐌼𐌰 𐌸𐌰𐍄𐌰 𐌾𐌰𐌱𐌰𐌹 𐌼𐌰𐌲𐌴𐌹𐍃 𐌲𐌰𐌻𐌰𐌿𐌱𐌾𐌰𐌽; 𐌰𐌻𐌻𐌰𐍄𐌰 𐌼𐌰𐌷𐍄𐌴𐌹𐌲 𐌸𐌰𐌼𐌼𐌰 𐌲𐌰𐌻𐌰𐌿𐌱𐌾𐌰𐌽𐌳𐌹𐌽.
okay	train_0908_d0	llm_diversify	1	sell	frabugei	𐍆𐍂𐌰𐌱𐌿𐌲𐌴𐌹	yes	3	frumei: beginning (N.), start (N.)	3	fraþjei: discretion, rationality, reasonableness	3	frabugjan: sell (V.)	Jesus looking at him loved him, and said to him, "One thing you lack. Go, sell whatever you have, and give to the poor, and you will have treasure in heaven; and come, follow me, taking up the cross."	iþ Iesus insaihvands du imma frijoda ina jah qaþ du imma: ainis þus wan ist; gagg, swa filu swe habais frabugei jah gif þarbam, jah habais huzd in himinam; jah hiri laistjan mik nimands galgan.	𐌹𐌸 𐌹𐌴𐍃𐌿𐍃 𐌹𐌽𐍃𐌰𐌹𐍈𐌰𐌽𐌳𐍃 𐌳𐌿 𐌹𐌼𐌼𐌰 𐍆𐍂𐌹𐌾𐍉𐌳𐌰 𐌹𐌽𐌰 𐌾𐌰𐌷 𐌵𐌰𐌸 𐌳𐌿 𐌹𐌼𐌼𐌰: 𐌰𐌹𐌽𐌹𐍃 𐌸𐌿𐍃 𐍅𐌰𐌽 𐌹𐍃𐍄; 𐌲𐌰𐌲𐌲, 𐍃𐍅𐌰 𐍆𐌹𐌻𐌿 𐍃𐍅𐌴 𐌷𐌰𐌱𐌰𐌹𐍃 𐍆𐍂𐌰𐌱𐌿𐌲𐌴𐌹 𐌾𐌰𐌷 𐌲𐌹𐍆 𐌸𐌰𐍂𐌱𐌰𐌼, 𐌾𐌰𐌷 𐌷𐌰𐌱𐌰𐌹𐍃 𐌷𐌿𐌶𐌳 𐌹𐌽 𐌷𐌹𐌼𐌹𐌽𐌰𐌼; 𐌾𐌰𐌷 𐌷𐌹𐍂𐌹 𐌻𐌰𐌹𐍃𐍄𐌾𐌰𐌽 𐌼𐌹𐌺 𐌽𐌹𐌼𐌰𐌽𐌳𐍃 𐌲𐌰𐌻𐌲𐌰𐌽.
okay	train_0942_d0	llm_diversify	1	looked around	bisaihvands	𐌱𐌹𐍃𐌰𐌹𐍈𐌰𐌽𐌳𐍃	no	3	bisaíƕan: descry, discern (V.), look around, look round about, make pr...	3	unsaíƕands: blind (Adj.), unseeing	3	bisitands: neighbour	Jesus entered into the temple in Jerusalem. When he had looked around at everything, it being now evening, he went out to Bethany with the twelve.	jah galaiþ in Iairusaulwma Iesus jah in alh; jah bisaihvands alla, at andanahtja juþan wisandin hveilai usiddja in Beþanian miþ þaim twalibim.	𐌾𐌰𐌷 𐌲𐌰𐌻𐌰𐌹𐌸 𐌹𐌽 𐌹𐌰𐌹𐍂𐌿𐍃𐌰𐌿𐌻𐍅𐌼𐌰 𐌹𐌴𐍃𐌿𐍃 𐌾𐌰𐌷 𐌹𐌽 𐌰𐌻𐌷; 𐌾𐌰𐌷 𐌱𐌹𐍃𐌰𐌹𐍈𐌰𐌽𐌳𐍃 𐌰𐌻𐌻𐌰, 𐌰𐍄 𐌰𐌽𐌳𐌰𐌽𐌰𐌷𐍄𐌾𐌰 𐌾𐌿𐌸𐌰𐌽 𐍅𐌹𐍃𐌰𐌽𐌳𐌹𐌽 𐍈𐌴𐌹𐌻𐌰𐌹 𐌿𐍃𐌹𐌳𐌳𐌾𐌰 𐌹𐌽 𐌱𐌴𐌸𐌰𐌽𐌹𐌰𐌽 𐌼𐌹𐌸 𐌸𐌰𐌹𐌼 𐍄𐍅𐌰𐌻𐌹𐌱𐌹𐌼.
okay	train_1011_d1	llm_diversify	1	make ready	manwjaima	𐌼𐌰𐌽𐍅𐌾𐌰𐌹𐌼𐌰	yes	3	anaþaíma: accursed one, accursed thing, anathema, curse (N.)	3	manwjan: make ready, prepare	3	manwiþa: preparedness, readiness, resources	On the first day of unleavened bread, when they sacrificed the Passover, his disciples asked him, "Where do you want us to go and make ready that you may eat the Passover?"	jah þamma frumistin daga azwme, þan paska salidedun, qeþun du imma þai siponjos is: hvar wileis ei galeiþandans manwjaima, ei matjais paska?	𐌾𐌰𐌷 𐌸𐌰𐌼𐌼𐌰 𐍆𐍂𐌿𐌼𐌹𐍃𐍄𐌹𐌽 𐌳𐌰𐌲𐌰 𐌰𐌶𐍅𐌼𐌴, 𐌸𐌰𐌽 𐍀𐌰𐍃𐌺𐌰 𐍃𐌰𐌻𐌹𐌳𐌴𐌳𐌿𐌽, 𐌵𐌴𐌸𐌿𐌽 𐌳𐌿 𐌹𐌼𐌼𐌰 𐌸𐌰𐌹 𐍃𐌹𐍀𐍉𐌽𐌾𐍉𐍃 𐌹𐍃: 𐍈𐌰𐍂 𐍅𐌹𐌻𐌴𐌹𐍃 𐌴𐌹 𐌲𐌰𐌻𐌴𐌹𐌸𐌰𐌽𐌳𐌰𐌽𐍃 𐌼𐌰𐌽𐍅𐌾𐌰𐌹𐌼𐌰, 𐌴𐌹 𐌼𐌰𐍄𐌾𐌰𐌹𐍃 𐍀𐌰𐍃𐌺𐌰?
okay	train_1070_d0	llm_diversify	1	less	minnizins	𐌼𐌹𐌽𐌽𐌹𐌶𐌹𐌽𐍃	yes	3	minnists: least, slightest, smallest, very little	3	minniza: less, lesser, slighter, smaller, younger	4	miþniman: accept as a unit, accept in conjunction, believe, include in...	There were also women watching from afar, among whom were both Mary Magdalene, and Mary the mother of James the less and of Joses, and Salome;	wesunuþ~þan qinons fairraþro saihvandeins, in þaimei was Marja so Magdalene jah Marja Iakobis þis minnizins jah Iosezis aiþei jah Salome.	𐍅𐌴𐍃𐌿𐌽𐌿𐌸~𐌸𐌰𐌽 𐌵𐌹𐌽𐍉𐌽𐍃 𐍆𐌰𐌹𐍂𐍂𐌰𐌸𐍂𐍉 𐍃𐌰𐌹𐍈𐌰𐌽𐌳𐌴𐌹𐌽𐍃, 𐌹𐌽 𐌸𐌰𐌹𐌼𐌴𐌹 𐍅𐌰𐍃 𐌼𐌰𐍂𐌾𐌰 𐍃𐍉 𐌼𐌰𐌲𐌳𐌰𐌻𐌴𐌽𐌴 𐌾𐌰𐌷 𐌼𐌰𐍂𐌾𐌰 𐌹𐌰𐌺𐍉𐌱𐌹𐍃 𐌸𐌹𐍃 𐌼𐌹𐌽𐌽𐌹𐌶𐌹𐌽𐍃 𐌾𐌰𐌷 𐌹𐍉𐍃𐌴𐌶𐌹𐍃 𐌰𐌹𐌸𐌴𐌹 𐌾𐌰𐌷 𐍃𐌰𐌻𐍉𐌼𐌴.
okay	train_0049_d0	llm_diversify	1	fulfilled	usfullnoda	𐌿𐍃𐍆𐌿𐌻𐌻𐌽𐍉𐌳𐌰	yes	3	usfullnan: be brought to fulfillment, be filled up, be fulfilled, becom...	4	usfulljan: bring to fulfillment, complete (V.), fill completely, fill u...	4	usfulleins: completion, fulfillment	Now the time that Elizabeth should give birth was fulfilled, and she brought forth a son.	iþ Aileisabaiþ usfullnoda mel du bairan jah gabar sunu.	𐌹𐌸 𐌰𐌹𐌻𐌴𐌹𐍃𐌰𐌱𐌰𐌹𐌸 𐌿𐍃𐍆𐌿𐌻𐌻𐌽𐍉𐌳𐌰 𐌼𐌴𐌻 𐌳𐌿 𐌱𐌰𐌹𐍂𐌰𐌽 𐌾𐌰𐌷 𐌲𐌰𐌱𐌰𐍂 𐍃𐌿𐌽𐌿.
okay	train_0056_d0	llm_diversify	1	opened	usluknoda	𐌿𐍃𐌻𐌿𐌺𐌽𐍉𐌳𐌰	yes	3	uslūknan: be opened, be unlocked, become opened, become unlocked	4	uslutōn: beguile, deceive, delude, mislead	4	uslunjan: buy out of ransom, redeem	His mouth was opened immediately, and his tongue freed, and he spoke, blessing God.	usluknoda þan munþs is suns jah tuggo is, jah rodida þiuþjands guþ.	𐌿𐍃𐌻𐌿𐌺𐌽𐍉𐌳𐌰 𐌸𐌰𐌽 𐌼𐌿𐌽𐌸𐍃 𐌹𐍃 𐍃𐌿𐌽𐍃 𐌾𐌰𐌷 𐍄𐌿𐌲𐌲𐍉 𐌹𐍃, 𐌾𐌰𐌷 𐍂𐍉𐌳𐌹𐌳𐌰 𐌸𐌹𐌿𐌸𐌾𐌰𐌽𐌳𐍃 𐌲𐌿𐌸.
okay	train_0268_d1	llm_diversify	1	look for	wenjaima	𐍅𐌴𐌽𐌾𐌰𐌹𐌼𐌰	yes	3	wēnjan: anticipate, await, expect, hope (V.), hope for, look for	4	anaþaíma: accursed one, accursed thing, anathema, curse (N.)	4	weihiþa: consecration, holiness, sanctification, sanctity	John, calling to himself two of his disciples, sent them to Jesus, saying, "Are you the one who is coming, or should we look for another?"	jah athaitands twans siponje seinaize Iohannes insandida ins du Iesua qiþands: þû is sa qimanda þau anþaranu wenjaima?	𐌾𐌰𐌷 𐌰𐍄𐌷𐌰𐌹𐍄𐌰𐌽𐌳𐍃 𐍄𐍅𐌰𐌽𐍃 𐍃𐌹𐍀𐍉𐌽𐌾𐌴 𐍃𐌴𐌹𐌽𐌰𐌹𐌶𐌴 𐌹𐍉𐌷𐌰𐌽𐌽𐌴𐍃 𐌹𐌽𐍃𐌰𐌽𐌳𐌹𐌳𐌰 𐌹𐌽𐍃 𐌳𐌿 𐌹𐌴𐍃𐌿𐌰 𐌵𐌹𐌸𐌰𐌽𐌳𐍃: 𐌸û 𐌹𐍃 𐍃𐌰 𐌵𐌹𐌼𐌰𐌽𐌳𐌰 𐌸𐌰𐌿 𐌰𐌽𐌸𐌰𐍂𐌰𐌽𐌿 𐍅𐌴𐌽𐌾𐌰𐌹𐌼𐌰?
okay	train_0346_d0	llm_diversify	1	left over	aflifnoda	𐌰𐍆𐌻𐌹𐍆𐌽𐍉𐌳𐌰	yes	3	aflifnan: be left, be left over, become left, remain (V.)	4	aflinnan: cease from, go away, leave off, let up	4	alisna: awl, pricker	They ate, and were all filled. They gathered up twelve baskets of broken pieces that were left over.	jah matidedun jah sadai waurþun allai; jah ushafan warþ, þatei aflifnoda im gabruko, tainjons twalif.	𐌾𐌰𐌷 𐌼𐌰𐍄𐌹𐌳𐌴𐌳𐌿𐌽 𐌾𐌰𐌷 𐍃𐌰𐌳𐌰𐌹 𐍅𐌰𐌿𐍂𐌸𐌿𐌽 𐌰𐌻𐌻𐌰𐌹; 𐌾𐌰𐌷 𐌿𐍃𐌷𐌰𐍆𐌰𐌽 𐍅𐌰𐍂𐌸, 𐌸𐌰𐍄𐌴𐌹 𐌰𐍆𐌻𐌹𐍆𐌽𐍉𐌳𐌰 𐌹𐌼 𐌲𐌰𐌱𐍂𐌿𐌺𐍉, 𐍄𐌰𐌹𐌽𐌾𐍉𐌽𐍃 𐍄𐍅𐌰𐌻𐌹𐍆.
okay	train_0620_d1	llm_diversify	1	little	leitilata	𐌻𐌴𐌹𐍄𐌹𐌻𐌰𐍄𐌰	yes	3	leitils: little, small	4	gatilaba: appropriately, fittingly, suitably	4	mikilaba: greatly	Going on a little further from there, he saw James the son of Zebedee, and John, his brother, who were also in the boat mending the nets.	jah jainþro inngaggands framis leitilata gasahv Iakobu þana Zaibaidaiaus jah Iohanne broþar is, jah þans in skipa manwjandans natja.	𐌾𐌰𐌷 𐌾𐌰𐌹𐌽𐌸𐍂𐍉 𐌹𐌽𐌽𐌲𐌰𐌲𐌲𐌰𐌽𐌳𐍃 𐍆𐍂𐌰𐌼𐌹𐍃 𐌻𐌴𐌹𐍄𐌹𐌻𐌰𐍄𐌰 𐌲𐌰𐍃𐌰𐍈 𐌹𐌰𐌺𐍉𐌱𐌿 𐌸𐌰𐌽𐌰 𐌶𐌰𐌹𐌱𐌰𐌹𐌳𐌰𐌹𐌰𐌿𐍃 𐌾𐌰𐌷 𐌹𐍉𐌷𐌰𐌽𐌽𐌴 𐌱𐍂𐍉𐌸𐌰𐍂 𐌹𐍃, 𐌾𐌰𐌷 𐌸𐌰𐌽𐍃 𐌹𐌽 𐍃𐌺𐌹𐍀𐌰 𐌼𐌰𐌽𐍅𐌾𐌰𐌽𐌳𐌰𐌽𐍃 𐌽𐌰𐍄𐌾𐌰.
okay	train_0719_d0	llm_diversify	1	such	swaleikaim	𐍃𐍅𐌰𐌻𐌴𐌹𐌺𐌰𐌹𐌼	yes	3	swaleiks: of such kind, such, suchlike	4	galeiki: like form, likeness, replica, resemblance, similar appearanc...	4	galeika: partner in the same body, „corpus-mate“	With many such parables he spoke the word to them, as they were able to hear it.	jah swaleikaim managaim gajukom rodida du im þata waurd, swaswe mahtedun hausjon.	𐌾𐌰𐌷 𐍃𐍅𐌰𐌻𐌴𐌹𐌺𐌰𐌹𐌼 𐌼𐌰𐌽𐌰𐌲𐌰𐌹𐌼 𐌲𐌰𐌾𐌿𐌺𐍉𐌼 𐍂𐍉𐌳𐌹𐌳𐌰 𐌳𐌿 𐌹𐌼 𐌸𐌰𐍄𐌰 𐍅𐌰𐌿𐍂𐌳, 𐍃𐍅𐌰𐍃𐍅𐌴 𐌼𐌰𐌷𐍄𐌴𐌳𐌿𐌽 𐌷𐌰𐌿𐍃𐌾𐍉𐌽.
okay	train_0719_d1	llm_diversify	1	were able	mahtedun	𐌼𐌰𐌷𐍄𐌴𐌳𐌿𐌽	yes	3	mahteigs: able, capable, possible, power-holding, powerful	4	garēdan: aim at, have a plan for, intend, purpose (V.), take forethou...	4	mannahun: anybody, anyone, one (Pron.), person (M.)	With many such parables he spoke the word to them, as they were able to hear it.	jah swaleikaim managaim gajukom rodida du im þata waurd, swaswe mahtedun hausjon.	𐌾𐌰𐌷 𐍃𐍅𐌰𐌻𐌴𐌹𐌺𐌰𐌹𐌼 𐌼𐌰𐌽𐌰𐌲𐌰𐌹𐌼 𐌲𐌰𐌾𐌿𐌺𐍉𐌼 𐍂𐍉𐌳𐌹𐌳𐌰 𐌳𐌿 𐌹𐌼 𐌸𐌰𐍄𐌰 𐍅𐌰𐌿𐍂𐌳, 𐍃𐍅𐌰𐍃𐍅𐌴 𐌼𐌰𐌷𐍄𐌴𐌳𐌿𐌽 𐌷𐌰𐌿𐍃𐌾𐍉𐌽.
okay	train_0719_d2	llm_diversify	1	were able	mahtedun	𐌼𐌰𐌷𐍄𐌴𐌳𐌿𐌽	yes	3	mahteigs: able, capable, possible, power-holding, powerful	4	garēdan: aim at, have a plan for, intend, purpose (V.), take forethou...	4	mannahun: anybody, anyone, one (Pron.), person (M.)	With many such parables he spoke the word to them, as they were able to hear it.	jah swaleikaim managaim gajukom rodida du im þata waurd, swaswe mahtedun hausjon.	𐌾𐌰𐌷 𐍃𐍅𐌰𐌻𐌴𐌹𐌺𐌰𐌹𐌼 𐌼𐌰𐌽𐌰𐌲𐌰𐌹𐌼 𐌲𐌰𐌾𐌿𐌺𐍉𐌼 𐍂𐍉𐌳𐌹𐌳𐌰 𐌳𐌿 𐌹𐌼 𐌸𐌰𐍄𐌰 𐍅𐌰𐌿𐍂𐌳, 𐍃𐍅𐌰𐍃𐍅𐌴 𐌼𐌰𐌷𐍄𐌴𐌳𐌿𐌽 𐌷𐌰𐌿𐍃𐌾𐍉𐌽.
okay	train_0793_d0	llm_diversify	1	unwashed	unþwahanaim	𐌿𐌽𐌸𐍅𐌰𐌷𐌰𐌽𐌰𐌹𐌼	yes	3	unþwahans: unwashed	4	usþwahan: cleanse by washing, wash clean, wash out	5	biþwahan: wash (V.), wash all around	The Pharisees and the scribes asked him, "Why don't your disciples walk according to the tradition of the elders, but eat their bread with unwashed hands?"	þaþroh þan frehun ina þai Fareisaieis jah þai bokarjos: duhve þai siponjos þeinai ni gaggand bi þammei anafulhun þai sinistans, ak unþwahanaim handum matjand hlaif?	𐌸𐌰𐌸𐍂𐍉𐌷 𐌸𐌰𐌽 𐍆𐍂𐌴𐌷𐌿𐌽 𐌹𐌽𐌰 𐌸𐌰𐌹 𐍆𐌰𐍂𐌴𐌹𐍃𐌰𐌹𐌴𐌹𐍃 𐌾𐌰𐌷 𐌸𐌰𐌹 𐌱𐍉𐌺𐌰𐍂𐌾𐍉𐍃: 𐌳𐌿𐍈𐌴 𐌸𐌰𐌹 𐍃𐌹𐍀𐍉𐌽𐌾𐍉𐍃 𐌸𐌴𐌹𐌽𐌰𐌹 𐌽𐌹 𐌲𐌰𐌲𐌲𐌰𐌽𐌳 𐌱𐌹 𐌸𐌰𐌼𐌼𐌴𐌹 𐌰𐌽𐌰𐍆𐌿𐌻𐌷𐌿𐌽 𐌸𐌰𐌹 𐍃𐌹𐌽𐌹𐍃𐍄𐌰𐌽𐍃, 𐌰𐌺 𐌿𐌽𐌸𐍅𐌰𐌷𐌰𐌽𐌰𐌹𐌼 𐌷𐌰𐌽𐌳𐌿𐌼 𐌼𐌰𐍄𐌾𐌰𐌽𐌳 𐌷𐌻𐌰𐌹𐍆?
okay	train_0836_d0	llm_diversify	1	thousand	þusundjom	𐌸𐌿𐍃𐌿𐌽𐌳𐌾𐍉𐌼	yes	3	þūsundi: thousand	4	sundrō: alone, apart, asunder (Adv.), individually, privately, separ...	4	gasunjōn: defend as true, justify, show to be in the right, vindicate	When I broke the five loaves among the five thousand, how many baskets full of broken pieces did you take up?" They told him, "Twelve."	þan þans fimf hlaibans gabrak fimf þusundjom, hvan managos tainjons fullos gabruko usnemuþ? qeþun du imma: twalif.	𐌸𐌰𐌽 𐌸𐌰𐌽𐍃 𐍆𐌹𐌼𐍆 𐌷𐌻𐌰𐌹𐌱𐌰𐌽𐍃 𐌲𐌰𐌱𐍂𐌰𐌺 𐍆𐌹𐌼𐍆 𐌸𐌿𐍃𐌿𐌽𐌳𐌾𐍉𐌼, 𐍈𐌰𐌽 𐌼𐌰𐌽𐌰𐌲𐍉𐍃 𐍄𐌰𐌹𐌽𐌾𐍉𐌽𐍃 𐍆𐌿𐌻𐌻𐍉𐍃 𐌲𐌰𐌱𐍂𐌿𐌺𐍉 𐌿𐍃𐌽𐌴𐌼𐌿𐌸? 𐌵𐌴𐌸𐌿𐌽 𐌳𐌿 𐌹𐌼𐌼𐌰: 𐍄𐍅𐌰𐌻𐌹𐍆.
okay	train_0837_d0	llm_diversify	1	thousand	þusundjom	𐌸𐌿𐍃𐌿𐌽𐌳𐌾𐍉𐌼	yes	3	þūsundi: thousand	4	sundrō: alone, apart, asunder (Adv.), individually, privately, separ...	4	gasunjōn: defend as true, justify, show to be in the right, vindicate	"When the seven loaves fed the four thousand, how many baskets full of broken pieces did you take up?" They told him, "Seven."	aþþan þan þans sibun hlaibans fidwor þusundjom, hvan managans spwreidans fullans gabruko usnemuþ? iþ eis qeþun: sibun.	𐌰𐌸𐌸𐌰𐌽 𐌸𐌰𐌽 𐌸𐌰𐌽𐍃 𐍃𐌹𐌱𐌿𐌽 𐌷𐌻𐌰𐌹𐌱𐌰𐌽𐍃 𐍆𐌹𐌳𐍅𐍉𐍂 𐌸𐌿𐍃𐌿𐌽𐌳𐌾𐍉𐌼, 𐍈𐌰𐌽 𐌼𐌰𐌽𐌰𐌲𐌰𐌽𐍃 𐍃𐍀𐍅𐍂𐌴𐌹𐌳𐌰𐌽𐍃 𐍆𐌿𐌻𐌻𐌰𐌽𐍃 𐌲𐌰𐌱𐍂𐌿𐌺𐍉 𐌿𐍃𐌽𐌴𐌼𐌿𐌸? 𐌹𐌸 𐌴𐌹𐍃 𐌵𐌴𐌸𐌿𐌽: 𐍃𐌹𐌱𐌿𐌽.
okay	train_0884_d1	llm_diversify	1	little	leitilane	𐌻𐌴𐌹𐍄𐌹𐌻𐌰𐌽𐌴	yes	3	leitils: little, small	4	lētan: allow, emit, leave (V.), leave alone, let (V.), let alone, l...	4	lētnan: be let	Whoever will cause one of these little ones who believe in me to stumble, it would be better for him if he was thrown into the sea with a millstone hung around his neck.	jah sahvazuh saei gamarzjai ainana þize leitilane þize galaubjandane du mis, goþ ist imma mais ei galagjaidau asiluqairnus ana halsaggan is jah frawaurpans wesi in marein.	𐌾𐌰𐌷 𐍃𐌰𐍈𐌰𐌶𐌿𐌷 𐍃𐌰𐌴𐌹 𐌲𐌰𐌼𐌰𐍂𐌶𐌾𐌰𐌹 𐌰𐌹𐌽𐌰𐌽𐌰 𐌸𐌹𐌶𐌴 𐌻𐌴𐌹𐍄𐌹𐌻𐌰𐌽𐌴 𐌸𐌹𐌶𐌴 𐌲𐌰𐌻𐌰𐌿𐌱𐌾𐌰𐌽𐌳𐌰𐌽𐌴 𐌳𐌿 𐌼𐌹𐍃, 𐌲𐍉𐌸 𐌹𐍃𐍄 𐌹𐌼𐌼𐌰 𐌼𐌰𐌹𐍃 𐌴𐌹 𐌲𐌰𐌻𐌰𐌲𐌾𐌰𐌹𐌳𐌰𐌿 𐌰𐍃𐌹𐌻𐌿𐌵𐌰𐌹𐍂𐌽𐌿𐍃 𐌰𐌽𐌰 𐌷𐌰𐌻𐍃𐌰𐌲𐌲𐌰𐌽 𐌹𐍃 𐌾𐌰𐌷 𐍆𐍂𐌰𐍅𐌰𐌿𐍂𐍀𐌰𐌽𐍃 𐍅𐌴𐍃𐌹 𐌹𐌽 𐌼𐌰𐍂𐌴𐌹𐌽.
okay	train_0969_d0	llm_diversify	1	destroy	usqisteiþ	𐌿𐍃𐌵𐌹𐍃𐍄𐌴𐌹𐌸	yes	3	usqistjan: annihilate, destroy utterly, exterminate, kill (V.)	4	usqiss: accusation, exposing announcement, incriminating disclosure,...	4	usfilmei: amazement, astonishment, bewilderment	What therefore will the lord of the vineyard do? He will come and destroy the farmers, and will give the vineyard to others.	hva nuh taujai frauja þis weinagardis? qimiþ jah usqisteiþ þans waurstwjans jah gibiþ þana weinagard anþaraim.	𐍈𐌰 𐌽𐌿𐌷 𐍄𐌰𐌿𐌾𐌰𐌹 𐍆𐍂𐌰𐌿𐌾𐌰 𐌸𐌹𐍃 𐍅𐌴𐌹𐌽𐌰𐌲𐌰𐍂𐌳𐌹𐍃? 𐌵𐌹𐌼𐌹𐌸 𐌾𐌰𐌷 𐌿𐍃𐌵𐌹𐍃𐍄𐌴𐌹𐌸 𐌸𐌰𐌽𐍃 𐍅𐌰𐌿𐍂𐍃𐍄𐍅𐌾𐌰𐌽𐍃 𐌾𐌰𐌷 𐌲𐌹𐌱𐌹𐌸 𐌸𐌰𐌽𐌰 𐍅𐌴𐌹𐌽𐌰𐌲𐌰𐍂𐌳 𐌰𐌽𐌸𐌰𐍂𐌰𐌹𐌼.
okay	train_1190_d0	llm_diversify	1	such	swaleikata	𐍃𐍅𐌰𐌻𐌴𐌹𐌺𐌰𐍄𐌰	yes	3	swaleiks: of such kind, such, suchlike	4	galeika: partner in the same body, „corpus-mate“	4	galeikan: please (V.)	But when the multitudes saw it, they marveled and glorified God, who had given such authority to men.	gasaihvandeins þan manageins ohtedun sildaleikjandans jah mikilidedun guþ þana gibandan waldufni swaleikata mannam.	𐌲𐌰𐍃𐌰𐌹𐍈𐌰𐌽𐌳𐌴𐌹𐌽𐍃 𐌸𐌰𐌽 𐌼𐌰𐌽𐌰𐌲𐌴𐌹𐌽𐍃 𐍉𐌷𐍄𐌴𐌳𐌿𐌽 𐍃𐌹𐌻𐌳𐌰𐌻𐌴𐌹𐌺𐌾𐌰𐌽𐌳𐌰𐌽𐍃 𐌾𐌰𐌷 𐌼𐌹𐌺𐌹𐌻𐌹𐌳𐌴𐌳𐌿𐌽 𐌲𐌿𐌸 𐌸𐌰𐌽𐌰 𐌲𐌹𐌱𐌰𐌽𐌳𐌰𐌽 𐍅𐌰𐌻𐌳𐌿𐍆𐌽𐌹 𐍃𐍅𐌰𐌻𐌴𐌹𐌺𐌰𐍄𐌰 𐌼𐌰𐌽𐌽𐌰𐌼.
okay	train_1261_d2	llm_diversify	1	gone out	usgaggandan	𐌿𐍃𐌲𐌰𐌲𐌲𐌰𐌽𐌳𐌰𐌽	yes	3	usgaggan: come out, go forth, go out, pass out	4	gastandan: abide, assume proper state, come to a halt, come to a standi...	4	usstandan: arise, emerge, proceed out, rise up, stand up	When he had gone out onto the porch, someone else saw him, and said to those who were there, "This man also was with Jesus of Nazareth."	usgaggandan þan ina in daur, gasahv ina anþara jah qaþ du þaim jainar: jah sa was miþ Iesua þamma Nazoraiau.	𐌿𐍃𐌲𐌰𐌲𐌲𐌰𐌽𐌳𐌰𐌽 𐌸𐌰𐌽 𐌹𐌽𐌰 𐌹𐌽 𐌳𐌰𐌿𐍂, 𐌲𐌰𐍃𐌰𐍈 𐌹𐌽𐌰 𐌰𐌽𐌸𐌰𐍂𐌰 𐌾𐌰𐌷 𐌵𐌰𐌸 𐌳𐌿 𐌸𐌰𐌹𐌼 𐌾𐌰𐌹𐌽𐌰𐍂: 𐌾𐌰𐌷 𐍃𐌰 𐍅𐌰𐍃 𐌼𐌹𐌸 𐌹𐌴𐍃𐌿𐌰 𐌸𐌰𐌼𐌼𐌰 𐌽𐌰𐌶𐍉𐍂𐌰𐌹𐌰𐌿.
okay	train_1262_d1	llm_diversify	1	gone out	usgaggandan	𐌿𐍃𐌲𐌰𐌲𐌲𐌰𐌽𐌳𐌰𐌽	yes	3	usgaggan: come out, go forth, go out, pass out	4	gastandan: abide, assume proper state, come to a halt, come to a standi...	4	usstandan: arise, emerge, proceed out, rise up, stand up	When he had gone out onto the porch, someone else saw him, and said to those who were there, "This man also was with Jesus of Nazareth."	usgaggandan þan ina in daur, gasahv ina anþara jah qaþ du þaim jainar: jas~sa was miþ Iesua þamma Nazoraiau.	𐌿𐍃𐌲𐌰𐌲𐌲𐌰𐌽𐌳𐌰𐌽 𐌸𐌰𐌽 𐌹𐌽𐌰 𐌹𐌽 𐌳𐌰𐌿𐍂, 𐌲𐌰𐍃𐌰𐍈 𐌹𐌽𐌰 𐌰𐌽𐌸𐌰𐍂𐌰 𐌾𐌰𐌷 𐌵𐌰𐌸 𐌳𐌿 𐌸𐌰𐌹𐌼 𐌾𐌰𐌹𐌽𐌰𐍂: 𐌾𐌰𐍃~𐍃𐌰 𐍅𐌰𐍃 𐌼𐌹𐌸 𐌹𐌴𐍃𐌿𐌰 𐌸𐌰𐌼𐌼𐌰 𐌽𐌰𐌶𐍉𐍂𐌰𐌹𐌰𐌿.
okay	train_1330_d0	llm_diversify	1	of the children	us sunum	𐌿𐍃 𐍃𐌿𐌽𐌿𐌼	yes	3	us lustum: of own desire, willingly	4	ussinþs: particular, „beeing beside the way“	4	ussindō: especially, in particular, particularly	The Levites: the children of Jeshua, of Kadmiel, of the children of Hodevah, seventy-four.	jah Laiwweiteis: sunjus Iesuis jah Ka(i)dmeielis us sunum Odueiins ·u· ·d· (74). -	𐌾𐌰𐌷 𐌻𐌰𐌹𐍅𐍅𐌴𐌹𐍄𐌴𐌹𐍃: 𐍃𐌿𐌽𐌾𐌿𐍃 𐌹𐌴𐍃𐌿𐌹𐍃 𐌾𐌰𐌷 𐌺𐌰(𐌹)𐌳𐌼𐌴𐌹𐌴𐌻𐌹𐍃 𐌿𐍃 𐍃𐌿𐌽𐌿𐌼 𐍉𐌳𐌿𐌴𐌹𐌹𐌽𐍃 ·𐌿· ·𐌳· (74). -
okay	train_0171_d1	llm_diversify	1	various	missaleikaim	𐌼𐌹𐍃𐍃𐌰𐌻𐌴𐌹𐌺𐌰𐌹𐌼	yes	3	missaleiks: different, diverse (Adj.), miscellaneous, varied, various	5	miþgaleikōn: join in adopting a form similar to, jointly conform to, join...	6	missataujan: do a missdeed, transgress (V.)	When the sun was setting, all those who had any sick with various diseases brought them to him; and he laid his hands on every one of them, and healed them.	miþþanei þan sagq sunno, allai swa managai swe habaidedun siukans sauhtim missaleikaim, brahtedun ins at imma: iþ is ainhvarjammeh ize handuns analagjands gahailida ins.	𐌼𐌹𐌸𐌸𐌰𐌽𐌴𐌹 𐌸𐌰𐌽 𐍃𐌰𐌲𐌵 𐍃𐌿𐌽𐌽𐍉, 𐌰𐌻𐌻𐌰𐌹 𐍃𐍅𐌰 𐌼𐌰𐌽𐌰𐌲𐌰𐌹 𐍃𐍅𐌴 𐌷𐌰𐌱𐌰𐌹𐌳𐌴𐌳𐌿𐌽 𐍃𐌹𐌿𐌺𐌰𐌽𐍃 𐍃𐌰𐌿𐌷𐍄𐌹𐌼 𐌼𐌹𐍃𐍃𐌰𐌻𐌴𐌹𐌺𐌰𐌹𐌼, 𐌱𐍂𐌰𐌷𐍄𐌴𐌳𐌿𐌽 𐌹𐌽𐍃 𐌰𐍄 𐌹𐌼𐌼𐌰: 𐌹𐌸 𐌹𐍃 𐌰𐌹𐌽𐍈𐌰𐍂𐌾𐌰𐌼𐌼𐌴𐌷 𐌹𐌶𐌴 𐌷𐌰𐌽𐌳𐌿𐌽𐍃 𐌰𐌽𐌰𐌻𐌰𐌲𐌾𐌰𐌽𐌳𐍃 𐌲𐌰𐌷𐌰𐌹𐌻𐌹𐌳𐌰 𐌹𐌽𐍃.
okay	train_0282_d0	llm_diversify	1	sat at the table	anakumbida	𐌰𐌽𐌰𐌺𐌿𐌼𐌱𐌹𐌳𐌰	yes	3	anakumbjan: lie (V.) (2) down to a meal, recline at table	5	anaþaíma: accursed one, accursed thing, anathema, curse (N.)	5	anakunnan: make acquire knowledge of by reading, teach or learn through...	One of the Pharisees invited him to eat with him. He entered into the Pharisee's house, and sat at the table.	baþ þan ina sums Fareisaie ei matidedi miþ imma; jah atgaggands in gard þis Fareisaiaus anakumbida.	𐌱𐌰𐌸 𐌸𐌰𐌽 𐌹𐌽𐌰 𐍃𐌿𐌼𐍃 𐍆𐌰𐍂𐌴𐌹𐍃𐌰𐌹𐌴 𐌴𐌹 𐌼𐌰𐍄𐌹𐌳𐌴𐌳𐌹 𐌼𐌹𐌸 𐌹𐌼𐌼𐌰; 𐌾𐌰𐌷 𐌰𐍄𐌲𐌰𐌲𐌲𐌰𐌽𐌳𐍃 𐌹𐌽 𐌲𐌰𐍂𐌳 𐌸𐌹𐍃 𐍆𐌰𐍂𐌴𐌹𐍃𐌰𐌹𐌰𐌿𐍃 𐌰𐌽𐌰𐌺𐌿𐌼𐌱𐌹𐌳𐌰.
okay	train_0819_d0	llm_diversify	1	released	andbundnoda	𐌰𐌽𐌳𐌱𐌿𐌽𐌳𐌽𐍉𐌳𐌰	yes	3	andbundnan: be released, be unbound, be untied, become released, become ...	5	andbindan: loose (V.), unbind	6	afgrundiþa: abyss	Immediately his ears were opened, and the impediment of his tongue was released, and he spoke clearly.	jah sunsaiw usluknodedun imma hliumans, jah andbundnoda bandi tuggons is jah rodida raihtaba.	𐌾𐌰𐌷 𐍃𐌿𐌽𐍃𐌰𐌹𐍅 𐌿𐍃𐌻𐌿𐌺𐌽𐍉𐌳𐌴𐌳𐌿𐌽 𐌹𐌼𐌼𐌰 𐌷𐌻𐌹𐌿𐌼𐌰𐌽𐍃, 𐌾𐌰𐌷 𐌰𐌽𐌳𐌱𐌿𐌽𐌳𐌽𐍉𐌳𐌰 𐌱𐌰𐌽𐌳𐌹 𐍄𐌿𐌲𐌲𐍉𐌽𐍃 𐌹𐍃 𐌾𐌰𐌷 𐍂𐍉𐌳𐌹𐌳𐌰 𐍂𐌰𐌹𐌷𐍄𐌰𐌱𐌰.
okay	train_1064_d0	llm_diversify	1	come down	atsteigadau	𐌰𐍄𐍃𐍄𐌴𐌹𐌲𐌰𐌳𐌰𐌿	yes	3	atsteigan: climb down, descend	5	atstandan: be near, come to, come to stand near, stand adjacently, stan...	5	ussteigan: ascend, climb up, go up	Let the Christ, the King of Israel, now come down from the cross, that we may see and believe him." Those who were crucified with him insulted him.	sa Xristus, sa þiudans Israelis, atsteigadau nu af þamma galgin, ei gasaihvaima jah galaubjaima. jah þai miþushramidans imma idweitidedun imma.	𐍃𐌰 𐍇𐍂𐌹𐍃𐍄𐌿𐍃, 𐍃𐌰 𐌸𐌹𐌿𐌳𐌰𐌽𐍃 𐌹𐍃𐍂𐌰𐌴𐌻𐌹𐍃, 𐌰𐍄𐍃𐍄𐌴𐌹𐌲𐌰𐌳𐌰𐌿 𐌽𐌿 𐌰𐍆 𐌸𐌰𐌼𐌼𐌰 𐌲𐌰𐌻𐌲𐌹𐌽, 𐌴𐌹 𐌲𐌰𐍃𐌰𐌹𐍈𐌰𐌹𐌼𐌰 𐌾𐌰𐌷 𐌲𐌰𐌻𐌰𐌿𐌱𐌾𐌰𐌹𐌼𐌰. 𐌾𐌰𐌷 𐌸𐌰𐌹 𐌼𐌹𐌸𐌿𐍃𐌷𐍂𐌰𐌼𐌹𐌳𐌰𐌽𐍃 𐌹𐌼𐌼𐌰 𐌹𐌳𐍅𐌴𐌹𐍄𐌹𐌳𐌴𐌳𐌿𐌽 𐌹𐌼𐌼𐌰.
okay	train_1177_d0	llm_diversify	1	got into	innatgaggandin	𐌹𐌽𐌽𐌰𐍄𐌲𐌰𐌲𐌲𐌰𐌽𐌳𐌹𐌽	yes	3	innatgaggan: come into, enter, get into, go into	5	inngaggan: enter, go in, proceed on, progress (V.)	6	innatbaíran: bear in thither, bring in, carry all the way in	When he got into a boat, his disciples followed him.	jah innatgaggandin imma in skip, afariddjedun imma siponjos is.	𐌾𐌰𐌷 𐌹𐌽𐌽𐌰𐍄𐌲𐌰𐌲𐌲𐌰𐌽𐌳𐌹𐌽 𐌹𐌼𐌼𐌰 𐌹𐌽 𐍃𐌺𐌹𐍀, 𐌰𐍆𐌰𐍂𐌹𐌳𐌳𐌾𐌴𐌳𐌿𐌽 𐌹𐌼𐌼𐌰 𐍃𐌹𐍀𐍉𐌽𐌾𐍉𐍃 𐌹𐍃.
okay	train_1177_d1	llm_diversify	1	got into	innatgaggandin	𐌹𐌽𐌽𐌰𐍄𐌲𐌰𐌲𐌲𐌰𐌽𐌳𐌹𐌽	yes	3	innatgaggan: come into, enter, get into, go into	5	inngaggan: enter, go in, proceed on, progress (V.)	6	innatbaíran: bear in thither, bring in, carry all the way in	When he got into a boat, his disciples followed him.	jah innatgaggandin imma in skip, afariddjedun imma siponjos is.	𐌾𐌰𐌷 𐌹𐌽𐌽𐌰𐍄𐌲𐌰𐌲𐌲𐌰𐌽𐌳𐌹𐌽 𐌹𐌼𐌼𐌰 𐌹𐌽 𐍃𐌺𐌹𐍀, 𐌰𐍆𐌰𐍂𐌹𐌳𐌳𐌾𐌴𐌳𐌿𐌽 𐌹𐌼𐌼𐌰 𐍃𐌹𐍀𐍉𐌽𐌾𐍉𐍃 𐌹𐍃.
okay	train_1183_d1	llm_diversify	1	possessed with demons	daimonarjans	𐌳𐌰𐌹𐌼𐍉𐌽𐌰𐍂𐌾𐌰𐌽𐍃	yes	3	daimōnāreis: demoniac, person possessed by the devil	5	timrjans: building worker	6	sipōnjan: be a disciple, be a student	Those who fed them fled, and went away into the city, and told everything, including what happened to those who were possessed with demons.	iþ þai haldandans gaþlauhun jah galeiþandans gataihun in baurg all bi þans daimonarjans.	𐌹𐌸 𐌸𐌰𐌹 𐌷𐌰𐌻𐌳𐌰𐌽𐌳𐌰𐌽𐍃 𐌲𐌰𐌸𐌻𐌰𐌿𐌷𐌿𐌽 𐌾𐌰𐌷 𐌲𐌰𐌻𐌴𐌹𐌸𐌰𐌽𐌳𐌰𐌽𐍃 𐌲𐌰𐍄𐌰𐌹𐌷𐌿𐌽 𐌹𐌽 𐌱𐌰𐌿𐍂𐌲 𐌰𐌻𐌻 𐌱𐌹 𐌸𐌰𐌽𐍃 𐌳𐌰𐌹𐌼𐍉𐌽𐌰𐍂𐌾𐌰𐌽𐍃.
okay	train_1114_d0	llm_diversify	1	shall be	sijaiþ	𐍃𐌹𐌾𐌰𐌹𐌸	yes	3	samaþ: all together to the same place, to the same place, together	3	aljaþ: elsewhere, elsewhither, to another place, to somewhere else	3	bifaih: exaction, self-enrichment at others expense	Therefore you shall be perfect, just as your Father in heaven is perfect.	sijaiþ nu jus fullatojai, swaswe atta izwar sa in himinam fullatojis ist.	𐍃𐌹𐌾𐌰𐌹𐌸 𐌽𐌿 𐌾𐌿𐍃 𐍆𐌿𐌻𐌻𐌰𐍄𐍉𐌾𐌰𐌹, 𐍃𐍅𐌰𐍃𐍅𐌴 𐌰𐍄𐍄𐌰 𐌹𐌶𐍅𐌰𐍂 𐍃𐌰 𐌹𐌽 𐌷𐌹𐌼𐌹𐌽𐌰𐌼 𐍆𐌿𐌻𐌻𐌰𐍄𐍉𐌾𐌹𐍃 𐌹𐍃𐍄.
okay	train_0402_d0	llm_diversify	2	inherit	arbja	𐌰𐍂𐌱𐌾𐌰	yes	0	arbja: heir, inheritor	1	arbjō: heiress, inheritress	2	karja: anxious	Behold, a certain lawyer stood up and tested him, saying, "Teacher, what shall I do to inherit eternal life?"	jah sai, witodafasteis sums ustoþ fraisands ina jah qiþands: laisari, hva taujands libainais aiweinons arbja wairþa?	𐌾𐌰𐌷 𐍃𐌰𐌹, 𐍅𐌹𐍄𐍉𐌳𐌰𐍆𐌰𐍃𐍄𐌴𐌹𐍃 𐍃𐌿𐌼𐍃 𐌿𐍃𐍄𐍉𐌸 𐍆𐍂𐌰𐌹𐍃𐌰𐌽𐌳𐍃 𐌹𐌽𐌰 𐌾𐌰𐌷 𐌵𐌹𐌸𐌰𐌽𐌳𐍃: 𐌻𐌰𐌹𐍃𐌰𐍂𐌹, 𐍈𐌰 𐍄𐌰𐌿𐌾𐌰𐌽𐌳𐍃 𐌻𐌹𐌱𐌰𐌹𐌽𐌰𐌹𐍃 𐌰𐌹𐍅𐌴𐌹𐌽𐍉𐌽𐍃 𐌰𐍂𐌱𐌾𐌰 𐍅𐌰𐌹𐍂𐌸𐌰?
okay	train_0454_d0	llm_diversify	2	ashamed	skama	𐍃𐌺𐌰𐌼𐌰	yes	0	skama: shame (N.)	1	sama: -some, same, the same	2	skarja: leader of a group	"The manager said within himself, 'What will I do, seeing that my lord is taking away the management position from me? I don't have strength to dig. I am ashamed to beg.	qaþ þan in sis sa fauragaggja: hva taujau, þandei frauja meins afnimiþ fauragaggi af mis? graban ni mag, bidjan skama mik.	𐌵𐌰𐌸 𐌸𐌰𐌽 𐌹𐌽 𐍃𐌹𐍃 𐍃𐌰 𐍆𐌰𐌿𐍂𐌰𐌲𐌰𐌲𐌲𐌾𐌰: 𐍈𐌰 𐍄𐌰𐌿𐌾𐌰𐌿, 𐌸𐌰𐌽𐌳𐌴𐌹 𐍆𐍂𐌰𐌿𐌾𐌰 𐌼𐌴𐌹𐌽𐍃 𐌰𐍆𐌽𐌹𐌼𐌹𐌸 𐍆𐌰𐌿𐍂𐌰𐌲𐌰𐌲𐌲𐌹 𐌰𐍆 𐌼𐌹𐍃? 𐌲𐍂𐌰𐌱𐌰𐌽 𐌽𐌹 𐌼𐌰𐌲, 𐌱𐌹𐌳𐌾𐌰𐌽 𐍃𐌺𐌰𐌼𐌰 𐌼𐌹𐌺.
okay	train_0742_d3	llm_diversify	2	great	filu	𐍆𐌹𐌻𐌿	yes	0	filu: copious amount, copiously, much, very (Adv.)	1	fill: hide (N.), skin (N.)	2	films: amazement, astonishment, bewildered stupor	He didn't allow him, but said to him, "Go to your house, to your friends, and tell them what great things the Lord has done for you, and how he had mercy on you."	jah ni lailot ina, ak qaþ du imma: gagg du garda þeinamma du þeinaim jah gateih im, hvan filu þus frauja gatawida jah gaarmaida þuk.	𐌾𐌰𐌷 𐌽𐌹 𐌻𐌰𐌹𐌻𐍉𐍄 𐌹𐌽𐌰, 𐌰𐌺 𐌵𐌰𐌸 𐌳𐌿 𐌹𐌼𐌼𐌰: 𐌲𐌰𐌲𐌲 𐌳𐌿 𐌲𐌰𐍂𐌳𐌰 𐌸𐌴𐌹𐌽𐌰𐌼𐌼𐌰 𐌳𐌿 𐌸𐌴𐌹𐌽𐌰𐌹𐌼 𐌾𐌰𐌷 𐌲𐌰𐍄𐌴𐌹𐌷 𐌹𐌼, 𐍈𐌰𐌽 𐍆𐌹𐌻𐌿 𐌸𐌿𐍃 𐍆𐍂𐌰𐌿𐌾𐌰 𐌲𐌰𐍄𐌰𐍅𐌹𐌳𐌰 𐌾𐌰𐌷 𐌲𐌰𐌰𐍂𐌼𐌰𐌹𐌳𐌰 𐌸𐌿𐌺.
okay	train_0758_d1	llm_diversify	2	great	filu	𐍆𐌹𐌻𐌿	yes	0	filu: copious amount, copiously, much, very (Adv.)	1	fill: hide (N.), skin (N.)	2	films: amazement, astonishment, bewildered stupor	He came to the synagogue ruler's house, and he saw an uproar, weeping, and great wailing.	jah galaiþ in gard þis swnagogafadis jah gasahv auhjodu jah gretandans jah waifairhvjandans filu.	𐌾𐌰𐌷 𐌲𐌰𐌻𐌰𐌹𐌸 𐌹𐌽 𐌲𐌰𐍂𐌳 𐌸𐌹𐍃 𐍃𐍅𐌽𐌰𐌲𐍉𐌲𐌰𐍆𐌰𐌳𐌹𐍃 𐌾𐌰𐌷 𐌲𐌰𐍃𐌰𐍈 𐌰𐌿𐌷𐌾𐍉𐌳𐌿 𐌾𐌰𐌷 𐌲𐍂𐌴𐍄𐌰𐌽𐌳𐌰𐌽𐍃 𐌾𐌰𐌷 𐍅𐌰𐌹𐍆𐌰𐌹𐍂𐍈𐌾𐌰𐌽𐌳𐌰𐌽𐍃 𐍆𐌹𐌻𐌿.
okay	train_0801_o0	llm_original	2	nothing	ni waihts	𐌽𐌹 𐍅𐌰𐌹𐌷𐍄𐍃	yes	0	waíhts: anything, entity, matter (N.), objective, sake, something, t...	1	aihts: belongings, possessions, property	1	waíht: quantifiable entity, single unit	There is nothing from outside of the man, that going into him can defile him; but the things which proceed out of the man are those that defile the man.	ni waihts ist utaþro mans inngaggando in ina þatei magi ina gamainjan; ak þata utgaggando us mann þata ist þata gamainjando mannan.	𐌽𐌹 𐍅𐌰𐌹𐌷𐍄𐍃 𐌹𐍃𐍄 𐌿𐍄𐌰𐌸𐍂𐍉 𐌼𐌰𐌽𐍃 𐌹𐌽𐌽𐌲𐌰𐌲𐌲𐌰𐌽𐌳𐍉 𐌹𐌽 𐌹𐌽𐌰 𐌸𐌰𐍄𐌴𐌹 𐌼𐌰𐌲𐌹 𐌹𐌽𐌰 𐌲𐌰𐌼𐌰𐌹𐌽𐌾𐌰𐌽; 𐌰𐌺 𐌸𐌰𐍄𐌰 𐌿𐍄𐌲𐌰𐌲𐌲𐌰𐌽𐌳𐍉 𐌿𐍃 𐌼𐌰𐌽𐌽 𐌸𐌰𐍄𐌰 𐌹𐍃𐍄 𐌸𐌰𐍄𐌰 𐌲𐌰𐌼𐌰𐌹𐌽𐌾𐌰𐌽𐌳𐍉 𐌼𐌰𐌽𐌽𐌰𐌽.
okay	train_0927_d0	llm_diversify	2	beggar	aihtron	𐌰𐌹𐌷𐍄𐍂𐍉𐌽	yes	0	aihtrōn: beg, beseech, pray, request for oneself, supplicate	1	aihtrōns: prayer, supplication	2	aihtr: complaint, lament (N.), request (N.)	They came to Jericho. As he went out from Jericho, with his disciples and a great multitude, the son of Timaeus, Bartimaeus, a blind beggar, was sitting by the road.	jah qemun in Iairikon. jah usgaggandin imma jainþro miþ siponjam seinaim jah managein ganohai, sunus Teimaiaus, Barteimaiaus sa blinda, sat faur wig du aihtron.	𐌾𐌰𐌷 𐌵𐌴𐌼𐌿𐌽 𐌹𐌽 𐌹𐌰𐌹𐍂𐌹𐌺𐍉𐌽. 𐌾𐌰𐌷 𐌿𐍃𐌲𐌰𐌲𐌲𐌰𐌽𐌳𐌹𐌽 𐌹𐌼𐌼𐌰 𐌾𐌰𐌹𐌽𐌸𐍂𐍉 𐌼𐌹𐌸 𐍃𐌹𐍀𐍉𐌽𐌾𐌰𐌼 𐍃𐌴𐌹𐌽𐌰𐌹𐌼 𐌾𐌰𐌷 𐌼𐌰𐌽𐌰𐌲𐌴𐌹𐌽 𐌲𐌰𐌽𐍉𐌷𐌰𐌹, 𐍃𐌿𐌽𐌿𐍃 𐍄𐌴𐌹𐌼𐌰𐌹𐌰𐌿𐍃, 𐌱𐌰𐍂𐍄𐌴𐌹𐌼𐌰𐌹𐌰𐌿𐍃 𐍃𐌰 𐌱𐌻𐌹𐌽𐌳𐌰, 𐍃𐌰𐍄 𐍆𐌰𐌿𐍂 𐍅𐌹𐌲 𐌳𐌿 𐌰𐌹𐌷𐍄𐍂𐍉𐌽.
okay	train_1293_d1	llm_diversify	2	Among	in	𐌹𐌽	yes	0	in: at, because of, by, by means of, due, during, for, for the s...	1	i: abbreviation for 10, i	1	n: abbreviation for 50, n	Among them were Mary Magdalene, Mary the mother of James and Joses, and the mother of the sons of Zebedee.	in þaimei was Marja so Magdalene, jah Marja so Iakobis jah Iosezis aiþei, jah aiþei suniwe Zaibaidaiaus.	𐌹𐌽 𐌸𐌰𐌹𐌼𐌴𐌹 𐍅𐌰𐍃 𐌼𐌰𐍂𐌾𐌰 𐍃𐍉 𐌼𐌰𐌲𐌳𐌰𐌻𐌴𐌽𐌴, 𐌾𐌰𐌷 𐌼𐌰𐍂𐌾𐌰 𐍃𐍉 𐌹𐌰𐌺𐍉𐌱𐌹𐍃 𐌾𐌰𐌷 𐌹𐍉𐍃𐌴𐌶𐌹𐍃 𐌰𐌹𐌸𐌴𐌹, 𐌾𐌰𐌷 𐌰𐌹𐌸𐌴𐌹 𐍃𐌿𐌽𐌹𐍅𐌴 𐌶𐌰𐌹𐌱𐌰𐌹𐌳𐌰𐌹𐌰𐌿𐍃.
okay	train_0020_d0	llm_diversify	2	conceived	inkilþo	𐌹𐌽𐌺𐌹𐌻𐌸𐍉	yes	0	inkilþō: pregnant, with child	2	inilō: alleged reason, excuse (N.), pretense, pretext	3	inilōn: allege as a reason for, introduce as an excuse	After these days Elizabeth, his wife, conceived, and she hid herself five months, saying,	afaruh þan þans dagans inkilþo warþ Aileisabaiþ qens is jah galaugnida sik menoþs fimf, qiþandei:	𐌰𐍆𐌰𐍂𐌿𐌷 𐌸𐌰𐌽 𐌸𐌰𐌽𐍃 𐌳𐌰𐌲𐌰𐌽𐍃 𐌹𐌽𐌺𐌹𐌻𐌸𐍉 𐍅𐌰𐍂𐌸 𐌰𐌹𐌻𐌴𐌹𐍃𐌰𐌱𐌰𐌹𐌸 𐌵𐌴𐌽𐍃 𐌹𐍃 𐌾𐌰𐌷 𐌲𐌰𐌻𐌰𐌿𐌲𐌽𐌹𐌳𐌰 𐍃𐌹𐌺 𐌼𐌴𐌽𐍉𐌸𐍃 𐍆𐌹𐌼𐍆, 𐌵𐌹𐌸𐌰𐌽𐌳𐌴𐌹:
okay	train_0070_d0	llm_diversify	2	enrolled	gameljan	𐌲𐌰𐌼𐌴𐌻𐌾𐌰𐌽	yes	0	gamēljan: enroll, inscribe, register (V.), write, write down	2	gafētjan: adorn (V.), dress up	2	gatēwjan: appoint, arrange, assign (V.), order (V.)	Now it happened in those days, that a decree went out from Caesar Augustus that all the world should be enrolled.	Warþ þan in dagans jainans, urrann gagrefts fram kaisara Agustau, gameljan allana midjungard.	𐍅𐌰𐍂𐌸 𐌸𐌰𐌽 𐌹𐌽 𐌳𐌰𐌲𐌰𐌽𐍃 𐌾𐌰𐌹𐌽𐌰𐌽𐍃, 𐌿𐍂𐍂𐌰𐌽𐌽 𐌲𐌰𐌲𐍂𐌴𐍆𐍄𐍃 𐍆𐍂𐌰𐌼 𐌺𐌰𐌹𐍃𐌰𐍂𐌰 𐌰𐌲𐌿𐍃𐍄𐌰𐌿, 𐌲𐌰𐌼𐌴𐌻𐌾𐌰𐌽 𐌰𐌻𐌻𐌰𐌽𐌰 𐌼𐌹𐌳𐌾𐌿𐌽𐌲𐌰𐍂𐌳.
okay	train_0108_d0	llm_diversify	2	subject to	ufhausjands	𐌿𐍆𐌷𐌰𐌿𐍃𐌾𐌰𐌽𐌳𐍃	yes	0	ufhausjands: obedient	2	ufhausjan: heed (V.), listen to submissively, obey	3	ufhauseins: heed (N.), obedience, submission	And he went down with them, and came to Nazareth. He was subject to them, and his mother kept all these sayings in her heart.	jah iddja miþ im jah qam in Nazaraiþ, jah was ufhausjands im; jah aiþei is gafastaida þo waurda alla in hairtin seinamma.	𐌾𐌰𐌷 𐌹𐌳𐌳𐌾𐌰 𐌼𐌹𐌸 𐌹𐌼 𐌾𐌰𐌷 𐌵𐌰𐌼 𐌹𐌽 𐌽𐌰𐌶𐌰𐍂𐌰𐌹𐌸, 𐌾𐌰𐌷 𐍅𐌰𐍃 𐌿𐍆𐌷𐌰𐌿𐍃𐌾𐌰𐌽𐌳𐍃 𐌹𐌼; 𐌾𐌰𐌷 𐌰𐌹𐌸𐌴𐌹 𐌹𐍃 𐌲𐌰𐍆𐌰𐍃𐍄𐌰𐌹𐌳𐌰 𐌸𐍉 𐍅𐌰𐌿𐍂𐌳𐌰 𐌰𐌻𐌻𐌰 𐌹𐌽 𐌷𐌰𐌹𐍂𐍄𐌹𐌽 𐍃𐌴𐌹𐌽𐌰𐌼𐌼𐌰.
okay	train_0145_d1	llm_diversify	2	delivered	atgiban	𐌰𐍄𐌲𐌹𐌱𐌰𐌽	yes	0	atgiban: deliver into the custody of, give over to, give unto	2	atligan: lie (V.) (2) adjacent to, lie (V.) (2) at hand	2	athaban: approach (V.), betake	The devil said to him, "I will give you all this authority, and their glory, for it has been delivered to me; and I give it to whomever I want.	jah qaþ du imma sa diabulus: þus giba þata waldufni þize allata jah wulþu ize, unte mis atgiban ist, jah þishvammeh þei wiljau, giba þata.	𐌾𐌰𐌷 𐌵𐌰𐌸 𐌳𐌿 𐌹𐌼𐌼𐌰 𐍃𐌰 𐌳𐌹𐌰𐌱𐌿𐌻𐌿𐍃: 𐌸𐌿𐍃 𐌲𐌹𐌱𐌰 𐌸𐌰𐍄𐌰 𐍅𐌰𐌻𐌳𐌿𐍆𐌽𐌹 𐌸𐌹𐌶𐌴 𐌰𐌻𐌻𐌰𐍄𐌰 𐌾𐌰𐌷 𐍅𐌿𐌻𐌸𐌿 𐌹𐌶𐌴, 𐌿𐌽𐍄𐌴 𐌼𐌹𐍃 𐌰𐍄𐌲𐌹𐌱𐌰𐌽 𐌹𐍃𐍄, 𐌾𐌰𐌷 𐌸𐌹𐍃𐍈𐌰𐌼𐌼𐌴𐌷 𐌸𐌴𐌹 𐍅𐌹𐌻𐌾𐌰𐌿, 𐌲𐌹𐌱𐌰 𐌸𐌰𐍄𐌰.
okay	train_0247_d1	llm_diversify	2	brings forth	taujands	𐍄𐌰𐌿𐌾𐌰𐌽𐌳𐍃	yes	0	taujands: culprit	2	taujan: act (V.), construct (V.), do, engage in, execute, form (V.),...	2	daupjands: baptist, baptizer	For there is no good tree that brings forth rotten fruit; nor again a rotten tree that brings forth good fruit.	ni auk ist bagms gods taujands akran ubil, nih þan bagms ubils taujands akran god.	𐌽𐌹 𐌰𐌿𐌺 𐌹𐍃𐍄 𐌱𐌰𐌲𐌼𐍃 𐌲𐍉𐌳𐍃 𐍄𐌰𐌿𐌾𐌰𐌽𐌳𐍃 𐌰𐌺𐍂𐌰𐌽 𐌿𐌱𐌹𐌻, 𐌽𐌹𐌷 𐌸𐌰𐌽 𐌱𐌰𐌲𐌼𐍃 𐌿𐌱𐌹𐌻𐍃 𐍄𐌰𐌿𐌾𐌰𐌽𐌳𐍃 𐌰𐌺𐍂𐌰𐌽 𐌲𐍉𐌳.
okay	train_0380_d1	llm_diversify	2	first	faurþis	𐍆𐌰𐌿𐍂𐌸𐌹𐍃	yes	0	faúrþis: aforetime, before that, beforehand, earlier	2	faúrhts: afraid, anxious, cowardly (Adj.), fearful of, timid	2	baúrþs: borne, carried	He said to another, "Follow me!" But he said, "Lord, allow me first to go and bury my father."	qaþ þan du anþaramma: laistei mik; iþ is qaþ: frauja, uslaubei mis galeiþan faurþis jah usfilhan attan meinana.	𐌵𐌰𐌸 𐌸𐌰𐌽 𐌳𐌿 𐌰𐌽𐌸𐌰𐍂𐌰𐌼𐌼𐌰: 𐌻𐌰𐌹𐍃𐍄𐌴𐌹 𐌼𐌹𐌺; 𐌹𐌸 𐌹𐍃 𐌵𐌰𐌸: 𐍆𐍂𐌰𐌿𐌾𐌰, 𐌿𐍃𐌻𐌰𐌿𐌱𐌴𐌹 𐌼𐌹𐍃 𐌲𐌰𐌻𐌴𐌹𐌸𐌰𐌽 𐍆𐌰𐌿𐍂𐌸𐌹𐍃 𐌾𐌰𐌷 𐌿𐍃𐍆𐌹𐌻𐌷𐌰𐌽 𐌰𐍄𐍄𐌰𐌽 𐌼𐌴𐌹𐌽𐌰𐌽𐌰.
okay	train_0380_d2	llm_diversify	2	first	faurþis	𐍆𐌰𐌿𐍂𐌸𐌹𐍃	yes	0	faúrþis: aforetime, before that, beforehand, earlier	2	faúrhts: afraid, anxious, cowardly (Adj.), fearful of, timid	2	baúrþs: borne, carried	He said to another, "Follow me!" But he said, "Lord, allow me first to go and bury my father."	qaþ þan du anþaramma: laistei mik; iþ is qaþ: frauja, uslaubei mis galeiþan faurþis jah usfilhan attan meinana.	𐌵𐌰𐌸 𐌸𐌰𐌽 𐌳𐌿 𐌰𐌽𐌸𐌰𐍂𐌰𐌼𐌼𐌰: 𐌻𐌰𐌹𐍃𐍄𐌴𐌹 𐌼𐌹𐌺; 𐌹𐌸 𐌹𐍃 𐌵𐌰𐌸: 𐍆𐍂𐌰𐌿𐌾𐌰, 𐌿𐍃𐌻𐌰𐌿𐌱𐌴𐌹 𐌼𐌹𐍃 𐌲𐌰𐌻𐌴𐌹𐌸𐌰𐌽 𐍆𐌰𐌿𐍂𐌸𐌹𐍃 𐌾𐌰𐌷 𐌿𐍃𐍆𐌹𐌻𐌷𐌰𐌽 𐌰𐍄𐍄𐌰𐌽 𐌼𐌴𐌹𐌽𐌰𐌽𐌰.
okay	train_0393_d0	llm_diversify	2	more tolerable	sutizo	𐍃𐌿𐍄𐌹𐌶𐍉	yes	0	sutizō: more endurable	2	sūtis: gentle, mild, moderate (Adj.), yielding	2	sūti: mildness, tranquility	I tell you, it will be more tolerable in that day for Sodom than for that city.	qiþa izwis þatei Saudaumjam in jainamma daga sutizo wairþiþ þau þizai baurg jainai.	𐌵𐌹𐌸𐌰 𐌹𐌶𐍅𐌹𐍃 𐌸𐌰𐍄𐌴𐌹 𐍃𐌰𐌿𐌳𐌰𐌿𐌼𐌾𐌰𐌼 𐌹𐌽 𐌾𐌰𐌹𐌽𐌰𐌼𐌼𐌰 𐌳𐌰𐌲𐌰 𐍃𐌿𐍄𐌹𐌶𐍉 𐍅𐌰𐌹𐍂𐌸𐌹𐌸 𐌸𐌰𐌿 𐌸𐌹𐌶𐌰𐌹 𐌱𐌰𐌿𐍂𐌲 𐌾𐌰𐌹𐌽𐌰𐌹.
okay	train_0399_d0	llm_diversify	2	delivered	atgiban	𐌰𐍄𐌲𐌹𐌱𐌰𐌽	yes	0	atgiban: deliver into the custody of, give over to, give unto	2	atligan: lie (V.) (2) adjacent to, lie (V.) (2) at hand	2	athaban: approach (V.), betake	Turning to the disciples, he said, "All things have been delivered to me by my Father. No one knows who the Son is, except the Father, and who the Father is, except the Son, and he to whomever the Son desires to reveal him."	all mis atgiban ist fram attin meinamma, jah ni hvashun kann hvas ist sunus, alja atta, jah hvas ist atta, alja sunus, jah þammei wili sunus andhuljan.	𐌰𐌻𐌻 𐌼𐌹𐍃 𐌰𐍄𐌲𐌹𐌱𐌰𐌽 𐌹𐍃𐍄 𐍆𐍂𐌰𐌼 𐌰𐍄𐍄𐌹𐌽 𐌼𐌴𐌹𐌽𐌰𐌼𐌼𐌰, 𐌾𐌰𐌷 𐌽𐌹 𐍈𐌰𐍃𐌷𐌿𐌽 𐌺𐌰𐌽𐌽 𐍈𐌰𐍃 𐌹𐍃𐍄 𐍃𐌿𐌽𐌿𐍃, 𐌰𐌻𐌾𐌰 𐌰𐍄𐍄𐌰, 𐌾𐌰𐌷 𐍈𐌰𐍃 𐌹𐍃𐍄 𐌰𐍄𐍄𐌰, 𐌰𐌻𐌾𐌰 𐍃𐌿𐌽𐌿𐍃, 𐌾𐌰𐌷 𐌸𐌰𐌼𐌼𐌴𐌹 𐍅𐌹𐌻𐌹 𐍃𐌿𐌽𐌿𐍃 𐌰𐌽𐌳𐌷𐌿𐌻𐌾𐌰𐌽.
okay	train_0526_d0	llm_diversify	2	brought	tiuhan	𐍄𐌹𐌿𐌷𐌰𐌽	yes	0	tiuhan: bring, conduct (V.), guide (V.), lead (V.)	2	jiukan: battle (V.), be a boxer, conquer, fight (V.)	2	kiusan: examine by testing, prove by test, prove by trial, put to a ...	Standing still, Jesus commanded him to be brought to him. When he had come near, he asked him,	gastandands þan Iesus haihait ina tiuhan du sis. biþe nehva was þan imma, frah ina	𐌲𐌰𐍃𐍄𐌰𐌽𐌳𐌰𐌽𐌳𐍃 𐌸𐌰𐌽 𐌹𐌴𐍃𐌿𐍃 𐌷𐌰𐌹𐌷𐌰𐌹𐍄 𐌹𐌽𐌰 𐍄𐌹𐌿𐌷𐌰𐌽 𐌳𐌿 𐍃𐌹𐍃. 𐌱𐌹𐌸𐌴 𐌽𐌴𐍈𐌰 𐍅𐌰𐍃 𐌸𐌰𐌽 𐌹𐌼𐌼𐌰, 𐍆𐍂𐌰𐌷 𐌹𐌽𐌰
okay	train_0536_d0	llm_diversify	2	revealed	gaswikunþjan	𐌲𐌰𐍃𐍅𐌹𐌺𐌿𐌽𐌸𐌾𐌰𐌽	yes	0	gaswikunþjan: make manifest, make openly known, publish	2	swikunþjan: make openly known, publicize	2	gaswinþjan: strengthen	As they heard these things, he went on and told a parable, because he was near Jerusalem, and they supposed that the Kingdom of God would be revealed immediately.	at gahausjandam þan im þata, biaukands qaþ gajukon, bi þatei nehva Iairusalem was, jah þuhta im ei suns skulda wesi þiudangardi gudis gaswikunþjan.	𐌰𐍄 𐌲𐌰𐌷𐌰𐌿𐍃𐌾𐌰𐌽𐌳𐌰𐌼 𐌸𐌰𐌽 𐌹𐌼 𐌸𐌰𐍄𐌰, 𐌱𐌹𐌰𐌿𐌺𐌰𐌽𐌳𐍃 𐌵𐌰𐌸 𐌲𐌰𐌾𐌿𐌺𐍉𐌽, 𐌱𐌹 𐌸𐌰𐍄𐌴𐌹 𐌽𐌴𐍈𐌰 𐌹𐌰𐌹𐍂𐌿𐍃𐌰𐌻𐌴𐌼 𐍅𐌰𐍃, 𐌾𐌰𐌷 𐌸𐌿𐌷𐍄𐌰 𐌹𐌼 𐌴𐌹 𐍃𐌿𐌽𐍃 𐍃𐌺𐌿𐌻𐌳𐌰 𐍅𐌴𐍃𐌹 𐌸𐌹𐌿𐌳𐌰𐌽𐌲𐌰𐍂𐌳𐌹 𐌲𐌿𐌳𐌹𐍃 𐌲𐌰𐍃𐍅𐌹𐌺𐌿𐌽𐌸𐌾𐌰𐌽.
okay	train_0536_d3	llm_diversify	2	revealed	gaswikunþjan	𐌲𐌰𐍃𐍅𐌹𐌺𐌿𐌽𐌸𐌾𐌰𐌽	yes	0	gaswikunþjan: make manifest, make openly known, publish	2	swikunþjan: make openly known, publicize	2	gaswinþjan: strengthen	As they heard these things, he went on and told a parable, because he was near Jerusalem, and they supposed that the Kingdom of God would be revealed immediately.	at gahausjandam þan im þata, biaukands qaþ gajukon, bi þatei nehva Iairusalem was, jah þuhta im ei suns skulda wesi þiudangardi gudis gaswikunþjan.	𐌰𐍄 𐌲𐌰𐌷𐌰𐌿𐍃𐌾𐌰𐌽𐌳𐌰𐌼 𐌸𐌰𐌽 𐌹𐌼 𐌸𐌰𐍄𐌰, 𐌱𐌹𐌰𐌿𐌺𐌰𐌽𐌳𐍃 𐌵𐌰𐌸 𐌲𐌰𐌾𐌿𐌺𐍉𐌽, 𐌱𐌹 𐌸𐌰𐍄𐌴𐌹 𐌽𐌴𐍈𐌰 𐌹𐌰𐌹𐍂𐌿𐍃𐌰𐌻𐌴𐌼 𐍅𐌰𐍃, 𐌾𐌰𐌷 𐌸𐌿𐌷𐍄𐌰 𐌹𐌼 𐌴𐌹 𐍃𐌿𐌽𐍃 𐍃𐌺𐌿𐌻𐌳𐌰 𐍅𐌴𐍃𐌹 𐌸𐌹𐌿𐌳𐌰𐌽𐌲𐌰𐍂𐌳𐌹 𐌲𐌿𐌳𐌹𐍃 𐌲𐌰𐍃𐍅𐌹𐌺𐌿𐌽𐌸𐌾𐌰𐌽.
okay	train_0539_d0	llm_diversify	2	called	wopjan	𐍅𐍉𐍀𐌾𐌰𐌽	yes	0	wōpjan: address (V.), call loudly, call out, call to, cry out, sound...	2	ƕōtjan: give a severe talking-to, reprimand sharply, threaten, warn ...	2	wrōhjan: accuse, indict	"It happened when he had come back again, having received the kingdom, that he commanded these servants, to whom he had given the money, to be called to him, that he might know what they had gained by conducting business.	jah warþ, biþe atwandida sik aftra, andnimands þiudangardja jah haihait wopjan du sis þans skalkans þaimei atgaf þata silubr, ei gakunnaidedi hva hvarjizuh gawaurhtedi.	𐌾𐌰𐌷 𐍅𐌰𐍂𐌸, 𐌱𐌹𐌸𐌴 𐌰𐍄𐍅𐌰𐌽𐌳𐌹𐌳𐌰 𐍃𐌹𐌺 𐌰𐍆𐍄𐍂𐌰, 𐌰𐌽𐌳𐌽𐌹𐌼𐌰𐌽𐌳𐍃 𐌸𐌹𐌿𐌳𐌰𐌽𐌲𐌰𐍂𐌳𐌾𐌰 𐌾𐌰𐌷 𐌷𐌰𐌹𐌷𐌰𐌹𐍄 𐍅𐍉𐍀𐌾𐌰𐌽 𐌳𐌿 𐍃𐌹𐍃 𐌸𐌰𐌽𐍃 𐍃𐌺𐌰𐌻𐌺𐌰𐌽𐍃 𐌸𐌰𐌹𐌼𐌴𐌹 𐌰𐍄𐌲𐌰𐍆 𐌸𐌰𐍄𐌰 𐍃𐌹𐌻𐌿𐌱𐍂, 𐌴𐌹 𐌲𐌰𐌺𐌿𐌽𐌽𐌰𐌹𐌳𐌴𐌳𐌹 𐍈𐌰 𐍈𐌰𐍂𐌾𐌹𐌶𐌿𐌷 𐌲𐌰𐍅𐌰𐌿𐍂𐌷𐍄𐌴𐌳𐌹.
okay	train_0845_d0	llm_diversify	2	rejected	uskiusan	𐌿𐍃𐌺𐌹𐌿𐍃𐌰𐌽	yes	0	uskiusan: declare useless, disapprove, eliminate, reject (V.), test (V...	2	kiusan: examine by testing, prove by test, prove by trial, put to a ...	2	ustiuhan: accomplish, bring up, complete (V.), conduct out, consummate...	He began to teach them that the Son of Man must suffer many things, and be rejected by the elders, the chief priests, and the scribes, and be killed, and after three days rise again.	jah dugann laisjan ins þatei skal sunus mans filu winnan jah uskiusan skulds ist fram þaim sinistam jah þaim auhumistam gudjam jah bokarjam jah usqiman jah afar þrins dagans usstandan.	𐌾𐌰𐌷 𐌳𐌿𐌲𐌰𐌽𐌽 𐌻𐌰𐌹𐍃𐌾𐌰𐌽 𐌹𐌽𐍃 𐌸𐌰𐍄𐌴𐌹 𐍃𐌺𐌰𐌻 𐍃𐌿𐌽𐌿𐍃 𐌼𐌰𐌽𐍃 𐍆𐌹𐌻𐌿 𐍅𐌹𐌽𐌽𐌰𐌽 𐌾𐌰𐌷 𐌿𐍃𐌺𐌹𐌿𐍃𐌰𐌽 𐍃𐌺𐌿𐌻𐌳𐍃 𐌹𐍃𐍄 𐍆𐍂𐌰𐌼 𐌸𐌰𐌹𐌼 𐍃𐌹𐌽𐌹𐍃𐍄𐌰𐌼 𐌾𐌰𐌷 𐌸𐌰𐌹𐌼 𐌰𐌿𐌷𐌿𐌼𐌹𐍃𐍄𐌰𐌼 𐌲𐌿𐌳𐌾𐌰𐌼 𐌾𐌰𐌷 𐌱𐍉𐌺𐌰𐍂𐌾𐌰𐌼 𐌾𐌰𐌷 𐌿𐍃𐌵𐌹𐌼𐌰𐌽 𐌾𐌰𐌷 𐌰𐍆𐌰𐍂 𐌸𐍂𐌹𐌽𐍃 𐌳𐌰𐌲𐌰𐌽𐍃 𐌿𐍃𐍃𐍄𐌰𐌽𐌳𐌰𐌽.
okay	train_0944_d3	llm_diversify	2	again	þanaseiþs	𐌸𐌰𐌽𐌰𐍃𐌴𐌹𐌸𐍃	yes	0	þanaseiþs: after then, from then on, later than then, thereafter	2	manasēþs: human race, human universe, mankind, the world of humans, wo...	3	andaneiþs: antagonistic, antithetical, contrary (Adj.), opposed	Jesus told it, "May no one ever eat fruit from you again!" and his disciples heard it.	jah usbairands qaþ du imma: ni þanaseiþs us þus aiw manna akran matjai. jah gahausidedun þai siponjos is.	𐌾𐌰𐌷 𐌿𐍃𐌱𐌰𐌹𐍂𐌰𐌽𐌳𐍃 𐌵𐌰𐌸 𐌳𐌿 𐌹𐌼𐌼𐌰: 𐌽𐌹 𐌸𐌰𐌽𐌰𐍃𐌴𐌹𐌸𐍃 𐌿𐍃 𐌸𐌿𐍃 𐌰𐌹𐍅 𐌼𐌰𐌽𐌽𐌰 𐌰𐌺𐍂𐌰𐌽 𐌼𐌰𐍄𐌾𐌰𐌹. 𐌾𐌰𐌷 𐌲𐌰𐌷𐌰𐌿𐍃𐌹𐌳𐌴𐌳𐌿𐌽 𐌸𐌰𐌹 𐍃𐌹𐍀𐍉𐌽𐌾𐍉𐍃 𐌹𐍃.
okay	train_0975_d1	llm_diversify	2	brothers	broþrahans	𐌱𐍂𐍉𐌸𐍂𐌰𐌷𐌰𐌽𐍃	yes	0	brōþrahans: brethren	2	brōþrahs: brotherly, fraternal	4	biþwahan: wash (V.), wash all around	There were seven brothers. The first took a wife, and dying left no offspring.	sibun broþrahans wesun; jah sa frumista nam qen jah gaswiltands ni bilaiþ fraiwa.	𐍃𐌹𐌱𐌿𐌽 𐌱𐍂𐍉𐌸𐍂𐌰𐌷𐌰𐌽𐍃 𐍅𐌴𐍃𐌿𐌽; 𐌾𐌰𐌷 𐍃𐌰 𐍆𐍂𐌿𐌼𐌹𐍃𐍄𐌰 𐌽𐌰𐌼 𐌵𐌴𐌽 𐌾𐌰𐌷 𐌲𐌰𐍃𐍅𐌹𐌻𐍄𐌰𐌽𐌳𐍃 𐌽𐌹 𐌱𐌹𐌻𐌰𐌹𐌸 𐍆𐍂𐌰𐌹𐍅𐌰.
okay	train_1163_d0	llm_diversify	2	paralyzed	usliþa	𐌿𐍃𐌻𐌹𐌸𐌰	yes	0	usliþa: of disabled limb, paralytic	2	usleiþan: go away, go out, pass forth, travel out, vanish	2	sleiþa: damage (N.), detriment, harm (N.), injury, loss	and saying, "Lord, my servant lies in the house paralyzed, grievously tormented."	jah qiþands: frauja, þiumagus meins ligiþ in garda usliþa, harduba balwiþs.	𐌾𐌰𐌷 𐌵𐌹𐌸𐌰𐌽𐌳𐍃: 𐍆𐍂𐌰𐌿𐌾𐌰, 𐌸𐌹𐌿𐌼𐌰𐌲𐌿𐍃 𐌼𐌴𐌹𐌽𐍃 𐌻𐌹𐌲𐌹𐌸 𐌹𐌽 𐌲𐌰𐍂𐌳𐌰 𐌿𐍃𐌻𐌹𐌸𐌰, 𐌷𐌰𐍂𐌳𐌿𐌱𐌰 𐌱𐌰𐌻𐍅𐌹𐌸𐍃.
okay	train_1163_d1	llm_diversify	2	grievously	harduba	𐌷𐌰𐍂𐌳𐌿𐌱𐌰	yes	0	harduba: harshly, terribly, with hardness, with severity	2	hardus: hard, harsh, stern (1)	3	garēdaba: commendably, commendatorily, honourably, in an advocatable m...	and saying, "Lord, my servant lies in the house paralyzed, grievously tormented."	jah qiþands: frauja, þiumagus meins ligiþ in garda usliþa, harduba balwiþs.	𐌾𐌰𐌷 𐌵𐌹𐌸𐌰𐌽𐌳𐍃: 𐍆𐍂𐌰𐌿𐌾𐌰, 𐌸𐌹𐌿𐌼𐌰𐌲𐌿𐍃 𐌼𐌴𐌹𐌽𐍃 𐌻𐌹𐌲𐌹𐌸 𐌹𐌽 𐌲𐌰𐍂𐌳𐌰 𐌿𐍃𐌻𐌹𐌸𐌰, 𐌷𐌰𐍂𐌳𐌿𐌱𐌰 𐌱𐌰𐌻𐍅𐌹𐌸𐍃.
okay	train_1163_d2	llm_diversify	2	paralyzed	usliþa	𐌿𐍃𐌻𐌹𐌸𐌰	yes	0	usliþa: of disabled limb, paralytic	2	usleiþan: go away, go out, pass forth, travel out, vanish	2	sleiþa: damage (N.), detriment, harm (N.), injury, loss	and saying, "Lord, my servant lies in the house paralyzed, grievously tormented."	jah qiþands: frauja, þiumagus meins ligiþ in garda usliþa, harduba balwiþs.	𐌾𐌰𐌷 𐌵𐌹𐌸𐌰𐌽𐌳𐍃: 𐍆𐍂𐌰𐌿𐌾𐌰, 𐌸𐌹𐌿𐌼𐌰𐌲𐌿𐍃 𐌼𐌴𐌹𐌽𐍃 𐌻𐌹𐌲𐌹𐌸 𐌹𐌽 𐌲𐌰𐍂𐌳𐌰 𐌿𐍃𐌻𐌹𐌸𐌰, 𐌷𐌰𐍂𐌳𐌿𐌱𐌰 𐌱𐌰𐌻𐍅𐌹𐌸𐍃.
okay	train_1163_d3	llm_diversify	2	grievously	harduba	𐌷𐌰𐍂𐌳𐌿𐌱𐌰	yes	0	harduba: harshly, terribly, with hardness, with severity	2	hardus: hard, harsh, stern (1)	3	garēdaba: commendably, commendatorily, honourably, in an advocatable m...	and saying, "Lord, my servant lies in the house paralyzed, grievously tormented."	jah qiþands: frauja, þiumagus meins ligiþ in garda usliþa, harduba balwiþs.	𐌾𐌰𐌷 𐌵𐌹𐌸𐌰𐌽𐌳𐍃: 𐍆𐍂𐌰𐌿𐌾𐌰, 𐌸𐌹𐌿𐌼𐌰𐌲𐌿𐍃 𐌼𐌴𐌹𐌽𐍃 𐌻𐌹𐌲𐌹𐌸 𐌹𐌽 𐌲𐌰𐍂𐌳𐌰 𐌿𐍃𐌻𐌹𐌸𐌰, 𐌷𐌰𐍂𐌳𐌿𐌱𐌰 𐌱𐌰𐌻𐍅𐌹𐌸𐍃.
okay	train_1291_d1	llm_diversify	2	exceedingly	abraba	𐌰𐌱𐍂𐌰𐌱𐌰	yes	0	abraba: excessively, extremely, severely, very	2	Arabia: Arabia	2	brasa: red-hot coal	Now the centurion, and those who were with him watching Jesus, when they saw the earthquake, and the things that were done, feared exceedingly, saying, "Truly this was the Son of God."	iþ hundafaþs jah þai miþ imma witandans Iesua, gasaihvandans þo reiron jah þo waurþanona, ohtedun abraba, qiþandans: bi sunjai gudis sunus ist sa.	𐌹𐌸 𐌷𐌿𐌽𐌳𐌰𐍆𐌰𐌸𐍃 𐌾𐌰𐌷 𐌸𐌰𐌹 𐌼𐌹𐌸 𐌹𐌼𐌼𐌰 𐍅𐌹𐍄𐌰𐌽𐌳𐌰𐌽𐍃 𐌹𐌴𐍃𐌿𐌰, 𐌲𐌰𐍃𐌰𐌹𐍈𐌰𐌽𐌳𐌰𐌽𐍃 𐌸𐍉 𐍂𐌴𐌹𐍂𐍉𐌽 𐌾𐌰𐌷 𐌸𐍉 𐍅𐌰𐌿𐍂𐌸𐌰𐌽𐍉𐌽𐌰, 𐍉𐌷𐍄𐌴𐌳𐌿𐌽 𐌰𐌱𐍂𐌰𐌱𐌰, 𐌵𐌹𐌸𐌰𐌽𐌳𐌰𐌽𐍃: 𐌱𐌹 𐍃𐌿𐌽𐌾𐌰𐌹 𐌲𐌿𐌳𐌹𐍃 𐍃𐌿𐌽𐌿𐍃 𐌹𐍃𐍄 𐍃𐌰.
okay	train_0392_d1	llm_diversify	2	nevertheless	sweþauh	𐍃𐍅𐌴𐌸𐌰𐌿𐌷	yes	0	swēþauh: admittedly, but, indeed	3	swau: is it in such a way that, is it thus that, so also	3	swah: and so, even so, so also	'Even the dust from your city that clings to us, we wipe off against you. Nevertheless know this, that the Kingdom of God has come near to you.'	jah stubju þana gahaftnandan unsis us þizai baurg izwarai ana fotuns unsarans afhrisjam izwis; sweþauh þata witeiþ þatei atnehvida sik ana izwis þiudangardi gudis.	𐌾𐌰𐌷 𐍃𐍄𐌿𐌱𐌾𐌿 𐌸𐌰𐌽𐌰 𐌲𐌰𐌷𐌰𐍆𐍄𐌽𐌰𐌽𐌳𐌰𐌽 𐌿𐌽𐍃𐌹𐍃 𐌿𐍃 𐌸𐌹𐌶𐌰𐌹 𐌱𐌰𐌿𐍂𐌲 𐌹𐌶𐍅𐌰𐍂𐌰𐌹 𐌰𐌽𐌰 𐍆𐍉𐍄𐌿𐌽𐍃 𐌿𐌽𐍃𐌰𐍂𐌰𐌽𐍃 𐌰𐍆𐌷𐍂𐌹𐍃𐌾𐌰𐌼 𐌹𐌶𐍅𐌹𐍃; 𐍃𐍅𐌴𐌸𐌰𐌿𐌷 𐌸𐌰𐍄𐌰 𐍅𐌹𐍄𐌴𐌹𐌸 𐌸𐌰𐍄𐌴𐌹 𐌰𐍄𐌽𐌴𐍈𐌹𐌳𐌰 𐍃𐌹𐌺 𐌰𐌽𐌰 𐌹𐌶𐍅𐌹𐍃 𐌸𐌹𐌿𐌳𐌰𐌽𐌲𐌰𐍂𐌳𐌹 𐌲𐌿𐌳𐌹𐍃.
okay	train_0634_d1	llm_diversify	2	neighboring	bisunjane	𐌱𐌹𐍃𐌿𐌽𐌾𐌰𐌽𐌴	yes	0	bisunjanē: in the hear (N.) of, neighbouring (Adv.), round about	3	birūnan: conspire, consult secretly about, plan together secretly, ta...	3	bisatjan: set around, surround (V.)	He said to them, "Let's go elsewhere into the next towns, that I may preach there also, because I came out for this reason."	jah qaþ du im: gaggam du þaim bisunjane haimom jah baurgim, ei jah jainar merjau, unte duþe qam.	𐌾𐌰𐌷 𐌵𐌰𐌸 𐌳𐌿 𐌹𐌼: 𐌲𐌰𐌲𐌲𐌰𐌼 𐌳𐌿 𐌸𐌰𐌹𐌼 𐌱𐌹𐍃𐌿𐌽𐌾𐌰𐌽𐌴 𐌷𐌰𐌹𐌼𐍉𐌼 𐌾𐌰𐌷 𐌱𐌰𐌿𐍂𐌲𐌹𐌼, 𐌴𐌹 𐌾𐌰𐌷 𐌾𐌰𐌹𐌽𐌰𐍂 𐌼𐌴𐍂𐌾𐌰𐌿, 𐌿𐌽𐍄𐌴 𐌳𐌿𐌸𐌴 𐌵𐌰𐌼.
okay	train_0944_d1	llm_diversify	2	no one	ni manna	𐌽𐌹 𐌼𐌰𐌽𐌽𐌰	yes	0	ni manna:	3	niman: accept (V.), get, pick up, receive, take away, take unto o. ...	3	manna: human being, man (M.), manna, name of m-rune, person	Jesus told it, "May no one ever eat fruit from you again!" and his disciples heard it.	jah usbairands qaþ du imma: ni þanaseiþs us þus aiw manna akran matjai. jah gahausidedun þai siponjos is.	𐌾𐌰𐌷 𐌿𐍃𐌱𐌰𐌹𐍂𐌰𐌽𐌳𐍃 𐌵𐌰𐌸 𐌳𐌿 𐌹𐌼𐌼𐌰: 𐌽𐌹 𐌸𐌰𐌽𐌰𐍃𐌴𐌹𐌸𐍃 𐌿𐍃 𐌸𐌿𐍃 𐌰𐌹𐍅 𐌼𐌰𐌽𐌽𐌰 𐌰𐌺𐍂𐌰𐌽 𐌼𐌰𐍄𐌾𐌰𐌹. 𐌾𐌰𐌷 𐌲𐌰𐌷𐌰𐌿𐍃𐌹𐌳𐌴𐌳𐌿𐌽 𐌸𐌰𐌹 𐍃𐌹𐍀𐍉𐌽𐌾𐍉𐍃 𐌹𐍃.
okay	train_1069_d0	llm_diversify	2	Truly	bi sunjai	𐌱𐌹 𐍃𐌿𐌽𐌾𐌰𐌹	yes	0	bi sunjai: in truth, truthful	3	bisunjanē: in the hear (N.) of, neighbouring (Adv.), round about	4	birūnan: conspire, consult secretly about, plan together secretly, ta...	When the centurion, who stood by opposite him, saw that he cried out like this and breathed his last, he said, "Truly this man was the Son of God!"	gasaihvands þan sa hundafaþs sa atstandands in andwairþja is þatei swa hropjands uzon, qaþ: bi sunjai, sa manna sa sunus was gudis.	𐌲𐌰𐍃𐌰𐌹𐍈𐌰𐌽𐌳𐍃 𐌸𐌰𐌽 𐍃𐌰 𐌷𐌿𐌽𐌳𐌰𐍆𐌰𐌸𐍃 𐍃𐌰 𐌰𐍄𐍃𐍄𐌰𐌽𐌳𐌰𐌽𐌳𐍃 𐌹𐌽 𐌰𐌽𐌳𐍅𐌰𐌹𐍂𐌸𐌾𐌰 𐌹𐍃 𐌸𐌰𐍄𐌴𐌹 𐍃𐍅𐌰 𐌷𐍂𐍉𐍀𐌾𐌰𐌽𐌳𐍃 𐌿𐌶𐍉𐌽, 𐌵𐌰𐌸: 𐌱𐌹 𐍃𐌿𐌽𐌾𐌰𐌹, 𐍃𐌰 𐌼𐌰𐌽𐌽𐌰 𐍃𐌰 𐍃𐌿𐌽𐌿𐍃 𐍅𐌰𐍃 𐌲𐌿𐌳𐌹𐍃.
okay	train_1069_d1	llm_diversify	2	Truly	bi sunjai	𐌱𐌹 𐍃𐌿𐌽𐌾𐌰𐌹	yes	0	bi sunjai: in truth, truthful	3	bisunjanē: in the hear (N.) of, neighbouring (Adv.), round about	4	birūnan: conspire, consult secretly about, plan together secretly, ta...	When the centurion, who stood by opposite him, saw that he cried out like this and breathed his last, he said, "Truly this man was the Son of God!"	gasaihvands þan sa hundafaþs sa atstandands in andwairþja is þatei swa hropjands uzon, qaþ: bi sunjai, sa manna sa sunus was gudis.	𐌲𐌰𐍃𐌰𐌹𐍈𐌰𐌽𐌳𐍃 𐌸𐌰𐌽 𐍃𐌰 𐌷𐌿𐌽𐌳𐌰𐍆𐌰𐌸𐍃 𐍃𐌰 𐌰𐍄𐍃𐍄𐌰𐌽𐌳𐌰𐌽𐌳𐍃 𐌹𐌽 𐌰𐌽𐌳𐍅𐌰𐌹𐍂𐌸𐌾𐌰 𐌹𐍃 𐌸𐌰𐍄𐌴𐌹 𐍃𐍅𐌰 𐌷𐍂𐍉𐍀𐌾𐌰𐌽𐌳𐍃 𐌿𐌶𐍉𐌽, 𐌵𐌰𐌸: 𐌱𐌹 𐍃𐌿𐌽𐌾𐌰𐌹, 𐍃𐌰 𐌼𐌰𐌽𐌽𐌰 𐍃𐌰 𐍃𐌿𐌽𐌿𐍃 𐍅𐌰𐍃 𐌲𐌿𐌳𐌹𐍃.
okay	train_1165_d0	llm_diversify	2	centurion	hundafaþs	𐌷𐌿𐌽𐌳𐌰𐍆𐌰𐌸𐍃	yes	0	hundafaþs: chief of a hundred-man military unit	4	þūsundifaþs: commander of a thousand men	4	hunslastaþs: altar, place for sacrifice	The centurion answered, "Lord, I'm not worthy for you to come under my roof. Just say the word, and my servant will be healed.	jah andhafjands sa hundafaþs qaþ: frauja, ni im wairþs ei uf hrot mein inngaggais, ak þatainei qiþ waurda jah gahailniþ sa þiumagus meins.	𐌾𐌰𐌷 𐌰𐌽𐌳𐌷𐌰𐍆𐌾𐌰𐌽𐌳𐍃 𐍃𐌰 𐌷𐌿𐌽𐌳𐌰𐍆𐌰𐌸𐍃 𐌵𐌰𐌸: 𐍆𐍂𐌰𐌿𐌾𐌰, 𐌽𐌹 𐌹𐌼 𐍅𐌰𐌹𐍂𐌸𐍃 𐌴𐌹 𐌿𐍆 𐌷𐍂𐍉𐍄 𐌼𐌴𐌹𐌽 𐌹𐌽𐌽𐌲𐌰𐌲𐌲𐌰𐌹𐍃, 𐌰𐌺 𐌸𐌰𐍄𐌰𐌹𐌽𐌴𐌹 𐌵𐌹𐌸 𐍅𐌰𐌿𐍂𐌳𐌰 𐌾𐌰𐌷 𐌲𐌰𐌷𐌰𐌹𐌻𐌽𐌹𐌸 𐍃𐌰 𐌸𐌹𐌿𐌼𐌰𐌲𐌿𐍃 𐌼𐌴𐌹𐌽𐍃.
okay	train_0049_d1	llm_diversify	2	brought forth	gabar	𐌲𐌰𐌱𐌰𐍂	yes	1	gabaúr: carousing (N.), contribution, festive banquet, merrymaking, ...	1	gaar: name of j-rune, year	2	afar: according to, after, following, in accordance with, in pursu...	Now the time that Elizabeth should give birth was fulfilled, and she brought forth a son.	iþ Aileisabaiþ usfullnoda mel du bairan jah gabar sunu.	𐌹𐌸 𐌰𐌹𐌻𐌴𐌹𐍃𐌰𐌱𐌰𐌹𐌸 𐌿𐍃𐍆𐌿𐌻𐌻𐌽𐍉𐌳𐌰 𐌼𐌴𐌻 𐌳𐌿 𐌱𐌰𐌹𐍂𐌰𐌽 𐌾𐌰𐌷 𐌲𐌰𐌱𐌰𐍂 𐍃𐌿𐌽𐌿.
okay	train_0111_d0	llm_diversify	2	came	warþ	𐍅𐌰𐍂𐌸	yes	1	wars: alert (Adj.), on guard, preventing (Adj.), wary	1	waírþ: conversion value, monetary equivalent, price (N.), worth (N....	1	arþ: domicile, residence	in the high priesthood of Annas and Caiaphas, the word of God came to John, the son of Zacharias, in the wilderness.	at auhmistam gudjam Annin jah Kajafin, warþ waurd gudis at Iohannen, Zaxariins sunau, in auþidai.	𐌰𐍄 𐌰𐌿𐌷𐌼𐌹𐍃𐍄𐌰𐌼 𐌲𐌿𐌳𐌾𐌰𐌼 𐌰𐌽𐌽𐌹𐌽 𐌾𐌰𐌷 𐌺𐌰𐌾𐌰𐍆𐌹𐌽, 𐍅𐌰𐍂𐌸 𐍅𐌰𐌿𐍂𐌳 𐌲𐌿𐌳𐌹𐍃 𐌰𐍄 𐌹𐍉𐌷𐌰𐌽𐌽𐌴𐌽, 𐌶𐌰𐍇𐌰𐍂𐌹𐌹𐌽𐍃 𐍃𐌿𐌽𐌰𐌿, 𐌹𐌽 𐌰𐌿𐌸𐌹𐌳𐌰𐌹.
okay	train_0117_d0	llm_diversify	2	repentance	idreigos	𐌹𐌳𐍂𐌴𐌹𐌲𐍉𐍃	yes	1	idreigōn: be contrite, reform one’s ways, regret (V.), repent (V.)	1	idreigs: remorseful	2	idreiga: contrition, remorse (N.), repentence	Bring forth therefore fruits worthy of repentance, and don't begin to say among yourselves, 'We have Abraham for our father;' for I tell you that God is able to raise up children to Abraham from these stones!	waurkjaiþ nu akran wairþata idreigos jah ni duginnaiþ qiþan in izwis: attan aigum Abraham; qiþa auk izwis þatei mag guþ us stainam þaim urraisjan barna Abrahama.	𐍅𐌰𐌿𐍂𐌺𐌾𐌰𐌹𐌸 𐌽𐌿 𐌰𐌺𐍂𐌰𐌽 𐍅𐌰𐌹𐍂𐌸𐌰𐍄𐌰 𐌹𐌳𐍂𐌴𐌹𐌲𐍉𐍃 𐌾𐌰𐌷 𐌽𐌹 𐌳𐌿𐌲𐌹𐌽𐌽𐌰𐌹𐌸 𐌵𐌹𐌸𐌰𐌽 𐌹𐌽 𐌹𐌶𐍅𐌹𐍃: 𐌰𐍄𐍄𐌰𐌽 𐌰𐌹𐌲𐌿𐌼 𐌰𐌱𐍂𐌰𐌷𐌰𐌼; 𐌵𐌹𐌸𐌰 𐌰𐌿𐌺 𐌹𐌶𐍅𐌹𐍃 𐌸𐌰𐍄𐌴𐌹 𐌼𐌰𐌲 𐌲𐌿𐌸 𐌿𐍃 𐍃𐍄𐌰𐌹𐌽𐌰𐌼 𐌸𐌰𐌹𐌼 𐌿𐍂𐍂𐌰𐌹𐍃𐌾𐌰𐌽 𐌱𐌰𐍂𐌽𐌰 𐌰𐌱𐍂𐌰𐌷𐌰𐌼𐌰.
okay	train_0158_d1	llm_diversify	2	yourself	silban	𐍃𐌹𐌻𐌱𐌰𐌽	yes	1	silan: be quiet	1	silba: self	2	saljan: be a guest of, lodge (V.) (intr.), make a tributary offering...	He said to them, "Doubtless you will tell me this parable, 'Physician, heal yourself! Whatever we have heard done at Capernaum, do also here in your hometown.'"	jah qaþ du im: aufto qiþiþ mis þo gajukon: þu leiki, hailei þuk silban; hvan filu hausidedum waurþan in Kafarnaum, tawei jah her in gabaurþai þeinai.	𐌾𐌰𐌷 𐌵𐌰𐌸 𐌳𐌿 𐌹𐌼: 𐌰𐌿𐍆𐍄𐍉 𐌵𐌹𐌸𐌹𐌸 𐌼𐌹𐍃 𐌸𐍉 𐌲𐌰𐌾𐌿𐌺𐍉𐌽: 𐌸𐌿 𐌻𐌴𐌹𐌺𐌹, 𐌷𐌰𐌹𐌻𐌴𐌹 𐌸𐌿𐌺 𐍃𐌹𐌻𐌱𐌰𐌽; 𐍈𐌰𐌽 𐍆𐌹𐌻𐌿 𐌷𐌰𐌿𐍃𐌹𐌳𐌴𐌳𐌿𐌼 𐍅𐌰𐌿𐍂𐌸𐌰𐌽 𐌹𐌽 𐌺𐌰𐍆𐌰𐍂𐌽𐌰𐌿𐌼, 𐍄𐌰𐍅𐌴𐌹 𐌾𐌰𐌷 𐌷𐌴𐍂 𐌹𐌽 𐌲𐌰𐌱𐌰𐌿𐍂𐌸𐌰𐌹 𐌸𐌴𐌹𐌽𐌰𐌹.
okay	train_0396_d0	llm_diversify	2	subject to	ufhausjand	𐌿𐍆𐌷𐌰𐌿𐍃𐌾𐌰𐌽𐌳	yes	1	ufhausjan: heed (V.), listen to submissively, obey	1	ufhausjands: obedient	3	ufdaupjan: baptize, dip (V.)	The seventy returned with joy, saying, "Lord, even the demons are subject to us in your name!"	gawandidedun þan sik þai sibuntehund miþ fahedai qiþandans: frauja, jah unhulþons ufhausjand unsis in namin þeinamma.	𐌲𐌰𐍅𐌰𐌽𐌳𐌹𐌳𐌴𐌳𐌿𐌽 𐌸𐌰𐌽 𐍃𐌹𐌺 𐌸𐌰𐌹 𐍃𐌹𐌱𐌿𐌽𐍄𐌴𐌷𐌿𐌽𐌳 𐌼𐌹𐌸 𐍆𐌰𐌷𐌴𐌳𐌰𐌹 𐌵𐌹𐌸𐌰𐌽𐌳𐌰𐌽𐍃: 𐍆𐍂𐌰𐌿𐌾𐌰, 𐌾𐌰𐌷 𐌿𐌽𐌷𐌿𐌻𐌸𐍉𐌽𐍃 𐌿𐍆𐌷𐌰𐌿𐍃𐌾𐌰𐌽𐌳 𐌿𐌽𐍃𐌹𐍃 𐌹𐌽 𐌽𐌰𐌼𐌹𐌽 𐌸𐌴𐌹𐌽𐌰𐌼𐌼𐌰.
okay	train_0595_d0	llm_diversify	2	whose	hvarjis	𐍈𐌰𐍂𐌾𐌹𐍃	no	1	harjis: armed host, army, host, legion	1	ƕarjis: which, who	2	hāhjis: hanging	Therefore in the resurrection whose wife of them will she be? For the seven had her as a wife."	in þizai usstassai nu, hvarjis þize wairþiþ qens? þai auk sibun aihtedun þo du qenai.	𐌹𐌽 𐌸𐌹𐌶𐌰𐌹 𐌿𐍃𐍃𐍄𐌰𐍃𐍃𐌰𐌹 𐌽𐌿, 𐍈𐌰𐍂𐌾𐌹𐍃 𐌸𐌹𐌶𐌴 𐍅𐌰𐌹𐍂𐌸𐌹𐌸 𐌵𐌴𐌽𐍃? 𐌸𐌰𐌹 𐌰𐌿𐌺 𐍃𐌹𐌱𐌿𐌽 𐌰𐌹𐌷𐍄𐌴𐌳𐌿𐌽 𐌸𐍉 𐌳𐌿 𐌵𐌴𐌽𐌰𐌹.
okay	train_0697_d1	llm_diversify	2	yielded	gaf	𐌲𐌰𐍆	yes	1	ga-: along with (Präf.), together (Präf.)	1	af: away from, by, by means of, from, of, since	2	a: a, abbreviation for 1	Others fell among the thorns, and the thorns grew up, and choked it, and it yielded no fruit.	jah sum gadraus in þaurnuns; jah ufarstigun þai þaurnjus jah afhvapidedun þata, jah akran ni gaf.	𐌾𐌰𐌷 𐍃𐌿𐌼 𐌲𐌰𐌳𐍂𐌰𐌿𐍃 𐌹𐌽 𐌸𐌰𐌿𐍂𐌽𐌿𐌽𐍃; 𐌾𐌰𐌷 𐌿𐍆𐌰𐍂𐍃𐍄𐌹𐌲𐌿𐌽 𐌸𐌰𐌹 𐌸𐌰𐌿𐍂𐌽𐌾𐌿𐍃 𐌾𐌰𐌷 𐌰𐍆𐍈𐌰𐍀𐌹𐌳𐌴𐌳𐌿𐌽 𐌸𐌰𐍄𐌰, 𐌾𐌰𐌷 𐌰𐌺𐍂𐌰𐌽 𐌽𐌹 𐌲𐌰𐍆.
okay	train_0735_d0	llm_diversify	2	pigs	sweina	𐍃𐍅𐌴𐌹𐌽𐌰	yes	1	swein: pig (N.), swine	1	sweins: piglike, porcine, sowlike, swinish	2	uswēna: callous, despairing, desponding, without expectations, witho...	All the demons begged him, saying, "Send us into the pigs, that we may enter into them."	jah bedun ina allos þos unhulþons qiþandeins: insandei unsis in þo sweina, ei in þo galeiþaima.	𐌾𐌰𐌷 𐌱𐌴𐌳𐌿𐌽 𐌹𐌽𐌰 𐌰𐌻𐌻𐍉𐍃 𐌸𐍉𐍃 𐌿𐌽𐌷𐌿𐌻𐌸𐍉𐌽𐍃 𐌵𐌹𐌸𐌰𐌽𐌳𐌴𐌹𐌽𐍃: 𐌹𐌽𐍃𐌰𐌽𐌳𐌴𐌹 𐌿𐌽𐍃𐌹𐍃 𐌹𐌽 𐌸𐍉 𐍃𐍅𐌴𐌹𐌽𐌰, 𐌴𐌹 𐌹𐌽 𐌸𐍉 𐌲𐌰𐌻𐌴𐌹𐌸𐌰𐌹𐌼𐌰.
okay	train_0737_d0	llm_diversify	2	pigs	sweina	𐍃𐍅𐌴𐌹𐌽𐌰	yes	1	swein: pig (N.), swine	1	sweins: piglike, porcine, sowlike, swinish	2	uswēna: callous, despairing, desponding, without expectations, witho...	Those who fed them fled, and told it in the city and in the country. The people came to see what it was that had happened.	jah þai haldandans þo sweina gaþlauhun jah gataihun in baurg jah in haimom, jah qemun saihvan hva wesi þata waurþano.	𐌾𐌰𐌷 𐌸𐌰𐌹 𐌷𐌰𐌻𐌳𐌰𐌽𐌳𐌰𐌽𐍃 𐌸𐍉 𐍃𐍅𐌴𐌹𐌽𐌰 𐌲𐌰𐌸𐌻𐌰𐌿𐌷𐌿𐌽 𐌾𐌰𐌷 𐌲𐌰𐍄𐌰𐌹𐌷𐌿𐌽 𐌹𐌽 𐌱𐌰𐌿𐍂𐌲 𐌾𐌰𐌷 𐌹𐌽 𐌷𐌰𐌹𐌼𐍉𐌼, 𐌾𐌰𐌷 𐌵𐌴𐌼𐌿𐌽 𐍃𐌰𐌹𐍈𐌰𐌽 𐍈𐌰 𐍅𐌴𐍃𐌹 𐌸𐌰𐍄𐌰 𐍅𐌰𐌿𐍂𐌸𐌰𐌽𐍉.
okay	train_0747_d0	llm_diversify	2	years	jera	𐌾𐌴𐍂𐌰	yes	1	fēra: adjacent section, collateral part, district bordering a sea,...	1	era: era, period of time	1	jēr: name of j-rune, year	A certain woman, who had an issue of blood for twelve years,	jah qinono suma wisandei in runa bloþis jera twalif	𐌾𐌰𐌷 𐌵𐌹𐌽𐍉𐌽𐍉 𐍃𐌿𐌼𐌰 𐍅𐌹𐍃𐌰𐌽𐌳𐌴𐌹 𐌹𐌽 𐍂𐌿𐌽𐌰 𐌱𐌻𐍉𐌸𐌹𐍃 𐌾𐌴𐍂𐌰 𐍄𐍅𐌰𐌻𐌹𐍆
okay	train_0763_o1	llm_original	2	know	funþi	𐍆𐌿𐌽𐌸𐌹	yes	1	kunþi: knowledge, thorough acquaintance	1	gunþi: fight (N.), struggle (N.)	2	ufkunþi: accurate understanding, knowledge, recognition	He strictly ordered them that no one should know this, and commanded that something should be given to her to eat.	jah anabauþ im filu ei manna ni funþi þata; jah haihait izai giban matjan.	𐌾𐌰𐌷 𐌰𐌽𐌰𐌱𐌰𐌿𐌸 𐌹𐌼 𐍆𐌹𐌻𐌿 𐌴𐌹 𐌼𐌰𐌽𐌽𐌰 𐌽𐌹 𐍆𐌿𐌽𐌸𐌹 𐌸𐌰𐍄𐌰; 𐌾𐌰𐌷 𐌷𐌰𐌹𐌷𐌰𐌹𐍄 𐌹𐌶𐌰𐌹 𐌲𐌹𐌱𐌰𐌽 𐌼𐌰𐍄𐌾𐌰𐌽.
okay	train_0892_d1	llm_diversify	2	lawful	skuldu	𐍃𐌺𐌿𐌻𐌳𐌿	yes	1	skuld: debt, permission	1	skuldō: debt	2	skulan: be indebted, be obliged, have to, must (V.), owe (V.), shall...	Pharisees came to him testing him, and asked him, "Is it lawful for a man to divorce his wife?"	jah duatgaggandans Fareisaieis frehun ina, skuldu sijai mann qen afsatjan, fraisandans ina.	𐌾𐌰𐌷 𐌳𐌿𐌰𐍄𐌲𐌰𐌲𐌲𐌰𐌽𐌳𐌰𐌽𐍃 𐍆𐌰𐍂𐌴𐌹𐍃𐌰𐌹𐌴𐌹𐍃 𐍆𐍂𐌴𐌷𐌿𐌽 𐌹𐌽𐌰, 𐍃𐌺𐌿𐌻𐌳𐌿 𐍃𐌹𐌾𐌰𐌹 𐌼𐌰𐌽𐌽 𐌵𐌴𐌽 𐌰𐍆𐍃𐌰𐍄𐌾𐌰𐌽, 𐍆𐍂𐌰𐌹𐍃𐌰𐌽𐌳𐌰𐌽𐍃 𐌹𐌽𐌰.
okay	train_0908_d1	llm_diversify	2	poor	þarbam	𐌸𐌰𐍂𐌱𐌰𐌼	yes	1	þarban: abstain, live in want	1	þarba: beggar (M.), necessity, need (N.), neediness, privation, wan...	2	þaúrban: have need, have to, must (V.), need (V.), need to	Jesus looking at him loved him, and said to him, "One thing you lack. Go, sell whatever you have, and give to the poor, and you will have treasure in heaven; and come, follow me, taking up the cross."	iþ Iesus insaihvands du imma frijoda ina jah qaþ du imma: ainis þus wan ist; gagg, swa filu swe habais frabugei jah gif þarbam, jah habais huzd in himinam; jah hiri laistjan mik nimands galgan.	𐌹𐌸 𐌹𐌴𐍃𐌿𐍃 𐌹𐌽𐍃𐌰𐌹𐍈𐌰𐌽𐌳𐍃 𐌳𐌿 𐌹𐌼𐌼𐌰 𐍆𐍂𐌹𐌾𐍉𐌳𐌰 𐌹𐌽𐌰 𐌾𐌰𐌷 𐌵𐌰𐌸 𐌳𐌿 𐌹𐌼𐌼𐌰: 𐌰𐌹𐌽𐌹𐍃 𐌸𐌿𐍃 𐍅𐌰𐌽 𐌹𐍃𐍄; 𐌲𐌰𐌲𐌲, 𐍃𐍅𐌰 𐍆𐌹𐌻𐌿 𐍃𐍅𐌴 𐌷𐌰𐌱𐌰𐌹𐍃 𐍆𐍂𐌰𐌱𐌿𐌲𐌴𐌹 𐌾𐌰𐌷 𐌲𐌹𐍆 𐌸𐌰𐍂𐌱𐌰𐌼, 𐌾𐌰𐌷 𐌷𐌰𐌱𐌰𐌹𐍃 𐌷𐌿𐌶𐌳 𐌹𐌽 𐌷𐌹𐌼𐌹𐌽𐌰𐌼; 𐌾𐌰𐌷 𐌷𐌹𐍂𐌹 𐌻𐌰𐌹𐍃𐍄𐌾𐌰𐌽 𐌼𐌹𐌺 𐌽𐌹𐌼𐌰𐌽𐌳𐍃 𐌲𐌰𐌻𐌲𐌰𐌽.
okay	train_0984_d0	llm_diversify	2	greatest	frumista	𐍆𐍂𐌿𐌼𐌹𐍃𐍄𐌰	yes	1	frumist: at first, before everything, first of all, firstly	1	frumisti: beginning (N.), outset, start (N.)	1	frumists: first, foremost, of first rank	Jesus answered, "The greatest is, 'Hear, Israel, the Lord our God, the Lord is one:	iþ Iesus andhof imma þatei frumista allaizo anabusns: hausei, Israel, frauja guþ unsar frauja ains ist.	𐌹𐌸 𐌹𐌴𐍃𐌿𐍃 𐌰𐌽𐌳𐌷𐍉𐍆 𐌹𐌼𐌼𐌰 𐌸𐌰𐍄𐌴𐌹 𐍆𐍂𐌿𐌼𐌹𐍃𐍄𐌰 𐌰𐌻𐌻𐌰𐌹𐌶𐍉 𐌰𐌽𐌰𐌱𐌿𐍃𐌽𐍃: 𐌷𐌰𐌿𐍃𐌴𐌹, 𐌹𐍃𐍂𐌰𐌴𐌻, 𐍆𐍂𐌰𐌿𐌾𐌰 𐌲𐌿𐌸 𐌿𐌽𐍃𐌰𐍂 𐍆𐍂𐌰𐌿𐌾𐌰 𐌰𐌹𐌽𐍃 𐌹𐍃𐍄.
okay	train_1182_d0	llm_diversify	2	pigs	sweine	𐍃𐍅𐌴𐌹𐌽𐌴	yes	1	swein: pig (N.), swine	1	sweins: piglike, porcine, sowlike, swinish	2	swēgns: happy, jubilant, merry	He said to them, "Go!" They came out, and went into the herd of pigs: and behold, the whole herd of pigs rushed down the cliff into the sea, and died in the water.	jah qaþ du im: gaggiþ! iþ eis usgaggandans galiþun in hairda sweine; jah sai, run gawaurhtedun sis alla so hairda and driuson in marein jah gadauþnodedun in watnam.	𐌾𐌰𐌷 𐌵𐌰𐌸 𐌳𐌿 𐌹𐌼: 𐌲𐌰𐌲𐌲𐌹𐌸! 𐌹𐌸 𐌴𐌹𐍃 𐌿𐍃𐌲𐌰𐌲𐌲𐌰𐌽𐌳𐌰𐌽𐍃 𐌲𐌰𐌻𐌹𐌸𐌿𐌽 𐌹𐌽 𐌷𐌰𐌹𐍂𐌳𐌰 𐍃𐍅𐌴𐌹𐌽𐌴; 𐌾𐌰𐌷 𐍃𐌰𐌹, 𐍂𐌿𐌽 𐌲𐌰𐍅𐌰𐌿𐍂𐌷𐍄𐌴𐌳𐌿𐌽 𐍃𐌹𐍃 𐌰𐌻𐌻𐌰 𐍃𐍉 𐌷𐌰𐌹𐍂𐌳𐌰 𐌰𐌽𐌳 𐌳𐍂𐌹𐌿𐍃𐍉𐌽 𐌹𐌽 𐌼𐌰𐍂𐌴𐌹𐌽 𐌾𐌰𐌷 𐌲𐌰𐌳𐌰𐌿𐌸𐌽𐍉𐌳𐌴𐌳𐌿𐌽 𐌹𐌽 𐍅𐌰𐍄𐌽𐌰𐌼.
okay	train_1278_d2	llm_diversify	2	stood	stoþ	𐍃𐍄𐍉𐌸	yes	1	stōþs: standing fast, standing steady	1	sōþ: satiation, satisfaction	2	stōma: assuredness, self-confidence, substance, sureness	Now Jesus stood before the governor: and the governor asked him, saying, "Are you the King of the Jews?" Jesus said to him, "So you say."	iþ Iesus stoþ faura kindina, jah frah ina sa kindins qiþands: þu is þiudans Iudaie? iþ Iesus qaþ du imma: þu qiþis.	𐌹𐌸 𐌹𐌴𐍃𐌿𐍃 𐍃𐍄𐍉𐌸 𐍆𐌰𐌿𐍂𐌰 𐌺𐌹𐌽𐌳𐌹𐌽𐌰, 𐌾𐌰𐌷 𐍆𐍂𐌰𐌷 𐌹𐌽𐌰 𐍃𐌰 𐌺𐌹𐌽𐌳𐌹𐌽𐍃 𐌵𐌹𐌸𐌰𐌽𐌳𐍃: 𐌸𐌿 𐌹𐍃 𐌸𐌹𐌿𐌳𐌰𐌽𐍃 𐌹𐌿𐌳𐌰𐌹𐌴? 𐌹𐌸 𐌹𐌴𐍃𐌿𐍃 𐌵𐌰𐌸 𐌳𐌿 𐌹𐌼𐌼𐌰: 𐌸𐌿 𐌵𐌹𐌸𐌹𐍃.
okay	train_0036_d1	llm_diversify	2	women	qinom	𐌵𐌹𐌽𐍉𐌼	yes	1	qinō: female (F.), woman	2	qainōn: bewail, lament (V.), mourn, mourn over, sorrow (V.), wail (V...	3	ains: a, alone, an, anyone, once (= ainamma sinþa), one, only, sin...	She called out with a loud voice, and said, "Blessed are you among women, and blessed is the fruit of your womb!	jah ufwopida stibnai mikilai jah qaþ: þiuþido þu in qinom, jah þiuþido akran qiþaus þeinis.	𐌾𐌰𐌷 𐌿𐍆𐍅𐍉𐍀𐌹𐌳𐌰 𐍃𐍄𐌹𐌱𐌽𐌰𐌹 𐌼𐌹𐌺𐌹𐌻𐌰𐌹 𐌾𐌰𐌷 𐌵𐌰𐌸: 𐌸𐌹𐌿𐌸𐌹𐌳𐍉 𐌸𐌿 𐌹𐌽 𐌵𐌹𐌽𐍉𐌼, 𐌾𐌰𐌷 𐌸𐌹𐌿𐌸𐌹𐌳𐍉 𐌰𐌺𐍂𐌰𐌽 𐌵𐌹𐌸𐌰𐌿𐍃 𐌸𐌴𐌹𐌽𐌹𐍃.
okay	train_0195_d0	llm_diversify	2	perceiving	ufkunnands	𐌿𐍆𐌺𐌿𐌽𐌽𐌰𐌽𐌳𐍃	yes	1	unkunnands: ignorant, unknowing	2	ufkunnan: come to know, determine, experience (V.), find out, get to k...	3	unwunands: discontent, unhappy, upset (Adj.)	But Jesus, perceiving their thoughts, answered them, "Why are you reasoning so in your hearts?	ufkunnands þan Iesus mitonins ize andhafjands qaþ du im: hva biþagkeiþ in hairtam izwaraim?	𐌿𐍆𐌺𐌿𐌽𐌽𐌰𐌽𐌳𐍃 𐌸𐌰𐌽 𐌹𐌴𐍃𐌿𐍃 𐌼𐌹𐍄𐍉𐌽𐌹𐌽𐍃 𐌹𐌶𐌴 𐌰𐌽𐌳𐌷𐌰𐍆𐌾𐌰𐌽𐌳𐍃 𐌵𐌰𐌸 𐌳𐌿 𐌹𐌼: 𐍈𐌰 𐌱𐌹𐌸𐌰𐌲𐌺𐌴𐌹𐌸 𐌹𐌽 𐌷𐌰𐌹𐍂𐍄𐌰𐌼 𐌹𐌶𐍅𐌰𐍂𐌰𐌹𐌼?
okay	train_0342_d1	llm_diversify	2	villages	haimos	𐌷𐌰𐌹𐌼𐍉𐍃	yes	1	haims: rural town, village	2	hams: clothing, covering (N.), hide (N.)	2	hamfs: club-handed, maimed, mutilated	The day began to wear away; and the twelve came, and said to him, "Send the multitude away, that they may go into the surrounding villages and farms, and lodge, and get food, for we are here in a deserted place."	þanuh dags juþan dugann hneiwan. atgaggandans þan du imma þai twalif qeþun du imma: fralet þo managein, ei galeiþandans in þos bisunjane haimos jah weihsa saljaina jah bugjaina sis matins, unte her in auþjamma stada sium.	𐌸𐌰𐌽𐌿𐌷 𐌳𐌰𐌲𐍃 𐌾𐌿𐌸𐌰𐌽 𐌳𐌿𐌲𐌰𐌽𐌽 𐌷𐌽𐌴𐌹𐍅𐌰𐌽. 𐌰𐍄𐌲𐌰𐌲𐌲𐌰𐌽𐌳𐌰𐌽𐍃 𐌸𐌰𐌽 𐌳𐌿 𐌹𐌼𐌼𐌰 𐌸𐌰𐌹 𐍄𐍅𐌰𐌻𐌹𐍆 𐌵𐌴𐌸𐌿𐌽 𐌳𐌿 𐌹𐌼𐌼𐌰: 𐍆𐍂𐌰𐌻𐌴𐍄 𐌸𐍉 𐌼𐌰𐌽𐌰𐌲𐌴𐌹𐌽, 𐌴𐌹 𐌲𐌰𐌻𐌴𐌹𐌸𐌰𐌽𐌳𐌰𐌽𐍃 𐌹𐌽 𐌸𐍉𐍃 𐌱𐌹𐍃𐌿𐌽𐌾𐌰𐌽𐌴 𐌷𐌰𐌹𐌼𐍉𐍃 𐌾𐌰𐌷 𐍅𐌴𐌹𐌷𐍃𐌰 𐍃𐌰𐌻𐌾𐌰𐌹𐌽𐌰 𐌾𐌰𐌷 𐌱𐌿𐌲𐌾𐌰𐌹𐌽𐌰 𐍃𐌹𐍃 𐌼𐌰𐍄𐌹𐌽𐍃, 𐌿𐌽𐍄𐌴 𐌷𐌴𐍂 𐌹𐌽 𐌰𐌿𐌸𐌾𐌰𐌼𐌼𐌰 𐍃𐍄𐌰𐌳𐌰 𐍃𐌹𐌿𐌼.
okay	train_0375_d0	llm_diversify	2	destroy	fraqimai	𐍆𐍂𐌰𐌵𐌹𐌼𐌰𐌹	yes	1	fraqiman: consume, exhaust (V.), expend, rise up, spend, use up	2	franiman: acquire, receive, take along, take possession of	2	fraqiþan: condemn, curse s.o., deprecate, speak ill of	When his disciples, James and John, saw this, they said, "Lord, do you want us to command fire to come down from the sky, and destroy them, just as Elijah did?"	gasaihvandans þan siponjos is Iakobus jah Iohannes qeþun: frauja, wileizu ei qiþaima, fon atgaggai us himina jah fraqimai im, swe jah Heleias gatawida?	𐌲𐌰𐍃𐌰𐌹𐍈𐌰𐌽𐌳𐌰𐌽𐍃 𐌸𐌰𐌽 𐍃𐌹𐍀𐍉𐌽𐌾𐍉𐍃 𐌹𐍃 𐌹𐌰𐌺𐍉𐌱𐌿𐍃 𐌾𐌰𐌷 𐌹𐍉𐌷𐌰𐌽𐌽𐌴𐍃 𐌵𐌴𐌸𐌿𐌽: 𐍆𐍂𐌰𐌿𐌾𐌰, 𐍅𐌹𐌻𐌴𐌹𐌶𐌿 𐌴𐌹 𐌵𐌹𐌸𐌰𐌹𐌼𐌰, 𐍆𐍉𐌽 𐌰𐍄𐌲𐌰𐌲𐌲𐌰𐌹 𐌿𐍃 𐌷𐌹𐌼𐌹𐌽𐌰 𐌾𐌰𐌷 𐍆𐍂𐌰𐌵𐌹𐌼𐌰𐌹 𐌹𐌼, 𐍃𐍅𐌴 𐌾𐌰𐌷 𐌷𐌴𐌻𐌴𐌹𐌰𐍃 𐌲𐌰𐍄𐌰𐍅𐌹𐌳𐌰?
okay	train_0444_d1	llm_diversify	2	feet	fotuns	𐍆𐍉𐍄𐌿𐌽𐍃	yes	1	fōtus: foot	2	funs: brave, hasty, hurried, ready	3	mōtan: be admitted, be permitted in, find admission	"But the father said to his servants, 'Bring out the best robe, and put it on him. Put a ring on his hand, and shoes on his feet.	qaþ þan sa atta du skalkam seinaim: sprauto bringiþ wastja þo frumiston jah gawasjiþ ina jah gibiþ figgragulþ in handu is jah gaskohi ana fotuns is;	𐌵𐌰𐌸 𐌸𐌰𐌽 𐍃𐌰 𐌰𐍄𐍄𐌰 𐌳𐌿 𐍃𐌺𐌰𐌻𐌺𐌰𐌼 𐍃𐌴𐌹𐌽𐌰𐌹𐌼: 𐍃𐍀𐍂𐌰𐌿𐍄𐍉 𐌱𐍂𐌹𐌽𐌲𐌹𐌸 𐍅𐌰𐍃𐍄𐌾𐌰 𐌸𐍉 𐍆𐍂𐌿𐌼𐌹𐍃𐍄𐍉𐌽 𐌾𐌰𐌷 𐌲𐌰𐍅𐌰𐍃𐌾𐌹𐌸 𐌹𐌽𐌰 𐌾𐌰𐌷 𐌲𐌹𐌱𐌹𐌸 𐍆𐌹𐌲𐌲𐍂𐌰𐌲𐌿𐌻𐌸 𐌹𐌽 𐌷𐌰𐌽𐌳𐌿 𐌹𐍃 𐌾𐌰𐌷 𐌲𐌰𐍃𐌺𐍉𐌷𐌹 𐌰𐌽𐌰 𐍆𐍉𐍄𐌿𐌽𐍃 𐌹𐍃;
okay	train_0461_d1	llm_diversify	2	abomination	andaset	𐌰𐌽𐌳𐌰𐍃𐌴𐍄	yes	1	andasēts: abhorrent, causing aversion, detestable, repugnant	2	andanēm: acceptance, intake, receiving (N.), taking (N.)	2	andabeit: castigation, censure (N.), rebuke (N.), reproach (N.)	He said to them, "You are those who justify yourselves in the sight of men, but God knows your hearts. For that which is exalted among men is an abomination in the sight of God.	jah qaþ du im: jus sijuþ juzei garaihtans domeiþ izwis silbans in andwairþja manne; iþ guþ kann hairtona izwara, unte þata hauho in mannam andaset in andwairþja gudis.	𐌾𐌰𐌷 𐌵𐌰𐌸 𐌳𐌿 𐌹𐌼: 𐌾𐌿𐍃 𐍃𐌹𐌾𐌿𐌸 𐌾𐌿𐌶𐌴𐌹 𐌲𐌰𐍂𐌰𐌹𐌷𐍄𐌰𐌽𐍃 𐌳𐍉𐌼𐌴𐌹𐌸 𐌹𐌶𐍅𐌹𐍃 𐍃𐌹𐌻𐌱𐌰𐌽𐍃 𐌹𐌽 𐌰𐌽𐌳𐍅𐌰𐌹𐍂𐌸𐌾𐌰 𐌼𐌰𐌽𐌽𐌴; 𐌹𐌸 𐌲𐌿𐌸 𐌺𐌰𐌽𐌽 𐌷𐌰𐌹𐍂𐍄𐍉𐌽𐌰 𐌹𐌶𐍅𐌰𐍂𐌰, 𐌿𐌽𐍄𐌴 𐌸𐌰𐍄𐌰 𐌷𐌰𐌿𐌷𐍉 𐌹𐌽 𐌼𐌰𐌽𐌽𐌰𐌼 𐌰𐌽𐌳𐌰𐍃𐌴𐍄 𐌹𐌽 𐌰𐌽𐌳𐍅𐌰𐌹𐍂𐌸𐌾𐌰 𐌲𐌿𐌳𐌹𐍃.
okay	train_0472_o0	llm_original	2	thank	þank	𐌸𐌰𐌽𐌺	yes	1	þan: and then, at that time, but, furthermore, moreover, now then...	2	ana: ancestor, at, during, for the sake of, in, into, on, on acco...	2	and: along, from one side to the other, on, on by, over, through,...	Does he thank that servant because he did the things that were commanded? I think not.	iba þank þu fairhaitis skalka jainamma, unte gatawida þatei anabudan was? ni man.	𐌹𐌱𐌰 𐌸𐌰𐌽𐌺 𐌸𐌿 𐍆𐌰𐌹𐍂𐌷𐌰𐌹𐍄𐌹𐍃 𐍃𐌺𐌰𐌻𐌺𐌰 𐌾𐌰𐌹𐌽𐌰𐌼𐌼𐌰, 𐌿𐌽𐍄𐌴 𐌲𐌰𐍄𐌰𐍅𐌹𐌳𐌰 𐌸𐌰𐍄𐌴𐌹 𐌰𐌽𐌰𐌱𐌿𐌳𐌰𐌽 𐍅𐌰𐍃? 𐌽𐌹 𐌼𐌰𐌽.
okay	train_0716_d1	llm_diversify	2	illustrate	gabairam	𐌲𐌰𐌱𐌰𐌹𐍂𐌰𐌼	yes	1	gabaíran: compare, give birth to, put side by side with, „bring togeth...	2	gataíran: demolish, destroy by rending, dismantle, make disintegrate, ...	2	gabaírgan: keep intact together, preserve together	He said, "How will we liken the Kingdom of God? Or with what parable will we illustrate it?	jah qaþ: hve galeikom þiudangardja gudis, aiþþau in hvileikai gajukon gabairam þo?	𐌾𐌰𐌷 𐌵𐌰𐌸: 𐍈𐌴 𐌲𐌰𐌻𐌴𐌹𐌺𐍉𐌼 𐌸𐌹𐌿𐌳𐌰𐌽𐌲𐌰𐍂𐌳𐌾𐌰 𐌲𐌿𐌳𐌹𐍃, 𐌰𐌹𐌸𐌸𐌰𐌿 𐌹𐌽 𐍈𐌹𐌻𐌴𐌹𐌺𐌰𐌹 𐌲𐌰𐌾𐌿𐌺𐍉𐌽 𐌲𐌰𐌱𐌰𐌹𐍂𐌰𐌼 𐌸𐍉?
okay	train_0745_d1	llm_diversify	2	make healthy	ganisai	𐌲𐌰𐌽𐌹𐍃𐌰𐌹	yes	1	ganisan: be healed, be preserved, be rescued, be saved, become saved,...	2	ganiman: acquire, conceive, learn, receive in recompense, take along,...	2	galisan: assemble (V.), bring together, collect (V.), gather together	and begged him much, saying, "My little daughter is at the point of death. Please come and lay your hands on her, that she may be made healthy, and live."	jah baþ ina filu, qiþands þatei dauhtar meina aftumist habaiþ, ei qimands lagjais ana þo handuns, ei ganisai jah libai.	𐌾𐌰𐌷 𐌱𐌰𐌸 𐌹𐌽𐌰 𐍆𐌹𐌻𐌿, 𐌵𐌹𐌸𐌰𐌽𐌳𐍃 𐌸𐌰𐍄𐌴𐌹 𐌳𐌰𐌿𐌷𐍄𐌰𐍂 𐌼𐌴𐌹𐌽𐌰 𐌰𐍆𐍄𐌿𐌼𐌹𐍃𐍄 𐌷𐌰𐌱𐌰𐌹𐌸, 𐌴𐌹 𐌵𐌹𐌼𐌰𐌽𐌳𐍃 𐌻𐌰𐌲𐌾𐌰𐌹𐍃 𐌰𐌽𐌰 𐌸𐍉 𐌷𐌰𐌽𐌳𐌿𐌽𐍃, 𐌴𐌹 𐌲𐌰𐌽𐌹𐍃𐌰𐌹 𐌾𐌰𐌷 𐌻𐌹𐌱𐌰𐌹.
okay	train_0765_d0	llm_diversify	2	mighty works	mahteis	𐌼𐌰𐌷𐍄𐌴𐌹𐍃	yes	1	mahteigs: able, capable, possible, power-holding, powerful	2	malteins: dissolution?, melting away	2	mahts: capability, might (N.), miracle, power (N.), strength	When the Sabbath had come, he began to teach in the synagogue, and many hearing him were astonished, saying, "Where did this man get these things?" and, "What is the wisdom that is given to this man, that such mighty works come about by his hands?	jah biþe warþ sabbato, dugann in swnagoge laisjan, jah managai hausjandans sildaleikidedun qiþandans: hvaþro þamma þata, jah hvo so handugeino so gibano imma, ei mahteis swaleikos þairh handuns is wairþand?	𐌾𐌰𐌷 𐌱𐌹𐌸𐌴 𐍅𐌰𐍂𐌸 𐍃𐌰𐌱𐌱𐌰𐍄𐍉, 𐌳𐌿𐌲𐌰𐌽𐌽 𐌹𐌽 𐍃𐍅𐌽𐌰𐌲𐍉𐌲𐌴 𐌻𐌰𐌹𐍃𐌾𐌰𐌽, 𐌾𐌰𐌷 𐌼𐌰𐌽𐌰𐌲𐌰𐌹 𐌷𐌰𐌿𐍃𐌾𐌰𐌽𐌳𐌰𐌽𐍃 𐍃𐌹𐌻𐌳𐌰𐌻𐌴𐌹𐌺𐌹𐌳𐌴𐌳𐌿𐌽 𐌵𐌹𐌸𐌰𐌽𐌳𐌰𐌽𐍃: 𐍈𐌰𐌸𐍂𐍉 𐌸𐌰𐌼𐌼𐌰 𐌸𐌰𐍄𐌰, 𐌾𐌰𐌷 𐍈𐍉 𐍃𐍉 𐌷𐌰𐌽𐌳𐌿𐌲𐌴𐌹𐌽𐍉 𐍃𐍉 𐌲𐌹𐌱𐌰𐌽𐍉 𐌹𐌼𐌼𐌰, 𐌴𐌹 𐌼𐌰𐌷𐍄𐌴𐌹𐍃 𐍃𐍅𐌰𐌻𐌴𐌹𐌺𐍉𐍃 𐌸𐌰𐌹𐍂𐌷 𐌷𐌰𐌽𐌳𐌿𐌽𐍃 𐌹𐍃 𐍅𐌰𐌹𐍂𐌸𐌰𐌽𐌳?
okay	train_0768_d1	llm_diversify	2	mighty work	mahte	𐌼𐌰𐌷𐍄𐌴	yes	1	mahts: capability, might (N.), miracle, power (N.), strength	2	sahts: confutation, disputed (Adj.), refutation	2	mait: cut (N.)	He could do no mighty work there, except that he laid his hands on a few sick people, and healed them.	jah ni mahta jainar ainohun mahte gataujan, niba fawaim siukaim handuns galagjands gahailida.	𐌾𐌰𐌷 𐌽𐌹 𐌼𐌰𐌷𐍄𐌰 𐌾𐌰𐌹𐌽𐌰𐍂 𐌰𐌹𐌽𐍉𐌷𐌿𐌽 𐌼𐌰𐌷𐍄𐌴 𐌲𐌰𐍄𐌰𐌿𐌾𐌰𐌽, 𐌽𐌹𐌱𐌰 𐍆𐌰𐍅𐌰𐌹𐌼 𐍃𐌹𐌿𐌺𐌰𐌹𐌼 𐌷𐌰𐌽𐌳𐌿𐌽𐍃 𐌲𐌰𐌻𐌰𐌲𐌾𐌰𐌽𐌳𐍃 𐌲𐌰𐌷𐌰𐌹𐌻𐌹𐌳𐌰.
okay	train_0796_d1	llm_diversify	2	cups	stikle	𐍃𐍄𐌹𐌺𐌻𐌴	yes	1	stikls: chalice, cusped beaker, pointed drinking horn	2	simlē: at one time, formerly, once	2	stiks: point (N.)	"For you set aside the commandment of God, and hold tightly to the tradition of men--the washing of pitchers and cups, and you do many other such things."	afletandans raihtis anabusn gudis habaiþ þatei anafulhun mannans, daupeinins aurkje jah stikle jah anþar galeik swaleikata manag taujiþ.	𐌰𐍆𐌻𐌴𐍄𐌰𐌽𐌳𐌰𐌽𐍃 𐍂𐌰𐌹𐌷𐍄𐌹𐍃 𐌰𐌽𐌰𐌱𐌿𐍃𐌽 𐌲𐌿𐌳𐌹𐍃 𐌷𐌰𐌱𐌰𐌹𐌸 𐌸𐌰𐍄𐌴𐌹 𐌰𐌽𐌰𐍆𐌿𐌻𐌷𐌿𐌽 𐌼𐌰𐌽𐌽𐌰𐌽𐍃, 𐌳𐌰𐌿𐍀𐌴𐌹𐌽𐌹𐌽𐍃 𐌰𐌿𐍂𐌺𐌾𐌴 𐌾𐌰𐌷 𐍃𐍄𐌹𐌺𐌻𐌴 𐌾𐌰𐌷 𐌰𐌽𐌸𐌰𐍂 𐌲𐌰𐌻𐌴𐌹𐌺 𐍃𐍅𐌰𐌻𐌴𐌹𐌺𐌰𐍄𐌰 𐌼𐌰𐌽𐌰𐌲 𐍄𐌰𐌿𐌾𐌹𐌸.
okay	train_0798_d0	llm_diversify	2	speaks	qiþai	𐌵𐌹𐌸𐌰𐌹	yes	1	qiþan: express (V.), give an opinion, say, speak, tell	2	niþan: bring into affinity, bring into kinship, help (V.), make kin...	2	qiman: arrive, come, get to; lat. venire	For Moses said, 'Honor your father and your mother;' and, 'He who speaks evil of father or mother, let him be put to death.'	Moses auk raihtis qaþ: swerai attan þeinana jah aiþein þeina; jah: saei ubil qiþai attin seinamma aiþþau aiþein seinai, dauþau afdauþjaidau.	𐌼𐍉𐍃𐌴𐍃 𐌰𐌿𐌺 𐍂𐌰𐌹𐌷𐍄𐌹𐍃 𐌵𐌰𐌸: 𐍃𐍅𐌴𐍂𐌰𐌹 𐌰𐍄𐍄𐌰𐌽 𐌸𐌴𐌹𐌽𐌰𐌽𐌰 𐌾𐌰𐌷 𐌰𐌹𐌸𐌴𐌹𐌽 𐌸𐌴𐌹𐌽𐌰; 𐌾𐌰𐌷: 𐍃𐌰𐌴𐌹 𐌿𐌱𐌹𐌻 𐌵𐌹𐌸𐌰𐌹 𐌰𐍄𐍄𐌹𐌽 𐍃𐌴𐌹𐌽𐌰𐌼𐌼𐌰 𐌰𐌹𐌸𐌸𐌰𐌿 𐌰𐌹𐌸𐌴𐌹𐌽 𐍃𐌴𐌹𐌽𐌰𐌹, 𐌳𐌰𐌿𐌸𐌰𐌿 𐌰𐍆𐌳𐌰𐌿𐌸𐌾𐌰𐌹𐌳𐌰𐌿.
okay	train_0813_d0	llm_diversify	2	dogs	hundos	𐌷𐌿𐌽𐌳𐍉𐍃	yes	1	hunds: dog	2	hūns: cub (N.), young bear	2	hunþs: captivity, capture (N.)	But she answered him, "Yes, Lord. Yet even the dogs under the table eat the children's crumbs."	iþ si andhof imma jah qaþ du imma: jai frauja; jah auk hundos undaro biuda matjand af drauhsnom barne.	𐌹𐌸 𐍃𐌹 𐌰𐌽𐌳𐌷𐍉𐍆 𐌹𐌼𐌼𐌰 𐌾𐌰𐌷 𐌵𐌰𐌸 𐌳𐌿 𐌹𐌼𐌼𐌰: 𐌾𐌰𐌹 𐍆𐍂𐌰𐌿𐌾𐌰; 𐌾𐌰𐌷 𐌰𐌿𐌺 𐌷𐌿𐌽𐌳𐍉𐍃 𐌿𐌽𐌳𐌰𐍂𐍉 𐌱𐌹𐌿𐌳𐌰 𐌼𐌰𐍄𐌾𐌰𐌽𐌳 𐌰𐍆 𐌳𐍂𐌰𐌿𐌷𐍃𐌽𐍉𐌼 𐌱𐌰𐍂𐌽𐌴.
okay	train_0843_d0	llm_diversify	2	villages	wehsa	𐍅𐌴𐌷𐍃𐌰	yes	1	weisa: manner (N.), way	2	wēns: expectation, hope (N.), hopeful anticipation	2	weihs: country precinct, hallow (Adj.), holy, rural area, rural ham...	Jesus went out, with his disciples, into the villages of Caesarea Philippi. On the way he asked his disciples, "Who do men say that I am?"	jah usiddja Iesus jah siponjos is in wehsa Kaisarias þizos Filippaus: jah ana wiga frah siponjans seinans qiþands du im: hvana mik qiþand mans wisan?	𐌾𐌰𐌷 𐌿𐍃𐌹𐌳𐌳𐌾𐌰 𐌹𐌴𐍃𐌿𐍃 𐌾𐌰𐌷 𐍃𐌹𐍀𐍉𐌽𐌾𐍉𐍃 𐌹𐍃 𐌹𐌽 𐍅𐌴𐌷𐍃𐌰 𐌺𐌰𐌹𐍃𐌰𐍂𐌹𐌰𐍃 𐌸𐌹𐌶𐍉𐍃 𐍆𐌹𐌻𐌹𐍀𐍀𐌰𐌿𐍃: 𐌾𐌰𐌷 𐌰𐌽𐌰 𐍅𐌹𐌲𐌰 𐍆𐍂𐌰𐌷 𐍃𐌹𐍀𐍉𐌽𐌾𐌰𐌽𐍃 𐍃𐌴𐌹𐌽𐌰𐌽𐍃 𐌵𐌹𐌸𐌰𐌽𐌳𐍃 𐌳𐌿 𐌹𐌼: 𐍈𐌰𐌽𐌰 𐌼𐌹𐌺 𐌵𐌹𐌸𐌰𐌽𐌳 𐌼𐌰𐌽𐍃 𐍅𐌹𐍃𐌰𐌽?
okay	train_0846_d0	llm_diversify	2	began	dugann	𐌳𐌿𐌲𐌰𐌽𐌽	yes	1	dugan: be beneficial, be good, be of value, be suitable, be useful,...	2	digan: form out of clay, knead, mold	2	digans: earthen	He spoke to them openly. Peter took him, and began to rebuke him.	jah swikunþaba þata waurd rodida; jah aftiuhands ina Paitrus dugann andbeitan ina;	𐌾𐌰𐌷 𐍃𐍅𐌹𐌺𐌿𐌽𐌸𐌰𐌱𐌰 𐌸𐌰𐍄𐌰 𐍅𐌰𐌿𐍂𐌳 𐍂𐍉𐌳𐌹𐌳𐌰; 𐌾𐌰𐌷 𐌰𐍆𐍄𐌹𐌿𐌷𐌰𐌽𐌳𐍃 𐌹𐌽𐌰 𐍀𐌰𐌹𐍄𐍂𐌿𐍃 𐌳𐌿𐌲𐌰𐌽𐌽 𐌰𐌽𐌳𐌱𐌴𐌹𐍄𐌰𐌽 𐌹𐌽𐌰;
okay	train_0847_d0	llm_diversify	2	wants	wili	𐍅𐌹𐌻𐌹	yes	1	witi: knowledge	2	wilja: aim (N.), desire (N.), intention, will (N.), willingness, wi...	2	filu: copious amount, copiously, much, very (Adv.)	He called the multitude to himself with his disciples, and said to them, "Whoever wants to come after me, let him deny himself, and take up his cross, and follow me.	jah athaitands þo managein miþ siponjam seinaim qaþ du im: saei wili afar mis laistjan, inwidai sik silban jah nimai galgan seinana jah laistjai mik.	𐌾𐌰𐌷 𐌰𐍄𐌷𐌰𐌹𐍄𐌰𐌽𐌳𐍃 𐌸𐍉 𐌼𐌰𐌽𐌰𐌲𐌴𐌹𐌽 𐌼𐌹𐌸 𐍃𐌹𐍀𐍉𐌽𐌾𐌰𐌼 𐍃𐌴𐌹𐌽𐌰𐌹𐌼 𐌵𐌰𐌸 𐌳𐌿 𐌹𐌼: 𐍃𐌰𐌴𐌹 𐍅𐌹𐌻𐌹 𐌰𐍆𐌰𐍂 𐌼𐌹𐍃 𐌻𐌰𐌹𐍃𐍄𐌾𐌰𐌽, 𐌹𐌽𐍅𐌹𐌳𐌰𐌹 𐍃𐌹𐌺 𐍃𐌹𐌻𐌱𐌰𐌽 𐌾𐌰𐌷 𐌽𐌹𐌼𐌰𐌹 𐌲𐌰𐌻𐌲𐌰𐌽 𐍃𐌴𐌹𐌽𐌰𐌽𐌰 𐌾𐌰𐌷 𐌻𐌰𐌹𐍃𐍄𐌾𐌰𐌹 𐌼𐌹𐌺.
okay	train_0878_d1	llm_diversify	2	sat down	sitands	𐍃𐌹𐍄𐌰𐌽𐌳𐍃	yes	1	witands: knowing	2	stalds: acquiring (Adj.), having (Adj.)	2	sitan: be seated, be sitting, sit (V.)	He sat down, and called the twelve; and he said to them, "If any man wants to be first, he shall be last of all, and servant of all."	jah sitands atwopida þans twalif jah qaþ du im: jabai hvas wili frumists wisan, sijai allaize aftumists jah allaim andbahts.	𐌾𐌰𐌷 𐍃𐌹𐍄𐌰𐌽𐌳𐍃 𐌰𐍄𐍅𐍉𐍀𐌹𐌳𐌰 𐌸𐌰𐌽𐍃 𐍄𐍅𐌰𐌻𐌹𐍆 𐌾𐌰𐌷 𐌵𐌰𐌸 𐌳𐌿 𐌹𐌼: 𐌾𐌰𐌱𐌰𐌹 𐍈𐌰𐍃 𐍅𐌹𐌻𐌹 𐍆𐍂𐌿𐌼𐌹𐍃𐍄𐍃 𐍅𐌹𐍃𐌰𐌽, 𐍃𐌹𐌾𐌰𐌹 𐌰𐌻𐌻𐌰𐌹𐌶𐌴 𐌰𐍆𐍄𐌿𐌼𐌹𐍃𐍄𐍃 𐌾𐌰𐌷 𐌰𐌻𐌻𐌰𐌹𐌼 𐌰𐌽𐌳𐌱𐌰𐌷𐍄𐍃.
okay	train_0887_d0	llm_diversify	2	Gehenna	gaiainnan	𐌲𐌰𐌹𐌰𐌹𐌽𐌽𐌰𐌽	yes	1	gaíaínna: hell (N.)	2	gamainjan: be a partner in, be a partner with, debase, defile, demean, ...	2	gahailnan: be healed, be restored to health, become healed, become rest...	If your eye causes you to stumble, cast it out. It is better for you to enter into the Kingdom of God with one eye, rather than having two eyes to be cast into the Gehenna of fire,	jah jabai augo þein marzjai þuk, uswairp imma; goþ þus ist haihamma galeiþan in þiudangardja gudis, þau twa augona habandin atwairpan in gaiainnan funins,	𐌾𐌰𐌷 𐌾𐌰𐌱𐌰𐌹 𐌰𐌿𐌲𐍉 𐌸𐌴𐌹𐌽 𐌼𐌰𐍂𐌶𐌾𐌰𐌹 𐌸𐌿𐌺, 𐌿𐍃𐍅𐌰𐌹𐍂𐍀 𐌹𐌼𐌼𐌰; 𐌲𐍉𐌸 𐌸𐌿𐍃 𐌹𐍃𐍄 𐌷𐌰𐌹𐌷𐌰𐌼𐌼𐌰 𐌲𐌰𐌻𐌴𐌹𐌸𐌰𐌽 𐌹𐌽 𐌸𐌹𐌿𐌳𐌰𐌽𐌲𐌰𐍂𐌳𐌾𐌰 𐌲𐌿𐌳𐌹𐍃, 𐌸𐌰𐌿 𐍄𐍅𐌰 𐌰𐌿𐌲𐍉𐌽𐌰 𐌷𐌰𐌱𐌰𐌽𐌳𐌹𐌽 𐌰𐍄𐍅𐌰𐌹𐍂𐍀𐌰𐌽 𐌹𐌽 𐌲𐌰𐌹𐌰𐌹𐌽𐌽𐌰𐌽 𐍆𐌿𐌽𐌹𐌽𐍃,
okay	train_0910_d0	llm_diversify	2	enter	galeiþand	𐌲𐌰𐌻𐌴𐌹𐌸𐌰𐌽𐌳	yes	1	galeiþan: come, depart from, go away, go forth, set out for	2	galeikan: please (V.)	3	bileiþan: abandon (V.), leave behind, relinquish	Jesus looked around, and said to his disciples, "How difficult it is for those who have riches to enter into the Kingdom of God!"	jah bisaihvands Iesus qaþ siponjam seinaim: sai, hvaiwa agluba þai faiho gahabandans in þiudangardja gudis galeiþand.	𐌾𐌰𐌷 𐌱𐌹𐍃𐌰𐌹𐍈𐌰𐌽𐌳𐍃 𐌹𐌴𐍃𐌿𐍃 𐌵𐌰𐌸 𐍃𐌹𐍀𐍉𐌽𐌾𐌰𐌼 𐍃𐌴𐌹𐌽𐌰𐌹𐌼: 𐍃𐌰𐌹, 𐍈𐌰𐌹𐍅𐌰 𐌰𐌲𐌻𐌿𐌱𐌰 𐌸𐌰𐌹 𐍆𐌰𐌹𐌷𐍉 𐌲𐌰𐌷𐌰𐌱𐌰𐌽𐌳𐌰𐌽𐍃 𐌹𐌽 𐌸𐌹𐌿𐌳𐌰𐌽𐌲𐌰𐍂𐌳𐌾𐌰 𐌲𐌿𐌳𐌹𐍃 𐌲𐌰𐌻𐌴𐌹𐌸𐌰𐌽𐌳.
okay	train_0952_d1	llm_diversify	2	believes	galaubjai	𐌲𐌰𐌻𐌰𐌿𐌱𐌾𐌰𐌹	yes	1	galaubjan: be confident of, believe, have confidence in, have faith in,...	2	gadaubjan: be numb, deaden, harden (V.), make insensitive	2	galausjan: extract (V.), liberate, loose (V.), loosen (V.), release (V....	For most certainly I tell you, whoever may tell this mountain, 'Be taken up and cast into the sea,' and doesn't doubt in his heart, but believes that what he says is happening; he shall have whatever he says.	amen auk qiþa izwis, þishvazuh ei qiþai du þamma fairgunja: ushafei þuk jah wairp þus in marein, jah ni tuzwerjai in hairtin seinamma, ak galaubjai þata, ei þatei qiþiþ gagaggiþ, wairþiþ imma þishvah þei qiþiþ.	𐌰𐌼𐌴𐌽 𐌰𐌿𐌺 𐌵𐌹𐌸𐌰 𐌹𐌶𐍅𐌹𐍃, 𐌸𐌹𐍃𐍈𐌰𐌶𐌿𐌷 𐌴𐌹 𐌵𐌹𐌸𐌰𐌹 𐌳𐌿 𐌸𐌰𐌼𐌼𐌰 𐍆𐌰𐌹𐍂𐌲𐌿𐌽𐌾𐌰: 𐌿𐍃𐌷𐌰𐍆𐌴𐌹 𐌸𐌿𐌺 𐌾𐌰𐌷 𐍅𐌰𐌹𐍂𐍀 𐌸𐌿𐍃 𐌹𐌽 𐌼𐌰𐍂𐌴𐌹𐌽, 𐌾𐌰𐌷 𐌽𐌹 𐍄𐌿𐌶𐍅𐌴𐍂𐌾𐌰𐌹 𐌹𐌽 𐌷𐌰𐌹𐍂𐍄𐌹𐌽 𐍃𐌴𐌹𐌽𐌰𐌼𐌼𐌰, 𐌰𐌺 𐌲𐌰𐌻𐌰𐌿𐌱𐌾𐌰𐌹 𐌸𐌰𐍄𐌰, 𐌴𐌹 𐌸𐌰𐍄𐌴𐌹 𐌵𐌹𐌸𐌹𐌸 𐌲𐌰𐌲𐌰𐌲𐌲𐌹𐌸, 𐍅𐌰𐌹𐍂𐌸𐌹𐌸 𐌹𐌼𐌼𐌰 𐌸𐌹𐍃𐍈𐌰𐌷 𐌸𐌴𐌹 𐌵𐌹𐌸𐌹𐌸.
okay	train_1128_d0	llm_diversify	2	men	mannam	𐌼𐌰𐌽𐌽𐌰𐌼	yes	1	manna: human being, man (M.), manna, name of m-rune, person	2	kanna: generation, race (N.)	3	magan: be able, be powerful, can (V.), have the ability	"For if you forgive men their trespasses, your heavenly Father will also forgive you.	unte jabai afletiþ mannam missadedins ize, afletiþ jah izwis atta izwar sa ufar himinam.	𐌿𐌽𐍄𐌴 𐌾𐌰𐌱𐌰𐌹 𐌰𐍆𐌻𐌴𐍄𐌹𐌸 𐌼𐌰𐌽𐌽𐌰𐌼 𐌼𐌹𐍃𐍃𐌰𐌳𐌴𐌳𐌹𐌽𐍃 𐌹𐌶𐌴, 𐌰𐍆𐌻𐌴𐍄𐌹𐌸 𐌾𐌰𐌷 𐌹𐌶𐍅𐌹𐍃 𐌰𐍄𐍄𐌰 𐌹𐌶𐍅𐌰𐍂 𐍃𐌰 𐌿𐍆𐌰𐍂 𐌷𐌹𐌼𐌹𐌽𐌰𐌼.
okay	train_1178_d0	llm_diversify	2	dying	fraqistnam	𐍆𐍂𐌰𐌵𐌹𐍃𐍄𐌽𐌰𐌼	yes	1	fraqistnan: be utterly destroyed, become utterly destroyed, perish (V.)	2	fraqistjan: annihilate, destroy utterly, obliterate	3	fraista: temptation	They came to him, and woke him up, saying, "Save us, Lord! We are dying!"	jah duatgaggandans siponjos is urraisidedun ina qiþandans: frauja, nasei unsis, fraqistnam.	𐌾𐌰𐌷 𐌳𐌿𐌰𐍄𐌲𐌰𐌲𐌲𐌰𐌽𐌳𐌰𐌽𐍃 𐍃𐌹𐍀𐍉𐌽𐌾𐍉𐍃 𐌹𐍃 𐌿𐍂𐍂𐌰𐌹𐍃𐌹𐌳𐌴𐌳𐌿𐌽 𐌹𐌽𐌰 𐌵𐌹𐌸𐌰𐌽𐌳𐌰𐌽𐍃: 𐍆𐍂𐌰𐌿𐌾𐌰, 𐌽𐌰𐍃𐌴𐌹 𐌿𐌽𐍃𐌹𐍃, 𐍆𐍂𐌰𐌵𐌹𐍃𐍄𐌽𐌰𐌼.
okay	train_1282_d0	llm_diversify	2	wants	wili	𐍅𐌹𐌻𐌹	yes	1	witi: knowledge	2	wilja: aim (N.), desire (N.), intention, will (N.), willingness, wi...	2	filu: copious amount, copiously, much, very (Adv.)	He trusts in God. Let God deliver him now, if he wants him; for he said, 'I am the Son of God.'"	trauaida du guda; lausjadau nu ina, jabai wili ina; qaþ auk þatei gudis im sunus.	𐍄𐍂𐌰𐌿𐌰𐌹𐌳𐌰 𐌳𐌿 𐌲𐌿𐌳𐌰; 𐌻𐌰𐌿𐍃𐌾𐌰𐌳𐌰𐌿 𐌽𐌿 𐌹𐌽𐌰, 𐌾𐌰𐌱𐌰𐌹 𐍅𐌹𐌻𐌹 𐌹𐌽𐌰; 𐌵𐌰𐌸 𐌰𐌿𐌺 𐌸𐌰𐍄𐌴𐌹 𐌲𐌿𐌳𐌹𐍃 𐌹𐌼 𐍃𐌿𐌽𐌿𐍃.
okay	train_0125_d0	llm_diversify	2	reproved	gasakans	𐌲𐌰𐍃𐌰𐌺𐌰𐌽𐍃	yes	1	gasakan: confute (V.), rebuke (V.), refute (V.), reprove, scold (V.)	3	gabáuan: lodge (V.), make a home, reside, take up residence	3	gasitan: sit down, take a seat	but Herod the tetrarch, being reproved by him for Herodias, his brother's wife, and for all the evil things which Herod had done,	iþ Herodes sa taitrarkes gasakans fram imma bi Herodiadein, qen broþrs is, jah bi alla þoei gawaurhta ubila Herodes.	𐌹𐌸 𐌷𐌴𐍂𐍉𐌳𐌴𐍃 𐍃𐌰 𐍄𐌰𐌹𐍄𐍂𐌰𐍂𐌺𐌴𐍃 𐌲𐌰𐍃𐌰𐌺𐌰𐌽𐍃 𐍆𐍂𐌰𐌼 𐌹𐌼𐌼𐌰 𐌱𐌹 𐌷𐌴𐍂𐍉𐌳𐌹𐌰𐌳𐌴𐌹𐌽, 𐌵𐌴𐌽 𐌱𐍂𐍉𐌸𐍂𐍃 𐌹𐍃, 𐌾𐌰𐌷 𐌱𐌹 𐌰𐌻𐌻𐌰 𐌸𐍉𐌴𐌹 𐌲𐌰𐍅𐌰𐌿𐍂𐌷𐍄𐌰 𐌿𐌱𐌹𐌻𐌰 𐌷𐌴𐍂𐍉𐌳𐌴𐍃.
okay	train_0450_d0	llm_diversify	2	prostitutes	kalkjom	𐌺𐌰𐌻𐌺𐌾𐍉𐌼	yes	1	kalkjō: harlot, prostitute (F.), whore (F.)	3	alakjō: all, all inclusively, all together, to a man	3	sakjō: argument (N.), disputation, dispute (N.), quarrel (N.)	But when this, your son, came, who has devoured your living with prostitutes, you killed the fattened calf for him.'	iþ þan sa sunus þeins, saei fret þein swes miþ kalkjom, qam, ufsnaist imma stiur þana alidan.	𐌹𐌸 𐌸𐌰𐌽 𐍃𐌰 𐍃𐌿𐌽𐌿𐍃 𐌸𐌴𐌹𐌽𐍃, 𐍃𐌰𐌴𐌹 𐍆𐍂𐌴𐍄 𐌸𐌴𐌹𐌽 𐍃𐍅𐌴𐍃 𐌼𐌹𐌸 𐌺𐌰𐌻𐌺𐌾𐍉𐌼, 𐌵𐌰𐌼, 𐌿𐍆𐍃𐌽𐌰𐌹𐍃𐍄 𐌹𐌼𐌼𐌰 𐍃𐍄𐌹𐌿𐍂 𐌸𐌰𐌽𐌰 𐌰𐌻𐌹𐌳𐌰𐌽.
okay	train_0825_d0	llm_diversify	2	deserted place	auþidai	𐌰𐌿𐌸𐌹𐌳𐌰𐌹	yes	1	auþida: desert (N.), wasteland, wilderness	3	alþiza: elder	4	usbidan: make a prayerful wish for, wish prayerfully	His disciples answered him, "From where could one satisfy these people with bread here in a deserted place?"	jah andhofun imma siponjos is: hvaþro þans mag hvas gasoþjan hlaibam ana auþidai?	𐌾𐌰𐌷 𐌰𐌽𐌳𐌷𐍉𐍆𐌿𐌽 𐌹𐌼𐌼𐌰 𐍃𐌹𐍀𐍉𐌽𐌾𐍉𐍃 𐌹𐍃: 𐍈𐌰𐌸𐍂𐍉 𐌸𐌰𐌽𐍃 𐌼𐌰𐌲 𐍈𐌰𐍃 𐌲𐌰𐍃𐍉𐌸𐌾𐌰𐌽 𐌷𐌻𐌰𐌹𐌱𐌰𐌼 𐌰𐌽𐌰 𐌰𐌿𐌸𐌹𐌳𐌰𐌹?
okay	train_0482_d0	llm_diversify	2	Pharisees	Fareisaium	𐍆𐌰𐍂𐌴𐌹𐍃𐌰𐌹𐌿𐌼	no	1	Fareisaius: pharisee	4	Kwreinaius: cyrenish, inhabitant of Cyrene	4	marisaiws: lake, sea	Being asked by the Pharisees when the Kingdom of God would come, he answered them, "The Kingdom of God doesn't come with observation;	fraihans þan fram Fareisaium: hvan qimiþ þiudangardi gudis? andhof im jah qaþ: ni qimiþ þiudangardi gudis miþ atwitainai;	𐍆𐍂𐌰𐌹𐌷𐌰𐌽𐍃 𐌸𐌰𐌽 𐍆𐍂𐌰𐌼 𐍆𐌰𐍂𐌴𐌹𐍃𐌰𐌹𐌿𐌼: 𐍈𐌰𐌽 𐌵𐌹𐌼𐌹𐌸 𐌸𐌹𐌿𐌳𐌰𐌽𐌲𐌰𐍂𐌳𐌹 𐌲𐌿𐌳𐌹𐍃? 𐌰𐌽𐌳𐌷𐍉𐍆 𐌹𐌼 𐌾𐌰𐌷 𐌵𐌰𐌸: 𐌽𐌹 𐌵𐌹𐌼𐌹𐌸 𐌸𐌹𐌿𐌳𐌰𐌽𐌲𐌰𐍂𐌳𐌹 𐌲𐌿𐌳𐌹𐍃 𐌼𐌹𐌸 𐌰𐍄𐍅𐌹𐍄𐌰𐌹𐌽𐌰𐌹;
okay	train_0469_d0	llm_diversify	2	times	sinþam	𐍃𐌹𐌽𐌸𐌰𐌼	yes	1	sinþan: travel (V.)	2	hinþan: catch (V.)	2	finþan: discover, find out, learn, obtain knowledge of, recognize	If he sins against you seven times in the day, and seven times returns, saying, 'I repent,' you shall forgive him."	jah jabai sibun sinþam ana dag frawaurkjai du þus, jah sibun sinþam ana dag gawandjai sik qiþands: idreigo mik, fraletais imma.	𐌾𐌰𐌷 𐌾𐌰𐌱𐌰𐌹 𐍃𐌹𐌱𐌿𐌽 𐍃𐌹𐌽𐌸𐌰𐌼 𐌰𐌽𐌰 𐌳𐌰𐌲 𐍆𐍂𐌰𐍅𐌰𐌿𐍂𐌺𐌾𐌰𐌹 𐌳𐌿 𐌸𐌿𐍃, 𐌾𐌰𐌷 𐍃𐌹𐌱𐌿𐌽 𐍃𐌹𐌽𐌸𐌰𐌼 𐌰𐌽𐌰 𐌳𐌰𐌲 𐌲𐌰𐍅𐌰𐌽𐌳𐌾𐌰𐌹 𐍃𐌹𐌺 𐌵𐌹𐌸𐌰𐌽𐌳𐍃: 𐌹𐌳𐍂𐌴𐌹𐌲𐍉 𐌼𐌹𐌺, 𐍆𐍂𐌰𐌻𐌴𐍄𐌰𐌹𐍃 𐌹𐌼𐌼𐌰.
okay	train_0975_d3	llm_diversify	2	left	bilaiþ	𐌱𐌹𐌻𐌰𐌹𐌸	yes	1	bilaif: remains (N.), surviving remnant, what remains behind	2	bifaih: exaction, self-enrichment at others expense	2	bimait: circumcision	There were seven brothers. The first took a wife, and dying left no offspring.	sibun broþrahans wesun; jah sa frumista nam qen jah gaswiltands ni bilaiþ fraiwa.	𐍃𐌹𐌱𐌿𐌽 𐌱𐍂𐍉𐌸𐍂𐌰𐌷𐌰𐌽𐍃 𐍅𐌴𐍃𐌿𐌽; 𐌾𐌰𐌷 𐍃𐌰 𐍆𐍂𐌿𐌼𐌹𐍃𐍄𐌰 𐌽𐌰𐌼 𐌵𐌴𐌽 𐌾𐌰𐌷 𐌲𐌰𐍃𐍅𐌹𐌻𐍄𐌰𐌽𐌳𐍃 𐌽𐌹 𐌱𐌹𐌻𐌰𐌹𐌸 𐍆𐍂𐌰𐌹𐍅𐌰.
okay	train_0034_d0	llm_diversify	2	entered	galaiþ	𐌲𐌰𐌻𐌰𐌹𐌸	yes	2	garaiþs: arranged, authoritatively ordered, commanded, officially det...	2	galan: call out, sing out	2	gamaiþs: crippled, deformed, disfigured, misshapen, mutilated, oppres...	and entered into the house of Zacharias and greeted Elizabeth.	jah galaiþ in gard Zakariins jah golida Aileisabaiþ.	𐌾𐌰𐌷 𐌲𐌰𐌻𐌰𐌹𐌸 𐌹𐌽 𐌲𐌰𐍂𐌳 𐌶𐌰𐌺𐌰𐍂𐌹𐌹𐌽𐍃 𐌾𐌰𐌷 𐌲𐍉𐌻𐌹𐌳𐌰 𐌰𐌹𐌻𐌴𐌹𐍃𐌰𐌱𐌰𐌹𐌸.
okay	train_0062_d0	llm_diversify	2	swore	swor	𐍃𐍅𐍉𐍂	yes	2	swau: is it in such a way that, is it thus that, so also	2	swē: about, approximately, as, as if, in like manner as, just as,...	2	swah: and so, even so, so also	the oath which he spoke to Abraham, our father,	aiþis þanei swor wiþra Abraham attan unsarana, ei gebi unsis	𐌰𐌹𐌸𐌹𐍃 𐌸𐌰𐌽𐌴𐌹 𐍃𐍅𐍉𐍂 𐍅𐌹𐌸𐍂𐌰 𐌰𐌱𐍂𐌰𐌷𐌰𐌼 𐌰𐍄𐍄𐌰𐌽 𐌿𐌽𐍃𐌰𐍂𐌰𐌽𐌰, 𐌴𐌹 𐌲𐌴𐌱𐌹 𐌿𐌽𐍃𐌹𐍃
okay	train_0074_d0	llm_diversify	2	wrapped	biwand	𐌱𐌹𐍅𐌰𐌽𐌳	yes	2	diwan: become lifeless, lose (V.) all energy	2	bidan: ask for, beseech	2	diwans: moribund, mortal, subject to death	She brought forth her firstborn son, and she wrapped him in bands of cloth, and laid him in a feeding trough, because there was no room for them in the inn.	jah gabar sunu seinana þana frumabaur jah biwand ina jah galagida ina in uzetin, unte ni was im rumis in stada þamma.	𐌾𐌰𐌷 𐌲𐌰𐌱𐌰𐍂 𐍃𐌿𐌽𐌿 𐍃𐌴𐌹𐌽𐌰𐌽𐌰 𐌸𐌰𐌽𐌰 𐍆𐍂𐌿𐌼𐌰𐌱𐌰𐌿𐍂 𐌾𐌰𐌷 𐌱𐌹𐍅𐌰𐌽𐌳 𐌹𐌽𐌰 𐌾𐌰𐌷 𐌲𐌰𐌻𐌰𐌲𐌹𐌳𐌰 𐌹𐌽𐌰 𐌹𐌽 𐌿𐌶𐌴𐍄𐌹𐌽, 𐌿𐌽𐍄𐌴 𐌽𐌹 𐍅𐌰𐍃 𐌹𐌼 𐍂𐌿𐌼𐌹𐍃 𐌹𐌽 𐍃𐍄𐌰𐌳𐌰 𐌸𐌰𐌼𐌼𐌰.
okay	train_0074_d1	llm_diversify	2	feeding trough	uzetin	𐌿𐌶𐌴𐍄𐌹𐌽	yes	2	azēti: comfort (N.), ease (N.), name of z-rune, name of z-rune; ?, ...	2	uzēta: crib (N.), feed trough, manger	3	lētan: allow, emit, leave (V.), leave alone, let (V.), let alone, l...	She brought forth her firstborn son, and she wrapped him in bands of cloth, and laid him in a feeding trough, because there was no room for them in the inn.	jah gabar sunu seinana þana frumabaur jah biwand ina jah galagida ina in uzetin, unte ni was im rumis in stada þamma.	𐌾𐌰𐌷 𐌲𐌰𐌱𐌰𐍂 𐍃𐌿𐌽𐌿 𐍃𐌴𐌹𐌽𐌰𐌽𐌰 𐌸𐌰𐌽𐌰 𐍆𐍂𐌿𐌼𐌰𐌱𐌰𐌿𐍂 𐌾𐌰𐌷 𐌱𐌹𐍅𐌰𐌽𐌳 𐌹𐌽𐌰 𐌾𐌰𐌷 𐌲𐌰𐌻𐌰𐌲𐌹𐌳𐌰 𐌹𐌽𐌰 𐌹𐌽 𐌿𐌶𐌴𐍄𐌹𐌽, 𐌿𐌽𐍄𐌴 𐌽𐌹 𐍅𐌰𐍃 𐌹𐌼 𐍂𐌿𐌼𐌹𐍃 𐌹𐌽 𐍃𐍄𐌰𐌳𐌰 𐌸𐌰𐌼𐌼𐌰.
okay	train_0182_d0	llm_diversify	2	Depart	usgagg	𐌿𐍃𐌲𐌰𐌲𐌲	yes	2	atgagg: access (N.), approach (N.)	2	usgaggan: come out, go forth, go out, pass out	2	gagg: road, street, way	But Simon Peter, when he saw it, fell down at Jesus' knees, saying, "Depart from me, for I am a sinful man, Lord."	gaumjands þan Seimon Paitrus draus du kniwam Iesuis qiþands: bidja þuk usgagg fairra mis, unte manna frawaurhts im, frauja.	𐌲𐌰𐌿𐌼𐌾𐌰𐌽𐌳𐍃 𐌸𐌰𐌽 𐍃𐌴𐌹𐌼𐍉𐌽 𐍀𐌰𐌹𐍄𐍂𐌿𐍃 𐌳𐍂𐌰𐌿𐍃 𐌳𐌿 𐌺𐌽𐌹𐍅𐌰𐌼 𐌹𐌴𐍃𐌿𐌹𐍃 𐌵𐌹𐌸𐌰𐌽𐌳𐍃: 𐌱𐌹𐌳𐌾𐌰 𐌸𐌿𐌺 𐌿𐍃𐌲𐌰𐌲𐌲 𐍆𐌰𐌹𐍂𐍂𐌰 𐌼𐌹𐍃, 𐌿𐌽𐍄𐌴 𐌼𐌰𐌽𐌽𐌰 𐍆𐍂𐌰𐍅𐌰𐌿𐍂𐌷𐍄𐍃 𐌹𐌼, 𐍆𐍂𐌰𐌿𐌾𐌰.
okay	train_0197_d1	llm_diversify	2	paralyzed	usliþin	𐌿𐍃𐌻𐌹𐌸𐌹𐌽	yes	2	usleiþan: go away, go out, pass forth, travel out, vanish	2	usliþa: of disabled limb, paralytic	2	usqiþan: divulge, make public, spread the news	But that you may know that the Son of Man has authority on earth to forgive sins" (he said to the paralyzed man), "I tell you, arise, and take up your cot, and go to your house."	aþþan ei witeid þatei waldufni habaid sa sunus mans ana airþai afletan frawaurhtins, qaþ du þamma usliþin: du þus qiþa, urreis jah ushafjands þata badi þeinata gagg in gard þeinana.	𐌰𐌸𐌸𐌰𐌽 𐌴𐌹 𐍅𐌹𐍄𐌴𐌹𐌳 𐌸𐌰𐍄𐌴𐌹 𐍅𐌰𐌻𐌳𐌿𐍆𐌽𐌹 𐌷𐌰𐌱𐌰𐌹𐌳 𐍃𐌰 𐍃𐌿𐌽𐌿𐍃 𐌼𐌰𐌽𐍃 𐌰𐌽𐌰 𐌰𐌹𐍂𐌸𐌰𐌹 𐌰𐍆𐌻𐌴𐍄𐌰𐌽 𐍆𐍂𐌰𐍅𐌰𐌿𐍂𐌷𐍄𐌹𐌽𐍃, 𐌵𐌰𐌸 𐌳𐌿 𐌸𐌰𐌼𐌼𐌰 𐌿𐍃𐌻𐌹𐌸𐌹𐌽: 𐌳𐌿 𐌸𐌿𐍃 𐌵𐌹𐌸𐌰, 𐌿𐍂𐍂𐌴𐌹𐍃 𐌾𐌰𐌷 𐌿𐍃𐌷𐌰𐍆𐌾𐌰𐌽𐌳𐍃 𐌸𐌰𐍄𐌰 𐌱𐌰𐌳𐌹 𐌸𐌴𐌹𐌽𐌰𐍄𐌰 𐌲𐌰𐌲𐌲 𐌹𐌽 𐌲𐌰𐍂𐌳 𐌸𐌴𐌹𐌽𐌰𐌽𐌰.
okay	train_0197_d2	llm_diversify	2	paralyzed	usliþin	𐌿𐍃𐌻𐌹𐌸𐌹𐌽	yes	2	usleiþan: go away, go out, pass forth, travel out, vanish	2	usliþa: of disabled limb, paralytic	2	usqiþan: divulge, make public, spread the news	But that you may know that the Son of Man has authority on earth to forgive sins" (he said to the paralyzed man), "I tell you, arise, and take up your cot, and go to your house."	aþþan ei witeid þatei waldufni habaid sa sunus mans ana airþai afletan frawaurhtins, qaþ du þamma usliþin: du þus qiþa, urreis jah ushafjands þata badi þeinata gagg in gard þeinana.	𐌰𐌸𐌸𐌰𐌽 𐌴𐌹 𐍅𐌹𐍄𐌴𐌹𐌳 𐌸𐌰𐍄𐌴𐌹 𐍅𐌰𐌻𐌳𐌿𐍆𐌽𐌹 𐌷𐌰𐌱𐌰𐌹𐌳 𐍃𐌰 𐍃𐌿𐌽𐌿𐍃 𐌼𐌰𐌽𐍃 𐌰𐌽𐌰 𐌰𐌹𐍂𐌸𐌰𐌹 𐌰𐍆𐌻𐌴𐍄𐌰𐌽 𐍆𐍂𐌰𐍅𐌰𐌿𐍂𐌷𐍄𐌹𐌽𐍃, 𐌵𐌰𐌸 𐌳𐌿 𐌸𐌰𐌼𐌼𐌰 𐌿𐍃𐌻𐌹𐌸𐌹𐌽: 𐌳𐌿 𐌸𐌿𐍃 𐌵𐌹𐌸𐌰, 𐌿𐍂𐍂𐌴𐌹𐍃 𐌾𐌰𐌷 𐌿𐍃𐌷𐌰𐍆𐌾𐌰𐌽𐌳𐍃 𐌸𐌰𐍄𐌰 𐌱𐌰𐌳𐌹 𐌸𐌴𐌹𐌽𐌰𐍄𐌰 𐌲𐌰𐌲𐌲 𐌹𐌽 𐌲𐌰𐍂𐌳 𐌸𐌴𐌹𐌽𐌰𐌽𐌰.
okay	train_0197_d3	llm_diversify	2	paralyzed man	usliþin	𐌿𐍃𐌻𐌹𐌸𐌹𐌽	yes	2	usleiþan: go away, go out, pass forth, travel out, vanish	2	usliþa: of disabled limb, paralytic	2	usqiþan: divulge, make public, spread the news	But that you may know that the Son of Man has authority on earth to forgive sins" (he said to the paralyzed man), "I tell you, arise, and take up your cot, and go to your house."	aþþan ei witeid þatei waldufni habaid sa sunus mans ana airþai afletan frawaurhtins, qaþ du þamma usliþin: du þus qiþa, urreis jah ushafjands þata badi þeinata gagg in gard þeinana.	𐌰𐌸𐌸𐌰𐌽 𐌴𐌹 𐍅𐌹𐍄𐌴𐌹𐌳 𐌸𐌰𐍄𐌴𐌹 𐍅𐌰𐌻𐌳𐌿𐍆𐌽𐌹 𐌷𐌰𐌱𐌰𐌹𐌳 𐍃𐌰 𐍃𐌿𐌽𐌿𐍃 𐌼𐌰𐌽𐍃 𐌰𐌽𐌰 𐌰𐌹𐍂𐌸𐌰𐌹 𐌰𐍆𐌻𐌴𐍄𐌰𐌽 𐍆𐍂𐌰𐍅𐌰𐌿𐍂𐌷𐍄𐌹𐌽𐍃, 𐌵𐌰𐌸 𐌳𐌿 𐌸𐌰𐌼𐌼𐌰 𐌿𐍃𐌻𐌹𐌸𐌹𐌽: 𐌳𐌿 𐌸𐌿𐍃 𐌵𐌹𐌸𐌰, 𐌿𐍂𐍂𐌴𐌹𐍃 𐌾𐌰𐌷 𐌿𐍃𐌷𐌰𐍆𐌾𐌰𐌽𐌳𐍃 𐌸𐌰𐍄𐌰 𐌱𐌰𐌳𐌹 𐌸𐌴𐌹𐌽𐌰𐍄𐌰 𐌲𐌰𐌲𐌲 𐌹𐌽 𐌲𐌰𐍂𐌳 𐌸𐌴𐌹𐌽𐌰𐌽𐌰.
okay	train_0231_d0	llm_diversify	2	leap	laikid	𐌻𐌰𐌹𐌺𐌹𐌳	yes	2	laiks: dance (N.), dancing (N.), frolic (N.), romp (N.)	2	laikan: frolic (V.), hop (V.) (1), jump for joy, romp (V.)	3	láian: berate, despise, rail at, revile	Rejoice in that day, and leap for joy, for behold, your reward is great in heaven, for their fathers did the same thing to the prophets.	faginod in jainamma daga jah laikid, unte sai, mizdo izwara managa in himinam; bi þamma auk tawidedun praufetum attans ize.	𐍆𐌰𐌲𐌹𐌽𐍉𐌳 𐌹𐌽 𐌾𐌰𐌹𐌽𐌰𐌼𐌼𐌰 𐌳𐌰𐌲𐌰 𐌾𐌰𐌷 𐌻𐌰𐌹𐌺𐌹𐌳, 𐌿𐌽𐍄𐌴 𐍃𐌰𐌹, 𐌼𐌹𐌶𐌳𐍉 𐌹𐌶𐍅𐌰𐍂𐌰 𐌼𐌰𐌽𐌰𐌲𐌰 𐌹𐌽 𐌷𐌹𐌼𐌹𐌽𐌰𐌼; 𐌱𐌹 𐌸𐌰𐌼𐌼𐌰 𐌰𐌿𐌺 𐍄𐌰𐍅𐌹𐌳𐌴𐌳𐌿𐌽 𐍀𐍂𐌰𐌿𐍆𐌴𐍄𐌿𐌼 𐌰𐍄𐍄𐌰𐌽𐍃 𐌹𐌶𐌴.
okay	train_0231_d1	llm_diversify	2	leap	laikid	𐌻𐌰𐌹𐌺𐌹𐌳	yes	2	laiks: dance (N.), dancing (N.), frolic (N.), romp (N.)	2	laikan: frolic (V.), hop (V.) (1), jump for joy, romp (V.)	3	láian: berate, despise, rail at, revile	Rejoice in that day, and leap for joy, for behold, your reward is great in heaven, for their fathers did the same thing to the prophets.	faginod in jainamma daga jah laikid, unte sai, mizdo izwara managa in himinam; bi þamma auk tawidedun praufetum attans ize.	𐍆𐌰𐌲𐌹𐌽𐍉𐌳 𐌹𐌽 𐌾𐌰𐌹𐌽𐌰𐌼𐌼𐌰 𐌳𐌰𐌲𐌰 𐌾𐌰𐌷 𐌻𐌰𐌹𐌺𐌹𐌳, 𐌿𐌽𐍄𐌴 𐍃𐌰𐌹, 𐌼𐌹𐌶𐌳𐍉 𐌹𐌶𐍅𐌰𐍂𐌰 𐌼𐌰𐌽𐌰𐌲𐌰 𐌹𐌽 𐌷𐌹𐌼𐌹𐌽𐌰𐌼; 𐌱𐌹 𐌸𐌰𐌼𐌼𐌰 𐌰𐌿𐌺 𐍄𐌰𐍅𐌹𐌳𐌴𐌳𐌿𐌽 𐍀𐍂𐌰𐌿𐍆𐌴𐍄𐌿𐌼 𐌰𐍄𐍄𐌰𐌽𐍃 𐌹𐌶𐌴.
okay	train_0231_d2	llm_diversify	2	prophets	praufetum	𐍀𐍂𐌰𐌿𐍆𐌴𐍄𐌿𐌼	yes	2	praúfētja: prophecy	2	praúfētes: prophet (M.)	3	praúfētjan: prophesy	Rejoice in that day, and leap for joy, for behold, your reward is great in heaven, for their fathers did the same thing to the prophets.	faginod in jainamma daga jah laikid, unte sai, mizdo izwara managa in himinam; bi þamma auk tawidedun praufetum attans ize.	𐍆𐌰𐌲𐌹𐌽𐍉𐌳 𐌹𐌽 𐌾𐌰𐌹𐌽𐌰𐌼𐌼𐌰 𐌳𐌰𐌲𐌰 𐌾𐌰𐌷 𐌻𐌰𐌹𐌺𐌹𐌳, 𐌿𐌽𐍄𐌴 𐍃𐌰𐌹, 𐌼𐌹𐌶𐌳𐍉 𐌹𐌶𐍅𐌰𐍂𐌰 𐌼𐌰𐌽𐌰𐌲𐌰 𐌹𐌽 𐌷𐌹𐌼𐌹𐌽𐌰𐌼; 𐌱𐌹 𐌸𐌰𐌼𐌼𐌰 𐌰𐌿𐌺 𐍄𐌰𐍅𐌹𐌳𐌴𐌳𐌿𐌽 𐍀𐍂𐌰𐌿𐍆𐌴𐍄𐌿𐌼 𐌰𐍄𐍄𐌰𐌽𐍃 𐌹𐌶𐌴.
okay	train_0256_d1	llm_diversify	2	asking	bidjands	𐌱𐌹𐌳𐌾𐌰𐌽𐌳𐍃	yes	2	bidjan: ask, ask a favour, ask for, beg, beseech, entreat, petition ...	2	fijands: enemy, foe	3	bidan: ask for, beseech	When he heard about Jesus, he sent to him elders of the Jews, asking him to come and save his servant.	gahausjands þan bi Iesu insandida du imma sinistans Iudaie, bidjands ina ei qimi jah ganasidedi þana skalk is.	𐌲𐌰𐌷𐌰𐌿𐍃𐌾𐌰𐌽𐌳𐍃 𐌸𐌰𐌽 𐌱𐌹 𐌹𐌴𐍃𐌿 𐌹𐌽𐍃𐌰𐌽𐌳𐌹𐌳𐌰 𐌳𐌿 𐌹𐌼𐌼𐌰 𐍃𐌹𐌽𐌹𐍃𐍄𐌰𐌽𐍃 𐌹𐌿𐌳𐌰𐌹𐌴, 𐌱𐌹𐌳𐌾𐌰𐌽𐌳𐍃 𐌹𐌽𐌰 𐌴𐌹 𐌵𐌹𐌼𐌹 𐌾𐌰𐌷 𐌲𐌰𐌽𐌰𐍃𐌹𐌳𐌴𐌳𐌹 𐌸𐌰𐌽𐌰 𐍃𐌺𐌰𐌻𐌺 𐌹𐍃.
okay	train_0260_d1	llm_diversify	2	turned	wandjands	𐍅𐌰𐌽𐌳𐌾𐌰𐌽𐌳𐍃	yes	2	wandjan: turn (V.), turn around	2	waldands: powerful, ruler (= waldands)	3	tandjan: ignite, kindle (V.), light a lamp, make burn	When Jesus heard these things, he marveled at him, and turned and said to the multitude who followed him, "I tell you, I have not found such great faith, no, not in Israel."	gahausjands þan þata Iesus sildaleikida ina jah wandjands sik du þizai afarlaistjandein sis managein qaþ: amen, qiþa izwis, ni in Israela swalauda galaubein bigat.	𐌲𐌰𐌷𐌰𐌿𐍃𐌾𐌰𐌽𐌳𐍃 𐌸𐌰𐌽 𐌸𐌰𐍄𐌰 𐌹𐌴𐍃𐌿𐍃 𐍃𐌹𐌻𐌳𐌰𐌻𐌴𐌹𐌺𐌹𐌳𐌰 𐌹𐌽𐌰 𐌾𐌰𐌷 𐍅𐌰𐌽𐌳𐌾𐌰𐌽𐌳𐍃 𐍃𐌹𐌺 𐌳𐌿 𐌸𐌹𐌶𐌰𐌹 𐌰𐍆𐌰𐍂𐌻𐌰𐌹𐍃𐍄𐌾𐌰𐌽𐌳𐌴𐌹𐌽 𐍃𐌹𐍃 𐌼𐌰𐌽𐌰𐌲𐌴𐌹𐌽 𐌵𐌰𐌸: 𐌰𐌼𐌴𐌽, 𐌵𐌹𐌸𐌰 𐌹𐌶𐍅𐌹𐍃, 𐌽𐌹 𐌹𐌽 𐌹𐍃𐍂𐌰𐌴𐌻𐌰 𐍃𐍅𐌰𐌻𐌰𐌿𐌳𐌰 𐌲𐌰𐌻𐌰𐌿𐌱𐌴𐌹𐌽 𐌱𐌹𐌲𐌰𐍄.
okay	train_0299_d0	llm_diversify	2	mean	sijai	𐍃𐌹𐌾𐌰𐌹	yes	2	fijan: be inimical towards, feel hostile towards, hate (V.)	2	silan: be quiet	2	sitan: be seated, be sitting, sit (V.)	Then his disciples asked him, "What does this parable mean?"	frehun þan ina siponjos is qiþandans, hva sijai so gajuko.	𐍆𐍂𐌴𐌷𐌿𐌽 𐌸𐌰𐌽 𐌹𐌽𐌰 𐍃𐌹𐍀𐍉𐌽𐌾𐍉𐍃 𐌹𐍃 𐌵𐌹𐌸𐌰𐌽𐌳𐌰𐌽𐍃, 𐍈𐌰 𐍃𐌹𐌾𐌰𐌹 𐍃𐍉 𐌲𐌰𐌾𐌿𐌺𐍉.
okay	train_0299_d1	llm_diversify	2	mean	sijai	𐍃𐌹𐌾𐌰𐌹	yes	2	fijan: be inimical towards, feel hostile towards, hate (V.)	2	silan: be quiet	2	sitan: be seated, be sitting, sit (V.)	Then his disciples asked him, "What does this parable mean?"	frehun þan ina siponjos is qiþandans, hva sijai so gajuko.	𐍆𐍂𐌴𐌷𐌿𐌽 𐌸𐌰𐌽 𐌹𐌽𐌰 𐍃𐌹𐍀𐍉𐌽𐌾𐍉𐍃 𐌹𐍃 𐌵𐌹𐌸𐌰𐌽𐌳𐌰𐌽𐍃, 𐍈𐌰 𐍃𐌹𐌾𐌰𐌹 𐍃𐍉 𐌲𐌰𐌾𐌿𐌺𐍉.
okay	train_0315_d1	llm_diversify	2	entered	galiþun	𐌲𐌰𐌻𐌹𐌸𐌿𐌽	yes	2	gaqiþan: agree together with one another, concur among themselves, de...	2	galisan: assemble (V.), bring together, collect (V.), gather together	2	galeiþan: come, depart from, go away, go forth, set out for	Jesus asked him, "What is your name?" He said, "Legion," for many demons had entered into him.	frah þan ina Iesus qiþands: hva ist namo þein? þaruh qaþ: harjis; unte unhulþons managos galiþun in ina.	𐍆𐍂𐌰𐌷 𐌸𐌰𐌽 𐌹𐌽𐌰 𐌹𐌴𐍃𐌿𐍃 𐌵𐌹𐌸𐌰𐌽𐌳𐍃: 𐍈𐌰 𐌹𐍃𐍄 𐌽𐌰𐌼𐍉 𐌸𐌴𐌹𐌽? 𐌸𐌰𐍂𐌿𐌷 𐌵𐌰𐌸: 𐌷𐌰𐍂𐌾𐌹𐍃; 𐌿𐌽𐍄𐌴 𐌿𐌽𐌷𐌿𐌻𐌸𐍉𐌽𐍃 𐌼𐌰𐌽𐌰𐌲𐍉𐍃 𐌲𐌰𐌻𐌹𐌸𐌿𐌽 𐌹𐌽 𐌹𐌽𐌰.
okay	train_0327_o1	llm_original	2	declared	gataih	𐌲𐌰𐍄𐌰𐌹𐌷	yes	2	gatass: arranged, ordered	2	gafāh: catch (N.), catching (N.)	2	þatain: the one, this only	When the woman saw that she was not hidden, she came trembling, and falling down before him declared to him in the presence of all the people the reason why she had touched him, and how she was healed immediately.	gasaihvandei þan so qino þatei ni galaugnida, reirandei qam jah atdriusandei du imma, in þizei attaitok imma, gataih imma in andwairþja allaizos manageins jah hvaiwa gahailnoda suns.	𐌲𐌰𐍃𐌰𐌹𐍈𐌰𐌽𐌳𐌴𐌹 𐌸𐌰𐌽 𐍃𐍉 𐌵𐌹𐌽𐍉 𐌸𐌰𐍄𐌴𐌹 𐌽𐌹 𐌲𐌰𐌻𐌰𐌿𐌲𐌽𐌹𐌳𐌰, 𐍂𐌴𐌹𐍂𐌰𐌽𐌳𐌴𐌹 𐌵𐌰𐌼 𐌾𐌰𐌷 𐌰𐍄𐌳𐍂𐌹𐌿𐍃𐌰𐌽𐌳𐌴𐌹 𐌳𐌿 𐌹𐌼𐌼𐌰, 𐌹𐌽 𐌸𐌹𐌶𐌴𐌹 𐌰𐍄𐍄𐌰𐌹𐍄𐍉𐌺 𐌹𐌼𐌼𐌰, 𐌲𐌰𐍄𐌰𐌹𐌷 𐌹𐌼𐌼𐌰 𐌹𐌽 𐌰𐌽𐌳𐍅𐌰𐌹𐍂𐌸𐌾𐌰 𐌰𐌻𐌻𐌰𐌹𐌶𐍉𐍃 𐌼𐌰𐌽𐌰𐌲𐌴𐌹𐌽𐍃 𐌾𐌰𐌷 𐍈𐌰𐌹𐍅𐌰 𐌲𐌰𐌷𐌰𐌹𐌻𐌽𐍉𐌳𐌰 𐍃𐌿𐌽𐍃.
okay	train_0344_d0	llm_diversify	2	fifty	fimf tiguns	𐍆𐌹𐌼𐍆 𐍄𐌹𐌲𐌿𐌽𐍃	yes	2	siuns: apparition, appearance, countenance, face (N.), seeable, see...	2	digans: earthen	2	aigins: of one’s own	For they were about five thousand men. He said to his disciples, "Make them sit down in groups of about fifty each."	wesun auk swe fimf þusundjos waire. qaþ þan du siponjam seinaim: gawaurkeiþ im anakumbjan kubituns, ana hvarjanoh fimf tiguns.	𐍅𐌴𐍃𐌿𐌽 𐌰𐌿𐌺 𐍃𐍅𐌴 𐍆𐌹𐌼𐍆 𐌸𐌿𐍃𐌿𐌽𐌳𐌾𐍉𐍃 𐍅𐌰𐌹𐍂𐌴. 𐌵𐌰𐌸 𐌸𐌰𐌽 𐌳𐌿 𐍃𐌹𐍀𐍉𐌽𐌾𐌰𐌼 𐍃𐌴𐌹𐌽𐌰𐌹𐌼: 𐌲𐌰𐍅𐌰𐌿𐍂𐌺𐌴𐌹𐌸 𐌹𐌼 𐌰𐌽𐌰𐌺𐌿𐌼𐌱𐌾𐌰𐌽 𐌺𐌿𐌱𐌹𐍄𐌿𐌽𐍃, 𐌰𐌽𐌰 𐍈𐌰𐍂𐌾𐌰𐌽𐍉𐌷 𐍆𐌹𐌼𐍆 𐍄𐌹𐌲𐌿𐌽𐍃.
okay	train_0397_d1	llm_diversify	2	names	namna	𐌽𐌰𐌼𐌽𐌰	yes	2	wamba: belly (N.), internal abdominal organs, uterus, viscera, womb	2	ana: ancestor, at, during, for the sake of, in, into, on, on acco...	2	samana: all together, at the same time, in union	Nevertheless, don't rejoice in this, that the spirits are subject to you, but rejoice that your names are written in heaven."	sweþauh þamma ni faginoþ, ei þai ahmans izwis ufhausjand: iþ faginod in þammei namna izwara gamelida sind in himinam.	𐍃𐍅𐌴𐌸𐌰𐌿𐌷 𐌸𐌰𐌼𐌼𐌰 𐌽𐌹 𐍆𐌰𐌲𐌹𐌽𐍉𐌸, 𐌴𐌹 𐌸𐌰𐌹 𐌰𐌷𐌼𐌰𐌽𐍃 𐌹𐌶𐍅𐌹𐍃 𐌿𐍆𐌷𐌰𐌿𐍃𐌾𐌰𐌽𐌳: 𐌹𐌸 𐍆𐌰𐌲𐌹𐌽𐍉𐌳 𐌹𐌽 𐌸𐌰𐌼𐌼𐌴𐌹 𐌽𐌰𐌼𐌽𐌰 𐌹𐌶𐍅𐌰𐍂𐌰 𐌲𐌰𐌼𐌴𐌻𐌹𐌳𐌰 𐍃𐌹𐌽𐌳 𐌹𐌽 𐌷𐌹𐌼𐌹𐌽𐌰𐌼.
okay	train_0536_d1	llm_diversify	2	supposed	þuhta	𐌸𐌿𐌷𐍄𐌰	yes	2	þuts: blare (N.), stridor	2	nuta: capturer, catcher, fisher	2	þūhtus: conscience, seeming (N.), surmise (N.)	As they heard these things, he went on and told a parable, because he was near Jerusalem, and they supposed that the Kingdom of God would be revealed immediately.	at gahausjandam þan im þata, biaukands qaþ gajukon, bi þatei nehva Iairusalem was, jah þuhta im ei suns skulda wesi þiudangardi gudis gaswikunþjan.	𐌰𐍄 𐌲𐌰𐌷𐌰𐌿𐍃𐌾𐌰𐌽𐌳𐌰𐌼 𐌸𐌰𐌽 𐌹𐌼 𐌸𐌰𐍄𐌰, 𐌱𐌹𐌰𐌿𐌺𐌰𐌽𐌳𐍃 𐌵𐌰𐌸 𐌲𐌰𐌾𐌿𐌺𐍉𐌽, 𐌱𐌹 𐌸𐌰𐍄𐌴𐌹 𐌽𐌴𐍈𐌰 𐌹𐌰𐌹𐍂𐌿𐍃𐌰𐌻𐌴𐌼 𐍅𐌰𐍃, 𐌾𐌰𐌷 𐌸𐌿𐌷𐍄𐌰 𐌹𐌼 𐌴𐌹 𐍃𐌿𐌽𐍃 𐍃𐌺𐌿𐌻𐌳𐌰 𐍅𐌴𐍃𐌹 𐌸𐌹𐌿𐌳𐌰𐌽𐌲𐌰𐍂𐌳𐌹 𐌲𐌿𐌳𐌹𐍃 𐌲𐌰𐍃𐍅𐌹𐌺𐌿𐌽𐌸𐌾𐌰𐌽.
okay	train_0536_d2	llm_diversify	2	supposed	þuhta	𐌸𐌿𐌷𐍄𐌰	yes	2	þuts: blare (N.), stridor	2	nuta: capturer, catcher, fisher	2	þūhtus: conscience, seeming (N.), surmise (N.)	As they heard these things, he went on and told a parable, because he was near Jerusalem, and they supposed that the Kingdom of God would be revealed immediately.	at gahausjandam þan im þata, biaukands qaþ gajukon, bi þatei nehva Iairusalem was, jah þuhta im ei suns skulda wesi þiudangardi gudis gaswikunþjan.	𐌰𐍄 𐌲𐌰𐌷𐌰𐌿𐍃𐌾𐌰𐌽𐌳𐌰𐌼 𐌸𐌰𐌽 𐌹𐌼 𐌸𐌰𐍄𐌰, 𐌱𐌹𐌰𐌿𐌺𐌰𐌽𐌳𐍃 𐌵𐌰𐌸 𐌲𐌰𐌾𐌿𐌺𐍉𐌽, 𐌱𐌹 𐌸𐌰𐍄𐌴𐌹 𐌽𐌴𐍈𐌰 𐌹𐌰𐌹𐍂𐌿𐍃𐌰𐌻𐌴𐌼 𐍅𐌰𐍃, 𐌾𐌰𐌷 𐌸𐌿𐌷𐍄𐌰 𐌹𐌼 𐌴𐌹 𐍃𐌿𐌽𐍃 𐍃𐌺𐌿𐌻𐌳𐌰 𐍅𐌴𐍃𐌹 𐌸𐌹𐌿𐌳𐌰𐌽𐌲𐌰𐍂𐌳𐌹 𐌲𐌿𐌳𐌹𐍃 𐌲𐌰𐍃𐍅𐌹𐌺𐌿𐌽𐌸𐌾𐌰𐌽.
okay	train_0541_d1	llm_diversify	2	made	gawaurhta	𐌲𐌰𐍅𐌰𐌿𐍂𐌷𐍄𐌰	yes	2	gawaúrstwa: co-laborer, fellow worker	2	gawaúrts: rooted, with roots	3	gawaúrkjan: achieve (V.), bring about, earn (V.), effect (V.), get, make...	"The second came, saying, 'Your mina, Lord, has made five minas.'	jah qam anþar qiþands: frauja, skatts þeins gawaurhta fimf skattans.	𐌾𐌰𐌷 𐌵𐌰𐌼 𐌰𐌽𐌸𐌰𐍂 𐌵𐌹𐌸𐌰𐌽𐌳𐍃: 𐍆𐍂𐌰𐌿𐌾𐌰, 𐍃𐌺𐌰𐍄𐍄𐍃 𐌸𐌴𐌹𐌽𐍃 𐌲𐌰𐍅𐌰𐌿𐍂𐌷𐍄𐌰 𐍆𐌹𐌼𐍆 𐍃𐌺𐌰𐍄𐍄𐌰𐌽𐍃.
okay	train_0551_d0	llm_diversify	2	called	haitada	𐌷𐌰𐌹𐍄𐌰𐌳𐌰	yes	2	haitan: address (V.), be named, bid (V.), call (V.), command (V.), i...	2	haitja: commander	2	haírda: flock (N.), herd (N.)	It happened, when he drew near to Bethsphage and Bethany, at the mountain that is called Olivet, he sent two of his disciples,	jah warþ, biþe nehva was Beþsfagein jah Beþanijin, at fairgunja þatei haitada alewjo, insandida twans siponje seinaize	𐌾𐌰𐌷 𐍅𐌰𐍂𐌸, 𐌱𐌹𐌸𐌴 𐌽𐌴𐍈𐌰 𐍅𐌰𐍃 𐌱𐌴𐌸𐍃𐍆𐌰𐌲𐌴𐌹𐌽 𐌾𐌰𐌷 𐌱𐌴𐌸𐌰𐌽𐌹𐌾𐌹𐌽, 𐌰𐍄 𐍆𐌰𐌹𐍂𐌲𐌿𐌽𐌾𐌰 𐌸𐌰𐍄𐌴𐌹 𐌷𐌰𐌹𐍄𐌰𐌳𐌰 𐌰𐌻𐌴𐍅𐌾𐍉, 𐌹𐌽𐍃𐌰𐌽𐌳𐌹𐌳𐌰 𐍄𐍅𐌰𐌽𐍃 𐍃𐌹𐍀𐍉𐌽𐌾𐌴 𐍃𐌴𐌹𐌽𐌰𐌹𐌶𐌴
okay	train_0622_d0	llm_diversify	2	entered	galeiþands	𐌲𐌰𐌻𐌴𐌹𐌸𐌰𐌽𐌳𐍃	yes	2	galeiþan: come, depart from, go away, go forth, set out for	2	galeikōnds: imitator	2	galēwjands: traitor	They went into Capernaum, and immediately on the Sabbath day he entered into the synagogue and taught.	jah galiþun in Kafarnaum, jah suns sabbato daga galeiþands in swnagogen laisida ins.	𐌾𐌰𐌷 𐌲𐌰𐌻𐌹𐌸𐌿𐌽 𐌹𐌽 𐌺𐌰𐍆𐌰𐍂𐌽𐌰𐌿𐌼, 𐌾𐌰𐌷 𐍃𐌿𐌽𐍃 𐍃𐌰𐌱𐌱𐌰𐍄𐍉 𐌳𐌰𐌲𐌰 𐌲𐌰𐌻𐌴𐌹𐌸𐌰𐌽𐌳𐍃 𐌹𐌽 𐍃𐍅𐌽𐌰𐌲𐍉𐌲𐌴𐌽 𐌻𐌰𐌹𐍃𐌹𐌳𐌰 𐌹𐌽𐍃.
okay	train_0631_o0	llm_original	2	deserted	auþjana	𐌰𐌿𐌸𐌾𐌰𐌽𐌰	yes	2	augjan: exhibit, put before the eyes, show (V.)	2	nauþjan: compel, exert compulsion upon, force (V.)	2	dauþjan: kill (V.), mortify, put to death	Early in the morning, while it was still dark, he rose up and went out, and departed into a deserted place, and prayed there.	jah air uhtwon usstandands usiddja jah galaiþ ana auþjana staþ jah jainar baþ.	𐌾𐌰𐌷 𐌰𐌹𐍂 𐌿𐌷𐍄𐍅𐍉𐌽 𐌿𐍃𐍃𐍄𐌰𐌽𐌳𐌰𐌽𐌳𐍃 𐌿𐍃𐌹𐌳𐌳𐌾𐌰 𐌾𐌰𐌷 𐌲𐌰𐌻𐌰𐌹𐌸 𐌰𐌽𐌰 𐌰𐌿𐌸𐌾𐌰𐌽𐌰 𐍃𐍄𐌰𐌸 𐌾𐌰𐌷 𐌾𐌰𐌹𐌽𐌰𐍂 𐌱𐌰𐌸.
okay	train_0663_d0	llm_diversify	2	entered	galaiþ	𐌲𐌰𐌻𐌰𐌹𐌸	yes	2	garaiþs: arranged, authoritatively ordered, commanded, officially det...	2	galan: call out, sing out	2	gamaiþs: crippled, deformed, disfigured, misshapen, mutilated, oppres...	He entered again into the synagogue, and there was a man there who had his hand withered.	Jah galaiþ aftra in swnagogen, jah was jainar manna gaþaursana habands handu.	𐌾𐌰𐌷 𐌲𐌰𐌻𐌰𐌹𐌸 𐌰𐍆𐍄𐍂𐌰 𐌹𐌽 𐍃𐍅𐌽𐌰𐌲𐍉𐌲𐌴𐌽, 𐌾𐌰𐌷 𐍅𐌰𐍃 𐌾𐌰𐌹𐌽𐌰𐍂 𐌼𐌰𐌽𐌽𐌰 𐌲𐌰𐌸𐌰𐌿𐍂𐍃𐌰𐌽𐌰 𐌷𐌰𐌱𐌰𐌽𐌳𐍃 𐌷𐌰𐌽𐌳𐌿.
okay	train_0690_d0	llm_diversify	2	does	waurkeiþ	𐍅𐌰𐌿𐍂𐌺𐌴𐌹𐌸	yes	2	aúrkeis: pitcher, water pot	2	waúrdei: talking (N.), wordiness	2	waúrki: work (N.)	For whoever does the will of God, the same is my brother, and my sister, and mother."	saei allis waurkeiþ wiljan gudis, sa jah broþar meins jah swistar jah aiþei ist.	𐍃𐌰𐌴𐌹 𐌰𐌻𐌻𐌹𐍃 𐍅𐌰𐌿𐍂𐌺𐌴𐌹𐌸 𐍅𐌹𐌻𐌾𐌰𐌽 𐌲𐌿𐌳𐌹𐍃, 𐍃𐌰 𐌾𐌰𐌷 𐌱𐍂𐍉𐌸𐌰𐍂 𐌼𐌴𐌹𐌽𐍃 𐌾𐌰𐌷 𐍃𐍅𐌹𐍃𐍄𐌰𐍂 𐌾𐌰𐌷 𐌰𐌹𐌸𐌴𐌹 𐌹𐍃𐍄.
okay	train_0702_d0	llm_diversify	2	sown	saiada	𐍃𐌰𐌹𐌰𐌳𐌰	yes	2	samana: all together, at the same time, in union	2	gaírda: belt (N.), girdle (N.)	2	spilda: tablet, writing board	The ones by the road are the ones where the word is sown; and when they have heard, immediately Satan comes, and takes away the word which has been sown in them.	aþþan þai wiþra wig sind, þarei saiada þata waurd, jah þan gahausjand unkarjans, suns qimiþ Satanas jah usnimiþ waurd þata insaiano in hairtam ize.	𐌰𐌸𐌸𐌰𐌽 𐌸𐌰𐌹 𐍅𐌹𐌸𐍂𐌰 𐍅𐌹𐌲 𐍃𐌹𐌽𐌳, 𐌸𐌰𐍂𐌴𐌹 𐍃𐌰𐌹𐌰𐌳𐌰 𐌸𐌰𐍄𐌰 𐍅𐌰𐌿𐍂𐌳, 𐌾𐌰𐌷 𐌸𐌰𐌽 𐌲𐌰𐌷𐌰𐌿𐍃𐌾𐌰𐌽𐌳 𐌿𐌽𐌺𐌰𐍂𐌾𐌰𐌽𐍃, 𐍃𐌿𐌽𐍃 𐌵𐌹𐌼𐌹𐌸 𐍃𐌰𐍄𐌰𐌽𐌰𐍃 𐌾𐌰𐌷 𐌿𐍃𐌽𐌹𐌼𐌹𐌸 𐍅𐌰𐌿𐍂𐌳 𐌸𐌰𐍄𐌰 𐌹𐌽𐍃𐌰𐌹𐌰𐌽𐍉 𐌹𐌽 𐌷𐌰𐌹𐍂𐍄𐌰𐌼 𐌹𐌶𐌴.
okay	train_0732_d0	llm_diversify	2	we are	sijum	𐍃𐌹𐌾𐌿𐌼	yes	2	sidus: conduct (N.), conduct (N.); ?, custom (N.), habit (N.), usag...	2	sibun: seven	2	sigus: victory	He asked him, "What is your name?" He said to him, "My name is Legion, for we are many."	jah frah ina: hva namo þein? jah qaþ du imma: namo mein Laigaion, unte managai sijum.	𐌾𐌰𐌷 𐍆𐍂𐌰𐌷 𐌹𐌽𐌰: 𐍈𐌰 𐌽𐌰𐌼𐍉 𐌸𐌴𐌹𐌽? 𐌾𐌰𐌷 𐌵𐌰𐌸 𐌳𐌿 𐌹𐌼𐌼𐌰: 𐌽𐌰𐌼𐍉 𐌼𐌴𐌹𐌽 𐌻𐌰𐌹𐌲𐌰𐌹𐍉𐌽, 𐌿𐌽𐍄𐌴 𐌼𐌰𐌽𐌰𐌲𐌰𐌹 𐍃𐌹𐌾𐌿𐌼.
okay	train_0732_d1	llm_diversify	2	we are	sijum	𐍃𐌹𐌾𐌿𐌼	yes	2	sidus: conduct (N.), conduct (N.); ?, custom (N.), habit (N.), usag...	2	sibun: seven	2	sigus: victory	He asked him, "What is your name?" He said to him, "My name is Legion, for we are many."	jah frah ina: hva namo þein? jah qaþ du imma: namo mein Laigaion, unte managai sijum.	𐌾𐌰𐌷 𐍆𐍂𐌰𐌷 𐌹𐌽𐌰: 𐍈𐌰 𐌽𐌰𐌼𐍉 𐌸𐌴𐌹𐌽? 𐌾𐌰𐌷 𐌵𐌰𐌸 𐌳𐌿 𐌹𐌼𐌼𐌰: 𐌽𐌰𐌼𐍉 𐌼𐌴𐌹𐌽 𐌻𐌰𐌹𐌲𐌰𐌹𐍉𐌽, 𐌿𐌽𐍄𐌴 𐌼𐌰𐌽𐌰𐌲𐌰𐌹 𐍃𐌹𐌾𐌿𐌼.
okay	train_0803_d0	llm_diversify	2	entered	galaiþ	𐌲𐌰𐌻𐌰𐌹𐌸	yes	2	garaiþs: arranged, authoritatively ordered, commanded, officially det...	2	galan: call out, sing out	2	gamaiþs: crippled, deformed, disfigured, misshapen, mutilated, oppres...	When he had entered into a house away from the multitude, his disciples asked him about the parable.	jah þan galaiþ in gard us þizai managein, frehun ina siponjos is bi þo gajukon.	𐌾𐌰𐌷 𐌸𐌰𐌽 𐌲𐌰𐌻𐌰𐌹𐌸 𐌹𐌽 𐌲𐌰𐍂𐌳 𐌿𐍃 𐌸𐌹𐌶𐌰𐌹 𐌼𐌰𐌽𐌰𐌲𐌴𐌹𐌽, 𐍆𐍂𐌴𐌷𐌿𐌽 𐌹𐌽𐌰 𐍃𐌹𐍀𐍉𐌽𐌾𐍉𐍃 𐌹𐍃 𐌱𐌹 𐌸𐍉 𐌲𐌰𐌾𐌿𐌺𐍉𐌽.
okay	train_0803_d1	llm_diversify	2	entered	galaiþ	𐌲𐌰𐌻𐌰𐌹𐌸	yes	2	garaiþs: arranged, authoritatively ordered, commanded, officially det...	2	galan: call out, sing out	2	gamaiþs: crippled, deformed, disfigured, misshapen, mutilated, oppres...	When he had entered into a house away from the multitude, his disciples asked him about the parable.	jah þan galaiþ in gard us þizai managein, frehun ina siponjos is bi þo gajukon.	𐌾𐌰𐌷 𐌸𐌰𐌽 𐌲𐌰𐌻𐌰𐌹𐌸 𐌹𐌽 𐌲𐌰𐍂𐌳 𐌿𐍃 𐌸𐌹𐌶𐌰𐌹 𐌼𐌰𐌽𐌰𐌲𐌴𐌹𐌽, 𐍆𐍂𐌴𐌷𐌿𐌽 𐌹𐌽𐌰 𐍃𐌹𐍀𐍉𐌽𐌾𐍉𐍃 𐌹𐍃 𐌱𐌹 𐌸𐍉 𐌲𐌰𐌾𐌿𐌺𐍉𐌽.
okay	train_0823_d0	llm_diversify	2	stayed	wesun	𐍅𐌴𐍃𐌿𐌽	yes	2	wisan: be, be in being, be present, continue, dine, eat a good meal...	2	wēsei: being (N.)	2	wēpn: combat implement, weapon (N.)	"I have compassion on the multitude, because they have stayed with me now three days, and have nothing to eat.	infeinoda du þizai managein, unte ju dagans þrins miþ mis wesun jah ni haband hva matjaina;	𐌹𐌽𐍆𐌴𐌹𐌽𐍉𐌳𐌰 𐌳𐌿 𐌸𐌹𐌶𐌰𐌹 𐌼𐌰𐌽𐌰𐌲𐌴𐌹𐌽, 𐌿𐌽𐍄𐌴 𐌾𐌿 𐌳𐌰𐌲𐌰𐌽𐍃 𐌸𐍂𐌹𐌽𐍃 𐌼𐌹𐌸 𐌼𐌹𐍃 𐍅𐌴𐍃𐌿𐌽 𐌾𐌰𐌷 𐌽𐌹 𐌷𐌰𐌱𐌰𐌽𐌳 𐍈𐌰 𐌼𐌰𐍄𐌾𐌰𐌹𐌽𐌰;
okay	train_0841_d0	llm_diversify	2	restored	gasatiþs	𐌲𐌰𐍃𐌰𐍄𐌹𐌸𐍃	yes	2	garaiþs: arranged, authoritatively ordered, commanded, officially det...	2	gamaiþs: crippled, deformed, disfigured, misshapen, mutilated, oppres...	2	gasateins: establishment, foundation	Then again he laid his hands on his eyes. He looked intently, and was restored, and saw everyone clearly.	þaþroh aftra galagida handuns ana þo augona is jah gatawida ina ussaihvan; jah aftra gasatiþs warþ jah gasahv bairhtaba allans.	𐌸𐌰𐌸𐍂𐍉𐌷 𐌰𐍆𐍄𐍂𐌰 𐌲𐌰𐌻𐌰𐌲𐌹𐌳𐌰 𐌷𐌰𐌽𐌳𐌿𐌽𐍃 𐌰𐌽𐌰 𐌸𐍉 𐌰𐌿𐌲𐍉𐌽𐌰 𐌹𐍃 𐌾𐌰𐌷 𐌲𐌰𐍄𐌰𐍅𐌹𐌳𐌰 𐌹𐌽𐌰 𐌿𐍃𐍃𐌰𐌹𐍈𐌰𐌽; 𐌾𐌰𐌷 𐌰𐍆𐍄𐍂𐌰 𐌲𐌰𐍃𐌰𐍄𐌹𐌸𐍃 𐍅𐌰𐍂𐌸 𐌾𐌰𐌷 𐌲𐌰𐍃𐌰𐍈 𐌱𐌰𐌹𐍂𐌷𐍄𐌰𐌱𐌰 𐌰𐌻𐌻𐌰𐌽𐍃.
okay	train_0841_d1	llm_diversify	2	everyone	allans	𐌰𐌻𐌻𐌰𐌽𐍃	yes	2	allis: (by no means), (in neg. sentences), absolutely, at all (in n...	2	alls: all, all of, every, the entire, the whole	2	alamans: all humanity, entirety of mankind, totality of man	Then again he laid his hands on his eyes. He looked intently, and was restored, and saw everyone clearly.	þaþroh aftra galagida handuns ana þo augona is jah gatawida ina ussaihvan; jah aftra gasatiþs warþ jah gasahv bairhtaba allans.	𐌸𐌰𐌸𐍂𐍉𐌷 𐌰𐍆𐍄𐍂𐌰 𐌲𐌰𐌻𐌰𐌲𐌹𐌳𐌰 𐌷𐌰𐌽𐌳𐌿𐌽𐍃 𐌰𐌽𐌰 𐌸𐍉 𐌰𐌿𐌲𐍉𐌽𐌰 𐌹𐍃 𐌾𐌰𐌷 𐌲𐌰𐍄𐌰𐍅𐌹𐌳𐌰 𐌹𐌽𐌰 𐌿𐍃𐍃𐌰𐌹𐍈𐌰𐌽; 𐌾𐌰𐌷 𐌰𐍆𐍄𐍂𐌰 𐌲𐌰𐍃𐌰𐍄𐌹𐌸𐍃 𐍅𐌰𐍂𐌸 𐌾𐌰𐌷 𐌲𐌰𐍃𐌰𐍈 𐌱𐌰𐌹𐍂𐌷𐍄𐌰𐌱𐌰 𐌰𐌻𐌻𐌰𐌽𐍃.
okay	train_0841_d2	llm_diversify	2	restored	gasatiþs	𐌲𐌰𐍃𐌰𐍄𐌹𐌸𐍃	yes	2	garaiþs: arranged, authoritatively ordered, commanded, officially det...	2	gamaiþs: crippled, deformed, disfigured, misshapen, mutilated, oppres...	2	gasateins: establishment, foundation	Then again he laid his hands on his eyes. He looked intently, and was restored, and saw everyone clearly.	þaþroh aftra galagida handuns ana þo augona is jah gatawida ina ussaihvan; jah aftra gasatiþs warþ jah gasahv bairhtaba allans.	𐌸𐌰𐌸𐍂𐍉𐌷 𐌰𐍆𐍄𐍂𐌰 𐌲𐌰𐌻𐌰𐌲𐌹𐌳𐌰 𐌷𐌰𐌽𐌳𐌿𐌽𐍃 𐌰𐌽𐌰 𐌸𐍉 𐌰𐌿𐌲𐍉𐌽𐌰 𐌹𐍃 𐌾𐌰𐌷 𐌲𐌰𐍄𐌰𐍅𐌹𐌳𐌰 𐌹𐌽𐌰 𐌿𐍃𐍃𐌰𐌹𐍈𐌰𐌽; 𐌾𐌰𐌷 𐌰𐍆𐍄𐍂𐌰 𐌲𐌰𐍃𐌰𐍄𐌹𐌸𐍃 𐍅𐌰𐍂𐌸 𐌾𐌰𐌷 𐌲𐌰𐍃𐌰𐍈 𐌱𐌰𐌹𐍂𐌷𐍄𐌰𐌱𐌰 𐌰𐌻𐌻𐌰𐌽𐍃.
okay	train_0842_d1	llm_diversify	2	enter	gaggais	𐌲𐌰𐌲𐌲𐌰𐌹𐍃	yes	2	gaggan: be on the way to somewhere, come, go (V.), walk (V.)	2	gagga: going person	2	gaggi: walk (N.), walking (N.)	He sent him away to his house, saying, "Don't enter into the village, nor tell anyone in the village."	jah insandida ina du garda is qiþands: ni in þata weihs gaggais, ni mannhun qiþais in þamma wehsa.	𐌾𐌰𐌷 𐌹𐌽𐍃𐌰𐌽𐌳𐌹𐌳𐌰 𐌹𐌽𐌰 𐌳𐌿 𐌲𐌰𐍂𐌳𐌰 𐌹𐍃 𐌵𐌹𐌸𐌰𐌽𐌳𐍃: 𐌽𐌹 𐌹𐌽 𐌸𐌰𐍄𐌰 𐍅𐌴𐌹𐌷𐍃 𐌲𐌰𐌲𐌲𐌰𐌹𐍃, 𐌽𐌹 𐌼𐌰𐌽𐌽𐌷𐌿𐌽 𐌵𐌹𐌸𐌰𐌹𐍃 𐌹𐌽 𐌸𐌰𐌼𐌼𐌰 𐍅𐌴𐌷𐍃𐌰.
okay	train_0842_d2	llm_diversify	2	enter	gaggais	𐌲𐌰𐌲𐌲𐌰𐌹𐍃	yes	2	gaggan: be on the way to somewhere, come, go (V.), walk (V.)	2	gagga: going person	2	gaggi: walk (N.), walking (N.)	He sent him away to his house, saying, "Don't enter into the village, nor tell anyone in the village."	jah insandida ina du garda is qiþands: ni in þata weihs gaggais, ni mannhun qiþais in þamma wehsa.	𐌾𐌰𐌷 𐌹𐌽𐍃𐌰𐌽𐌳𐌹𐌳𐌰 𐌹𐌽𐌰 𐌳𐌿 𐌲𐌰𐍂𐌳𐌰 𐌹𐍃 𐌵𐌹𐌸𐌰𐌽𐌳𐍃: 𐌽𐌹 𐌹𐌽 𐌸𐌰𐍄𐌰 𐍅𐌴𐌹𐌷𐍃 𐌲𐌰𐌲𐌲𐌰𐌹𐍃, 𐌽𐌹 𐌼𐌰𐌽𐌽𐌷𐌿𐌽 𐌵𐌹𐌸𐌰𐌹𐍃 𐌹𐌽 𐌸𐌰𐌼𐌼𐌰 𐍅𐌴𐌷𐍃𐌰.
okay	train_0865_d0	llm_diversify	2	has	habandan	𐌷𐌰𐌱𐌰𐌽𐌳𐌰𐌽	yes	2	gabindan: bind (V.), bind fast	2	habands: having	2	habandei: pregnant	One of the multitude answered, "Teacher, I brought to you my son, who has a mute spirit;	jah andhafjands ains us þizai managein qaþ: laisari, brahta sunu meinana du þus habandan ahman unrodjandan.	𐌾𐌰𐌷 𐌰𐌽𐌳𐌷𐌰𐍆𐌾𐌰𐌽𐌳𐍃 𐌰𐌹𐌽𐍃 𐌿𐍃 𐌸𐌹𐌶𐌰𐌹 𐌼𐌰𐌽𐌰𐌲𐌴𐌹𐌽 𐌵𐌰𐌸: 𐌻𐌰𐌹𐍃𐌰𐍂𐌹, 𐌱𐍂𐌰𐌷𐍄𐌰 𐍃𐌿𐌽𐌿 𐌼𐌴𐌹𐌽𐌰𐌽𐌰 𐌳𐌿 𐌸𐌿𐍃 𐌷𐌰𐌱𐌰𐌽𐌳𐌰𐌽 𐌰𐌷𐌼𐌰𐌽 𐌿𐌽𐍂𐍉𐌳𐌾𐌰𐌽𐌳𐌰𐌽.
okay	train_0893_d0	llm_diversify	2	you	izwis	𐌹𐌶𐍅𐌹𐍃	yes	2	iowi: a god?	2	þēwis: bondsmen, servitors, slaves, thralls	2	wis: calm on the sea, quiescence on the sea, tranquility on the s...	He answered, "What did Moses command you?"	iþ is andhafjands qaþ: hva izwis anabauþ Moses?	𐌹𐌸 𐌹𐍃 𐌰𐌽𐌳𐌷𐌰𐍆𐌾𐌰𐌽𐌳𐍃 𐌵𐌰𐌸: 𐍈𐌰 𐌹𐌶𐍅𐌹𐍃 𐌰𐌽𐌰𐌱𐌰𐌿𐌸 𐌼𐍉𐍃𐌴𐍃?
okay	train_0900_d0	llm_diversify	2	rebuked	sokun	𐍃𐍉𐌺𐌿𐌽	yes	2	sōkjan: ask for, query (V.), quest (V.), request (V.), search (V.), ...	2	wōkan: be awake	2	sōkns: controversial question, controversy, inquest (N.), inquisiti...	They were bringing to him little children, that he should touch them, but the disciples rebuked those who were bringing them.	þanuh atberun du imma barna, ei attaitoki im: iþ þai siponjos is sokun þaim bairandam du.	𐌸𐌰𐌽𐌿𐌷 𐌰𐍄𐌱𐌴𐍂𐌿𐌽 𐌳𐌿 𐌹𐌼𐌼𐌰 𐌱𐌰𐍂𐌽𐌰, 𐌴𐌹 𐌰𐍄𐍄𐌰𐌹𐍄𐍉𐌺𐌹 𐌹𐌼: 𐌹𐌸 𐌸𐌰𐌹 𐍃𐌹𐍀𐍉𐌽𐌾𐍉𐍃 𐌹𐍃 𐍃𐍉𐌺𐌿𐌽 𐌸𐌰𐌹𐌼 𐌱𐌰𐌹𐍂𐌰𐌽𐌳𐌰𐌼 𐌳𐌿.
okay	train_0966_o0	llm_original	2	beloved	liubana	𐌻𐌹𐌿𐌱𐌰𐌽𐌰	yes	2	liugan: espouse, lie (1) (V.), marry, speak falsely, take a spouse, ...	2	iupana: again from the start, anew, from above, from before	2	liban: be alive, live	Therefore still having one, his beloved son, he sent him last to them, saying, 'They will respect my son.'	þanuh nauhþanuh ainana sunu aigands liubana sis, insandida jah þana du im spedistana, qiþands þatei gaaistand sunu meinana.	𐌸𐌰𐌽𐌿𐌷 𐌽𐌰𐌿𐌷𐌸𐌰𐌽𐌿𐌷 𐌰𐌹𐌽𐌰𐌽𐌰 𐍃𐌿𐌽𐌿 𐌰𐌹𐌲𐌰𐌽𐌳𐍃 𐌻𐌹𐌿𐌱𐌰𐌽𐌰 𐍃𐌹𐍃, 𐌹𐌽𐍃𐌰𐌽𐌳𐌹𐌳𐌰 𐌾𐌰𐌷 𐌸𐌰𐌽𐌰 𐌳𐌿 𐌹𐌼 𐍃𐍀𐌴𐌳𐌹𐍃𐍄𐌰𐌽𐌰, 𐌵𐌹𐌸𐌰𐌽𐌳𐍃 𐌸𐌰𐍄𐌴𐌹 𐌲𐌰𐌰𐌹𐍃𐍄𐌰𐌽𐌳 𐍃𐌿𐌽𐌿 𐌼𐌴𐌹𐌽𐌰𐌽𐌰.
okay	train_1003_o1	llm_original	2	leaves	laubos	𐌻𐌰𐌿𐌱𐍉𐍃	yes	2	laus: devoid (Adj.), empty (Adj.), free from, void (Adj.)	2	laufs: foliage, leaf, leafage, valuable	2	lubō: love (N.)	"Now from the fig tree, learn this parable. When the branch has now become tender, and puts forth its leaves, you know that the summer is near;	aþþan af smakkabagma ganimiþ þo gajukon. þan þis juþan asts þlaqus wairþiþ, jah uskeinand laubos, kunnuþ þatei nehva ist asans.	𐌰𐌸𐌸𐌰𐌽 𐌰𐍆 𐍃𐌼𐌰𐌺𐌺𐌰𐌱𐌰𐌲𐌼𐌰 𐌲𐌰𐌽𐌹𐌼𐌹𐌸 𐌸𐍉 𐌲𐌰𐌾𐌿𐌺𐍉𐌽. 𐌸𐌰𐌽 𐌸𐌹𐍃 𐌾𐌿𐌸𐌰𐌽 𐌰𐍃𐍄𐍃 𐌸𐌻𐌰𐌵𐌿𐍃 𐍅𐌰𐌹𐍂𐌸𐌹𐌸, 𐌾𐌰𐌷 𐌿𐍃𐌺𐌴𐌹𐌽𐌰𐌽𐌳 𐌻𐌰𐌿𐌱𐍉𐍃, 𐌺𐌿𐌽𐌽𐌿𐌸 𐌸𐌰𐍄𐌴𐌹 𐌽𐌴𐍈𐌰 𐌹𐍃𐍄 𐌰𐍃𐌰𐌽𐍃.
okay	train_1010_o1	llm_original	2	went	galaiþ	𐌲𐌰𐌻𐌰𐌹𐌸	yes	2	garaiþs: arranged, authoritatively ordered, commanded, officially det...	2	galan: call out, sing out	2	gamaiþs: crippled, deformed, disfigured, misshapen, mutilated, oppres...	Judas Iscariot, who was one of the twelve, went away to the chief priests, that he might deliver him to them.	jah Iudas Iskarioteis, ains þize twalibe, galaiþ du þaim gudjam, ei galewidedi ina im.	𐌾𐌰𐌷 𐌹𐌿𐌳𐌰𐍃 𐌹𐍃𐌺𐌰𐍂𐌹𐍉𐍄𐌴𐌹𐍃, 𐌰𐌹𐌽𐍃 𐌸𐌹𐌶𐌴 𐍄𐍅𐌰𐌻𐌹𐌱𐌴, 𐌲𐌰𐌻𐌰𐌹𐌸 𐌳𐌿 𐌸𐌰𐌹𐌼 𐌲𐌿𐌳𐌾𐌰𐌼, 𐌴𐌹 𐌲𐌰𐌻𐌴𐍅𐌹𐌳𐌴𐌳𐌹 𐌹𐌽𐌰 𐌹𐌼.
okay	train_1094_o2	llm_original	2	fire	funins	𐍆𐌿𐌽𐌹𐌽𐍃	yes	2	funs: brave, hasty, hurried, ready	2	fulgins: concealed, covert, hidden, secret (Adj.)	2	wunns: endurance of pain, suffering (N.)	But I tell you, that everyone who is angry with his brother without a cause shall be in danger of the judgment; and whoever shall say to his brother, 'Raca!' shall be in danger of the council; and whoever shall say, 'You fool!' shall be in danger of the fire of Gehenna.	aþþan ik qiþa izwis þatei hvazuh modags broþr seinamma sware, skula wairþiþ stauai; iþ saei qiþiþ broþr seinamma raka, skula wairþiþ gaqumþai; aþþan saei qiþiþ dwala, skula wairþiþ in gaiainnan funins.	𐌰𐌸𐌸𐌰𐌽 𐌹𐌺 𐌵𐌹𐌸𐌰 𐌹𐌶𐍅𐌹𐍃 𐌸𐌰𐍄𐌴𐌹 𐍈𐌰𐌶𐌿𐌷 𐌼𐍉𐌳𐌰𐌲𐍃 𐌱𐍂𐍉𐌸𐍂 𐍃𐌴𐌹𐌽𐌰𐌼𐌼𐌰 𐍃𐍅𐌰𐍂𐌴, 𐍃𐌺𐌿𐌻𐌰 𐍅𐌰𐌹𐍂𐌸𐌹𐌸 𐍃𐍄𐌰𐌿𐌰𐌹; 𐌹𐌸 𐍃𐌰𐌴𐌹 𐌵𐌹𐌸𐌹𐌸 𐌱𐍂𐍉𐌸𐍂 𐍃𐌴𐌹𐌽𐌰𐌼𐌼𐌰 𐍂𐌰𐌺𐌰, 𐍃𐌺𐌿𐌻𐌰 𐍅𐌰𐌹𐍂𐌸𐌹𐌸 𐌲𐌰𐌵𐌿𐌼𐌸𐌰𐌹; 𐌰𐌸𐌸𐌰𐌽 𐍃𐌰𐌴𐌹 𐌵𐌹𐌸𐌹𐌸 𐌳𐍅𐌰𐌻𐌰, 𐍃𐌺𐌿𐌻𐌰 𐍅𐌰𐌹𐍂𐌸𐌹𐌸 𐌹𐌽 𐌲𐌰𐌹𐌰𐌹𐌽𐌽𐌰𐌽 𐍆𐌿𐌽𐌹𐌽𐍃.
okay	train_1102_d0	llm_diversify	2	writing	bokos	𐌱𐍉𐌺𐍉𐍃	yes	2	wōkrs: additional increment, interest on investment	2	būks: belly, stomach	2	sōkns: controversial question, controversy, inquest (N.), inquisiti...	"It was also said, 'Whoever shall put away his wife, let him give her a writing of divorce,'	qiþanuh þan ist þatei hvazuh saei afletai qen, gibai izai afstassais bokos.	𐌵𐌹𐌸𐌰𐌽𐌿𐌷 𐌸𐌰𐌽 𐌹𐍃𐍄 𐌸𐌰𐍄𐌴𐌹 𐍈𐌰𐌶𐌿𐌷 𐍃𐌰𐌴𐌹 𐌰𐍆𐌻𐌴𐍄𐌰𐌹 𐌵𐌴𐌽, 𐌲𐌹𐌱𐌰𐌹 𐌹𐌶𐌰𐌹 𐌰𐍆𐍃𐍄𐌰𐍃𐍃𐌰𐌹𐍃 𐌱𐍉𐌺𐍉𐍃.
okay	train_1270_d0	llm_diversify	2	took	nemun	𐌽𐌴𐌼𐌿𐌽	yes	2	niman: accept (V.), get, pick up, receive, take away, take unto o. ...	2	niun: nine	2	nēms: taking (Adj.)	Now when morning had come, all the chief priests and the elders of the people took counsel against Jesus to put him to death:	At maurgin þan waurþanana, garuni nemun allai þai gudjans jah þai ...	𐌰𐍄 𐌼𐌰𐌿𐍂𐌲𐌹𐌽 𐌸𐌰𐌽 𐍅𐌰𐌿𐍂𐌸𐌰𐌽𐌰𐌽𐌰, 𐌲𐌰𐍂𐌿𐌽𐌹 𐌽𐌴𐌼𐌿𐌽 𐌰𐌻𐌻𐌰𐌹 𐌸𐌰𐌹 𐌲𐌿𐌳𐌾𐌰𐌽𐍃 𐌾𐌰𐌷 𐌸𐌰𐌹 ...
okay	train_0011_d2	llm_diversify	2	bear	gabairid	𐌲𐌰𐌱𐌰𐌹𐍂𐌹𐌳	yes	2	gabaíran: compare, give birth to, put side by side with, „bring togeth...	3	gabaúr: carousing (N.), contribution, festive banquet, merrymaking, ...	3	gabaúrþs: birth, birthplace, descent, ethnic origin, native country, r...	But the angel said to him, "Don't be afraid, Zacharias, because your request has been heard, and your wife, Elizabeth, will bear you a son, and you shall call his name John.	qaþ þan du imma sa aggilus: ni ogs þus, Zakaria, duþe ei andhausida ist bida þeina, jah qens þeina Aileisabaiþ gabairid sunu þus, jah haitais namo is Iohannen.	𐌵𐌰𐌸 𐌸𐌰𐌽 𐌳𐌿 𐌹𐌼𐌼𐌰 𐍃𐌰 𐌰𐌲𐌲𐌹𐌻𐌿𐍃: 𐌽𐌹 𐍉𐌲𐍃 𐌸𐌿𐍃, 𐌶𐌰𐌺𐌰𐍂𐌹𐌰, 𐌳𐌿𐌸𐌴 𐌴𐌹 𐌰𐌽𐌳𐌷𐌰𐌿𐍃𐌹𐌳𐌰 𐌹𐍃𐍄 𐌱𐌹𐌳𐌰 𐌸𐌴𐌹𐌽𐌰, 𐌾𐌰𐌷 𐌵𐌴𐌽𐍃 𐌸𐌴𐌹𐌽𐌰 𐌰𐌹𐌻𐌴𐌹𐍃𐌰𐌱𐌰𐌹𐌸 𐌲𐌰𐌱𐌰𐌹𐍂𐌹𐌳 𐍃𐌿𐌽𐌿 𐌸𐌿𐍃, 𐌾𐌰𐌷 𐌷𐌰𐌹𐍄𐌰𐌹𐍃 𐌽𐌰𐌼𐍉 𐌹𐍃 𐌹𐍉𐌷𐌰𐌽𐌽𐌴𐌽.
okay	train_0018_d0	llm_diversify	2	making signs	bandwjands	𐌱𐌰𐌽𐌳𐍅𐌾𐌰𐌽𐌳𐍃	yes	2	bandwjan: designate, indicate, make a sign, mark (V.), signify	3	galēwjands: traitor	4	tandjan: ignite, kindle (V.), light a lamp, make burn	When he came out, he could not speak to them, and they perceived that he had seen a vision in the temple. He continued making signs to them, and remained mute.	usgaggands þan ni mahta du im rodjan, jah froþun þammei siun gasahv in alh; jah silba was bandwjands im jah gawas dumbs.	𐌿𐍃𐌲𐌰𐌲𐌲𐌰𐌽𐌳𐍃 𐌸𐌰𐌽 𐌽𐌹 𐌼𐌰𐌷𐍄𐌰 𐌳𐌿 𐌹𐌼 𐍂𐍉𐌳𐌾𐌰𐌽, 𐌾𐌰𐌷 𐍆𐍂𐍉𐌸𐌿𐌽 𐌸𐌰𐌼𐌼𐌴𐌹 𐍃𐌹𐌿𐌽 𐌲𐌰𐍃𐌰𐍈 𐌹𐌽 𐌰𐌻𐌷; 𐌾𐌰𐌷 𐍃𐌹𐌻𐌱𐌰 𐍅𐌰𐍃 𐌱𐌰𐌽𐌳𐍅𐌾𐌰𐌽𐌳𐍃 𐌹𐌼 𐌾𐌰𐌷 𐌲𐌰𐍅𐌰𐍃 𐌳𐌿𐌼𐌱𐍃.
okay	train_0047_d0	llm_diversify	2	forever	und aiw	𐌿𐌽𐌳 𐌰𐌹𐍅	yes	2	ni aiw: never	3	und andi: at last, in the end, ultimately	3	sunsaiw: at once, immediately, in the same moment, just then, right t...	As he spoke to our fathers, to Abraham and his seed forever."	swaswe rodida du attam unsaraim Abrahama jah fraiwa is und aiw.	𐍃𐍅𐌰𐍃𐍅𐌴 𐍂𐍉𐌳𐌹𐌳𐌰 𐌳𐌿 𐌰𐍄𐍄𐌰𐌼 𐌿𐌽𐍃𐌰𐍂𐌰𐌹𐌼 𐌰𐌱𐍂𐌰𐌷𐌰𐌼𐌰 𐌾𐌰𐌷 𐍆𐍂𐌰𐌹𐍅𐌰 𐌹𐍃 𐌿𐌽𐌳 𐌰𐌹𐍅.
okay	train_0055_o1	llm_original	2	wrote	gahmelida	𐌲𐌰𐌷𐌼𐌴𐌻𐌹𐌳𐌰	yes	2	gamēlidō: scripture	3	gamēliþs: scripture	4	gaƕeilan: cease, come to rest, rest (V.), take a rest	He asked for a writing tablet, and wrote, "His name is John." They all marveled.	iþ is sokjands spilda nam gahmelida qiþands: Iohannes ist namo is; jah sildaleikidedun allai.	𐌹𐌸 𐌹𐍃 𐍃𐍉𐌺𐌾𐌰𐌽𐌳𐍃 𐍃𐍀𐌹𐌻𐌳𐌰 𐌽𐌰𐌼 𐌲𐌰𐌷𐌼𐌴𐌻𐌹𐌳𐌰 𐌵𐌹𐌸𐌰𐌽𐌳𐍃: 𐌹𐍉𐌷𐌰𐌽𐌽𐌴𐍃 𐌹𐍃𐍄 𐌽𐌰𐌼𐍉 𐌹𐍃; 𐌾𐌰𐌷 𐍃𐌹𐌻𐌳𐌰𐌻𐌴𐌹𐌺𐌹𐌳𐌴𐌳𐌿𐌽 𐌰𐌻𐌻𐌰𐌹.
okay	train_0150_o2	llm_original	2	departed	afstoþ	𐌰𐍆𐍃𐍄𐍉𐌸	yes	2	astaþ: certainty, truth	3	laistōn: achieve	3	lustōn: desire (V.), lust after	When the devil had completed every temptation, he departed from him until another time.	jah ustiuhands all fraistobnjo diabulus, afstoþ fairra imma und mel.	𐌾𐌰𐌷 𐌿𐍃𐍄𐌹𐌿𐌷𐌰𐌽𐌳𐍃 𐌰𐌻𐌻 𐍆𐍂𐌰𐌹𐍃𐍄𐍉𐌱𐌽𐌾𐍉 𐌳𐌹𐌰𐌱𐌿𐌻𐌿𐍃, 𐌰𐍆𐍃𐍄𐍉𐌸 𐍆𐌰𐌹𐍂𐍂𐌰 𐌹𐌼𐌼𐌰 𐌿𐌽𐌳 𐌼𐌴𐌻.
okay	train_0158_d0	llm_diversify	2	hometown	gabaurþai	𐌲𐌰𐌱𐌰𐌿𐍂𐌸𐌰𐌹	yes	2	gabaúrþs: birth, birthplace, descent, ethnic origin, native country, r...	3	gabáuan: lodge (V.), make a home, reside, take up residence	3	gawaúrki: acquisition, acquisitiveness, business, business deal, comme...	He said to them, "Doubtless you will tell me this parable, 'Physician, heal yourself! Whatever we have heard done at Capernaum, do also here in your hometown.'"	jah qaþ du im: aufto qiþiþ mis þo gajukon: þu leiki, hailei þuk silban; hvan filu hausidedum waurþan in Kafarnaum, tawei jah her in gabaurþai þeinai.	𐌾𐌰𐌷 𐌵𐌰𐌸 𐌳𐌿 𐌹𐌼: 𐌰𐌿𐍆𐍄𐍉 𐌵𐌹𐌸𐌹𐌸 𐌼𐌹𐍃 𐌸𐍉 𐌲𐌰𐌾𐌿𐌺𐍉𐌽: 𐌸𐌿 𐌻𐌴𐌹𐌺𐌹, 𐌷𐌰𐌹𐌻𐌴𐌹 𐌸𐌿𐌺 𐍃𐌹𐌻𐌱𐌰𐌽; 𐍈𐌰𐌽 𐍆𐌹𐌻𐌿 𐌷𐌰𐌿𐍃𐌹𐌳𐌴𐌳𐌿𐌼 𐍅𐌰𐌿𐍂𐌸𐌰𐌽 𐌹𐌽 𐌺𐌰𐍆𐌰𐍂𐌽𐌰𐌿𐌼, 𐍄𐌰𐍅𐌴𐌹 𐌾𐌰𐌷 𐌷𐌴𐍂 𐌹𐌽 𐌲𐌰𐌱𐌰𐌿𐍂𐌸𐌰𐌹 𐌸𐌴𐌹𐌽𐌰𐌹.
okay	train_0171_d0	llm_diversify	2	diseases	sauhtim	𐍃𐌰𐌿𐌷𐍄𐌹𐌼	yes	2	saúhts: ailment, disease, illness, sickness	3	raíhtis: be sure, certainly, in fact, indeed, most assuredly, namely,...	3	daúhts: banquet, feast (N.)	When the sun was setting, all those who had any sick with various diseases brought them to him; and he laid his hands on every one of them, and healed them.	miþþanei þan sagq sunno, allai swa managai swe habaidedun siukans sauhtim missaleikaim, brahtedun ins at imma: iþ is ainhvarjammeh ize handuns analagjands gahailida ins.	𐌼𐌹𐌸𐌸𐌰𐌽𐌴𐌹 𐌸𐌰𐌽 𐍃𐌰𐌲𐌵 𐍃𐌿𐌽𐌽𐍉, 𐌰𐌻𐌻𐌰𐌹 𐍃𐍅𐌰 𐌼𐌰𐌽𐌰𐌲𐌰𐌹 𐍃𐍅𐌴 𐌷𐌰𐌱𐌰𐌹𐌳𐌴𐌳𐌿𐌽 𐍃𐌹𐌿𐌺𐌰𐌽𐍃 𐍃𐌰𐌿𐌷𐍄𐌹𐌼 𐌼𐌹𐍃𐍃𐌰𐌻𐌴𐌹𐌺𐌰𐌹𐌼, 𐌱𐍂𐌰𐌷𐍄𐌴𐌳𐌿𐌽 𐌹𐌽𐍃 𐌰𐍄 𐌹𐌼𐌼𐌰: 𐌹𐌸 𐌹𐍃 𐌰𐌹𐌽𐍈𐌰𐍂𐌾𐌰𐌼𐌼𐌴𐌷 𐌹𐌶𐌴 𐌷𐌰𐌽𐌳𐌿𐌽𐍃 𐌰𐌽𐌰𐌻𐌰𐌲𐌾𐌰𐌽𐌳𐍃 𐌲𐌰𐌷𐌰𐌹𐌻𐌹𐌳𐌰 𐌹𐌽𐍃.
okay	train_0262_d0	llm_diversify	2	saw	gasaihvands	𐌲𐌰𐍃𐌰𐌹𐍈𐌰𐌽𐌳𐍃	no	2	gasaíƕans: visible	3	gasaíƕan: catch sight of, espy, look at, perceive, see (V.)	3	unsaíƕands: blind (Adj.), unseeing	When the Lord saw her, he had compassion on her, and said to her, "Don't cry."	jah gasaihvands þo frauja Iesus infeinoda du izai jah qaþ du izai: ni gret!	𐌾𐌰𐌷 𐌲𐌰𐍃𐌰𐌹𐍈𐌰𐌽𐌳𐍃 𐌸𐍉 𐍆𐍂𐌰𐌿𐌾𐌰 𐌹𐌴𐍃𐌿𐍃 𐌹𐌽𐍆𐌴𐌹𐌽𐍉𐌳𐌰 𐌳𐌿 𐌹𐌶𐌰𐌹 𐌾𐌰𐌷 𐌵𐌰𐌸 𐌳𐌿 𐌹𐌶𐌰𐌹: 𐌽𐌹 𐌲𐍂𐌴𐍄!
okay	train_0268_d0	llm_diversify	2	calling	athaitands	𐌰𐍄𐌷𐌰𐌹𐍄𐌰𐌽𐌳𐍃	yes	2	athaitan: bid come, call to one’s side, summon (V.)	3	hatands: enemy	4	gahaitan: announce as a pledge, call together, claim to be, convoke, p...	John, calling to himself two of his disciples, sent them to Jesus, saying, "Are you the one who is coming, or should we look for another?"	jah athaitands twans siponje seinaize Iohannes insandida ins du Iesua qiþands: þû is sa qimanda þau anþaranu wenjaima?	𐌾𐌰𐌷 𐌰𐍄𐌷𐌰𐌹𐍄𐌰𐌽𐌳𐍃 𐍄𐍅𐌰𐌽𐍃 𐍃𐌹𐍀𐍉𐌽𐌾𐌴 𐍃𐌴𐌹𐌽𐌰𐌹𐌶𐌴 𐌹𐍉𐌷𐌰𐌽𐌽𐌴𐍃 𐌹𐌽𐍃𐌰𐌽𐌳𐌹𐌳𐌰 𐌹𐌽𐍃 𐌳𐌿 𐌹𐌴𐍃𐌿𐌰 𐌵𐌹𐌸𐌰𐌽𐌳𐍃: 𐌸û 𐌹𐍃 𐍃𐌰 𐌵𐌹𐌼𐌰𐌽𐌳𐌰 𐌸𐌰𐌿 𐌰𐌽𐌸𐌰𐍂𐌰𐌽𐌿 𐍅𐌴𐌽𐌾𐌰𐌹𐌼𐌰?
okay	train_0320_d0	llm_diversify	2	right mind	fraþjandan	𐍆𐍂𐌰𐌸𐌾𐌰𐌽𐌳𐌰𐌽	yes	2	fraþjands: comprehending (Adj.), perceiving (Adj.)	3	fraþjan: be intelligent, be of the opinion, comprehend, perceive, rec...	3	fraslindan: devour, swallow up	People went out to see what had happened. They came to Jesus, and found the man from whom the demons had gone out, sitting at Jesus' feet, clothed and in his right mind; and they were afraid.	usiddjedun þan saihvan þata waurþano jah qemun at Iesua jah bigetun sitandan þana mannan af þammei unhulþons usiddjedun, gawasidana jah fraþjandan faura fotum Iesuis, jah ohtedun.	𐌿𐍃𐌹𐌳𐌳𐌾𐌴𐌳𐌿𐌽 𐌸𐌰𐌽 𐍃𐌰𐌹𐍈𐌰𐌽 𐌸𐌰𐍄𐌰 𐍅𐌰𐌿𐍂𐌸𐌰𐌽𐍉 𐌾𐌰𐌷 𐌵𐌴𐌼𐌿𐌽 𐌰𐍄 𐌹𐌴𐍃𐌿𐌰 𐌾𐌰𐌷 𐌱𐌹𐌲𐌴𐍄𐌿𐌽 𐍃𐌹𐍄𐌰𐌽𐌳𐌰𐌽 𐌸𐌰𐌽𐌰 𐌼𐌰𐌽𐌽𐌰𐌽 𐌰𐍆 𐌸𐌰𐌼𐌼𐌴𐌹 𐌿𐌽𐌷𐌿𐌻𐌸𐍉𐌽𐍃 𐌿𐍃𐌹𐌳𐌳𐌾𐌴𐌳𐌿𐌽, 𐌲𐌰𐍅𐌰𐍃𐌹𐌳𐌰𐌽𐌰 𐌾𐌰𐌷 𐍆𐍂𐌰𐌸𐌾𐌰𐌽𐌳𐌰𐌽 𐍆𐌰𐌿𐍂𐌰 𐍆𐍉𐍄𐌿𐌼 𐌹𐌴𐍃𐌿𐌹𐍃, 𐌾𐌰𐌷 𐍉𐌷𐍄𐌴𐌳𐌿𐌽.
okay	train_0325_o1	llm_original	2	physicians	lekjans	𐌻𐌴𐌺𐌾𐌰𐌽𐍃	yes	2	lēwjan: betray in an act of opportunism, hand over in an opportunist...	3	fētjan: adorn (V.), dress up	3	lētan: allow, emit, leave (V.), leave alone, let (V.), let alone, l...	A woman who had a flow of blood for twelve years, who had spent all her living on physicians, and could not be healed by any,	jah qino wisandei in runa bloþis jera twalif, soei in lekjans fraqam allamma aigina seinamma, jah ni mahta was fram ainomehun galeikinon,	𐌾𐌰𐌷 𐌵𐌹𐌽𐍉 𐍅𐌹𐍃𐌰𐌽𐌳𐌴𐌹 𐌹𐌽 𐍂𐌿𐌽𐌰 𐌱𐌻𐍉𐌸𐌹𐍃 𐌾𐌴𐍂𐌰 𐍄𐍅𐌰𐌻𐌹𐍆, 𐍃𐍉𐌴𐌹 𐌹𐌽 𐌻𐌴𐌺𐌾𐌰𐌽𐍃 𐍆𐍂𐌰𐌵𐌰𐌼 𐌰𐌻𐌻𐌰𐌼𐌼𐌰 𐌰𐌹𐌲𐌹𐌽𐌰 𐍃𐌴𐌹𐌽𐌰𐌼𐌼𐌰, 𐌾𐌰𐌷 𐌽𐌹 𐌼𐌰𐌷𐍄𐌰 𐍅𐌰𐍃 𐍆𐍂𐌰𐌼 𐌰𐌹𐌽𐍉𐌼𐌴𐌷𐌿𐌽 𐌲𐌰𐌻𐌴𐌹𐌺𐌹𐌽𐍉𐌽,
okay	train_0336_d0	llm_diversify	2	depart	usgaggaiþ	𐌿𐍃𐌲𐌰𐌲𐌲𐌰𐌹𐌸	yes	2	usgaggan: come out, go forth, go out, pass out	3	ūtgaggan: exit (V.), go out	4	gagaggan: assemble, come about, come out, come to be, come to pass, co...	Into whatever house you enter, stay there, and depart from there.	jah in þanei gard gaggaiþ, þar saljiþ jah þaþroh usgaggaiþ.	𐌾𐌰𐌷 𐌹𐌽 𐌸𐌰𐌽𐌴𐌹 𐌲𐌰𐍂𐌳 𐌲𐌰𐌲𐌲𐌰𐌹𐌸, 𐌸𐌰𐍂 𐍃𐌰𐌻𐌾𐌹𐌸 𐌾𐌰𐌷 𐌸𐌰𐌸𐍂𐍉𐌷 𐌿𐍃𐌲𐌰𐌲𐌲𐌰𐌹𐌸.
okay	train_0462_d1	llm_diversify	2	forcing	nauþjada	𐌽𐌰𐌿𐌸𐌾𐌰𐌳𐌰	yes	2	nauþjan: compel, exert compulsion upon, force (V.)	3	dauþjan: kill (V.), mortify, put to death	3	auþida: desert (N.), wasteland, wilderness	The law and the prophets were until John. From that time the Good News of the Kingdom of God is preached, and everyone is forcing his way into it.	witoþ jah praufeteis und Iohannen; þaþroh þiudangardi gudis wailamerjada jah hvazuh in izai nauþjada.	𐍅𐌹𐍄𐍉𐌸 𐌾𐌰𐌷 𐍀𐍂𐌰𐌿𐍆𐌴𐍄𐌴𐌹𐍃 𐌿𐌽𐌳 𐌹𐍉𐌷𐌰𐌽𐌽𐌴𐌽; 𐌸𐌰𐌸𐍂𐍉𐌷 𐌸𐌹𐌿𐌳𐌰𐌽𐌲𐌰𐍂𐌳𐌹 𐌲𐌿𐌳𐌹𐍃 𐍅𐌰𐌹𐌻𐌰𐌼𐌴𐍂𐌾𐌰𐌳𐌰 𐌾𐌰𐌷 𐍈𐌰𐌶𐌿𐌷 𐌹𐌽 𐌹𐌶𐌰𐌹 𐌽𐌰𐌿𐌸𐌾𐌰𐌳𐌰.
okay	train_0497_d0	llm_diversify	2	give up	wairþan usgrudjans	𐍅𐌰𐌹𐍂𐌸𐌰𐌽 𐌿𐍃𐌲𐍂𐌿𐌳𐌾𐌰𐌽𐍃	yes	2	usgrudja: ex-avid, exhausted of desire, lacking courage, no longer avi...	3	usdaudjan: be eager, make energetic endeavours, strive vigorously	4	usbugjan: acquire through purchase (V.), buy (V.), buy up, redeem	He also spoke a parable to them that they must always pray, and not give up,	Qaþuþ~þan jah gajukon im du þammei sinteino skulun bidjan jah ni wairþan usgrudjans,	𐌵𐌰𐌸𐌿𐌸~𐌸𐌰𐌽 𐌾𐌰𐌷 𐌲𐌰𐌾𐌿𐌺𐍉𐌽 𐌹𐌼 𐌳𐌿 𐌸𐌰𐌼𐌼𐌴𐌹 𐍃𐌹𐌽𐍄𐌴𐌹𐌽𐍉 𐍃𐌺𐌿𐌻𐌿𐌽 𐌱𐌹𐌳𐌾𐌰𐌽 𐌾𐌰𐌷 𐌽𐌹 𐍅𐌰𐌹𐍂𐌸𐌰𐌽 𐌿𐍃𐌲𐍂𐌿𐌳𐌾𐌰𐌽𐍃,
okay	train_0508_d0	llm_diversify	2	summoned	athaitands	𐌰𐍄𐌷𐌰𐌹𐍄𐌰𐌽𐌳𐍃	yes	2	athaitan: bid come, call to one’s side, summon (V.)	3	hatands: enemy	4	gahaitan: announce as a pledge, call together, claim to be, convoke, p...	Jesus summoned them, saying, "Allow the little children to come to me, and don't hinder them, for the Kingdom of God belongs to such as these.	iþ Iesus athaitands ins qaþ: letiþ þo barna gaggan du mis jah ni warjiþ þo, unte þize swaleikaize ist þiudangardi gudis.	𐌹𐌸 𐌹𐌴𐍃𐌿𐍃 𐌰𐍄𐌷𐌰𐌹𐍄𐌰𐌽𐌳𐍃 𐌹𐌽𐍃 𐌵𐌰𐌸: 𐌻𐌴𐍄𐌹𐌸 𐌸𐍉 𐌱𐌰𐍂𐌽𐌰 𐌲𐌰𐌲𐌲𐌰𐌽 𐌳𐌿 𐌼𐌹𐍃 𐌾𐌰𐌷 𐌽𐌹 𐍅𐌰𐍂𐌾𐌹𐌸 𐌸𐍉, 𐌿𐌽𐍄𐌴 𐌸𐌹𐌶𐌴 𐍃𐍅𐌰𐌻𐌴𐌹𐌺𐌰𐌹𐌶𐌴 𐌹𐍃𐍄 𐌸𐌹𐌿𐌳𐌰𐌽𐌲𐌰𐍂𐌳𐌹 𐌲𐌿𐌳𐌹𐍃.
okay	train_0517_d1	llm_diversify	2	brothers	broþruns	𐌱𐍂𐍉𐌸𐍂𐌿𐌽𐍃	yes	2	brōþrahs: brotherly, fraternal	3	brōþrahans: brethren	3	brūns: brown, shining (Adj.)	He said to them, "Most certainly I tell you, there is no one who has left house, or wife, or brothers, or parents, or children, for the Kingdom of God's sake,	iþ is qaþuh du im: amen, qiþa izwis þatei ni ainshun ist þize afletandane gard aiþþau fadrein aiþþau broþruns aiþþau qen aiþþau barna in þiudangardjos gudis,	𐌹𐌸 𐌹𐍃 𐌵𐌰𐌸𐌿𐌷 𐌳𐌿 𐌹𐌼: 𐌰𐌼𐌴𐌽, 𐌵𐌹𐌸𐌰 𐌹𐌶𐍅𐌹𐍃 𐌸𐌰𐍄𐌴𐌹 𐌽𐌹 𐌰𐌹𐌽𐍃𐌷𐌿𐌽 𐌹𐍃𐍄 𐌸𐌹𐌶𐌴 𐌰𐍆𐌻𐌴𐍄𐌰𐌽𐌳𐌰𐌽𐌴 𐌲𐌰𐍂𐌳 𐌰𐌹𐌸𐌸𐌰𐌿 𐍆𐌰𐌳𐍂𐌴𐌹𐌽 𐌰𐌹𐌸𐌸𐌰𐌿 𐌱𐍂𐍉𐌸𐍂𐌿𐌽𐍃 𐌰𐌹𐌸𐌸𐌰𐌿 𐌵𐌴𐌽 𐌰𐌹𐌸𐌸𐌰𐌿 𐌱𐌰𐍂𐌽𐌰 𐌹𐌽 𐌸𐌹𐌿𐌳𐌰𐌽𐌲𐌰𐍂𐌳𐌾𐍉𐍃 𐌲𐌿𐌳𐌹𐍃,
okay	train_0517_d2	llm_diversify	2	brothers	broþruns	𐌱𐍂𐍉𐌸𐍂𐌿𐌽𐍃	yes	2	brōþrahs: brotherly, fraternal	3	brōþrahans: brethren	3	brūns: brown, shining (Adj.)	He said to them, "Most certainly I tell you, there is no one who has left house, or wife, or brothers, or parents, or children, for the Kingdom of God's sake,	iþ is qaþuh du im: amen, qiþa izwis þatei ni ainshun ist þize afletandane gard aiþþau fadrein aiþþau broþruns aiþþau qen aiþþau barna in þiudangardjos gudis,	𐌹𐌸 𐌹𐍃 𐌵𐌰𐌸𐌿𐌷 𐌳𐌿 𐌹𐌼: 𐌰𐌼𐌴𐌽, 𐌵𐌹𐌸𐌰 𐌹𐌶𐍅𐌹𐍃 𐌸𐌰𐍄𐌴𐌹 𐌽𐌹 𐌰𐌹𐌽𐍃𐌷𐌿𐌽 𐌹𐍃𐍄 𐌸𐌹𐌶𐌴 𐌰𐍆𐌻𐌴𐍄𐌰𐌽𐌳𐌰𐌽𐌴 𐌲𐌰𐍂𐌳 𐌰𐌹𐌸𐌸𐌰𐌿 𐍆𐌰𐌳𐍂𐌴𐌹𐌽 𐌰𐌹𐌸𐌸𐌰𐌿 𐌱𐍂𐍉𐌸𐍂𐌿𐌽𐍃 𐌰𐌹𐌸𐌸𐌰𐌿 𐌵𐌴𐌽 𐌰𐌹𐌸𐌸𐌰𐌿 𐌱𐌰𐍂𐌽𐌰 𐌹𐌽 𐌸𐌹𐌿𐌳𐌰𐌽𐌲𐌰𐍂𐌳𐌾𐍉𐍃 𐌲𐌿𐌳𐌹𐍃,
okay	train_0557_d0	llm_diversify	2	comes	qimanda	𐌵𐌹𐌼𐌰𐌽𐌳𐌰	yes	2	qiman: arrive, come, get to; lat. venire	3	niman: accept (V.), get, pick up, receive, take away, take unto o. ...	3	samana: all together, at the same time, in union	saying, "Blessed is the King who comes in the name of the Lord! Peace in heaven, and glory in the highest!"	qiþandans: þiuþida sa qimanda þiudans in namin fraujins; gawairþi in himina jah wulþus in hauhistjam.	𐌵𐌹𐌸𐌰𐌽𐌳𐌰𐌽𐍃: 𐌸𐌹𐌿𐌸𐌹𐌳𐌰 𐍃𐌰 𐌵𐌹𐌼𐌰𐌽𐌳𐌰 𐌸𐌹𐌿𐌳𐌰𐌽𐍃 𐌹𐌽 𐌽𐌰𐌼𐌹𐌽 𐍆𐍂𐌰𐌿𐌾𐌹𐌽𐍃; 𐌲𐌰𐍅𐌰𐌹𐍂𐌸𐌹 𐌹𐌽 𐌷𐌹𐌼𐌹𐌽𐌰 𐌾𐌰𐌷 𐍅𐌿𐌻𐌸𐌿𐍃 𐌹𐌽 𐌷𐌰𐌿𐌷𐌹𐍃𐍄𐌾𐌰𐌼.
okay	train_0565_d3	llm_diversify	2	leading	frumistans	𐍆𐍂𐌿𐌼𐌹𐍃𐍄𐌰𐌽𐍃	yes	2	frumists: first, foremost, of first rank	3	frumist: at first, before everything, first of all, firstly	3	frumisti: beginning (N.), outset, start (N.)	He was teaching daily in the temple, but the chief priests and the scribes and the leading men among the people sought to destroy him.	jah was laisjands daga hvammeh in þizai alh: iþ þai auhmistans gudjans jah bokarjos sokidedun ina usqistjan jah þai frumistans manageins.	𐌾𐌰𐌷 𐍅𐌰𐍃 𐌻𐌰𐌹𐍃𐌾𐌰𐌽𐌳𐍃 𐌳𐌰𐌲𐌰 𐍈𐌰𐌼𐌼𐌴𐌷 𐌹𐌽 𐌸𐌹𐌶𐌰𐌹 𐌰𐌻𐌷: 𐌹𐌸 𐌸𐌰𐌹 𐌰𐌿𐌷𐌼𐌹𐍃𐍄𐌰𐌽𐍃 𐌲𐌿𐌳𐌾𐌰𐌽𐍃 𐌾𐌰𐌷 𐌱𐍉𐌺𐌰𐍂𐌾𐍉𐍃 𐍃𐍉𐌺𐌹𐌳𐌴𐌳𐌿𐌽 𐌹𐌽𐌰 𐌿𐍃𐌵𐌹𐍃𐍄𐌾𐌰𐌽 𐌾𐌰𐌷 𐌸𐌰𐌹 𐍆𐍂𐌿𐌼𐌹𐍃𐍄𐌰𐌽𐍃 𐌼𐌰𐌽𐌰𐌲𐌴𐌹𐌽𐍃.
okay	train_0580_d0	llm_diversify	2	killed	usqemun	𐌿𐍃𐌵𐌴𐌼𐌿𐌽	yes	2	usqiman: annihilate, destroy, kill (V.), put to death	3	usniman: extract (V.), remove (V.), take along, take away, take from,...	3	usqiþan: divulge, make public, spread the news	They threw him out of the vineyard, and killed him. What therefore will the lord of the vineyard do to them?	jah uswairpandans ina ut us þamma weinagarda usqemun. hva nu taujai im frauja þis weinagardis?	𐌾𐌰𐌷 𐌿𐍃𐍅𐌰𐌹𐍂𐍀𐌰𐌽𐌳𐌰𐌽𐍃 𐌹𐌽𐌰 𐌿𐍄 𐌿𐍃 𐌸𐌰𐌼𐌼𐌰 𐍅𐌴𐌹𐌽𐌰𐌲𐌰𐍂𐌳𐌰 𐌿𐍃𐌵𐌴𐌼𐌿𐌽. 𐍈𐌰 𐌽𐌿 𐍄𐌰𐌿𐌾𐌰𐌹 𐌹𐌼 𐍆𐍂𐌰𐌿𐌾𐌰 𐌸𐌹𐍃 𐍅𐌴𐌹𐌽𐌰𐌲𐌰𐍂𐌳𐌹𐍃?
okay	train_0644_d0	llm_diversify	2	seeing	gasaihvands	𐌲𐌰𐍃𐌰𐌹𐍈𐌰𐌽𐌳𐍃	no	2	gasaíƕans: visible	3	gasaíƕan: catch sight of, espy, look at, perceive, see (V.)	3	unsaíƕands: blind (Adj.), unseeing	Jesus, seeing their faith, said to the paralytic, "Son, your sins are forgiven you."	gasaihvands þan Iesus galaubein ize qaþ du þamma usliþin: barnilo, afletanda þus frawaurhteis þeinos.	𐌲𐌰𐍃𐌰𐌹𐍈𐌰𐌽𐌳𐍃 𐌸𐌰𐌽 𐌹𐌴𐍃𐌿𐍃 𐌲𐌰𐌻𐌰𐌿𐌱𐌴𐌹𐌽 𐌹𐌶𐌴 𐌵𐌰𐌸 𐌳𐌿 𐌸𐌰𐌼𐌼𐌰 𐌿𐍃𐌻𐌹𐌸𐌹𐌽: 𐌱𐌰𐍂𐌽𐌹𐌻𐍉, 𐌰𐍆𐌻𐌴𐍄𐌰𐌽𐌳𐌰 𐌸𐌿𐍃 𐍆𐍂𐌰𐍅𐌰𐌿𐍂𐌷𐍄𐌴𐌹𐍃 𐌸𐌴𐌹𐌽𐍉𐍃.
okay	train_0648_d3	llm_diversify	2	sins	frawaurhtins	𐍆𐍂𐌰𐍅𐌰𐌿𐍂𐌷𐍄𐌹𐌽𐍃	yes	2	frawaúrhts: evil-doing (Adj.), evil-doing (N.), offence, sin (N.), sinfu...	3	frawardeins: corruption, destruction	4	frawaúrkjan: commit a transgression, commit error, sin (V.), transgress	But that you may know that the Son of Man has authority on earth to forgive sins"--he said to the paralytic--	aþþan ei witeiþ þatei waldufni habaiþ sunus mans ana airþai afletan frawaurhtins, qaþ du þamma usliþin:	𐌰𐌸𐌸𐌰𐌽 𐌴𐌹 𐍅𐌹𐍄𐌴𐌹𐌸 𐌸𐌰𐍄𐌴𐌹 𐍅𐌰𐌻𐌳𐌿𐍆𐌽𐌹 𐌷𐌰𐌱𐌰𐌹𐌸 𐍃𐌿𐌽𐌿𐍃 𐌼𐌰𐌽𐍃 𐌰𐌽𐌰 𐌰𐌹𐍂𐌸𐌰𐌹 𐌰𐍆𐌻𐌴𐍄𐌰𐌽 𐍆𐍂𐌰𐍅𐌰𐌿𐍂𐌷𐍄𐌹𐌽𐍃, 𐌵𐌰𐌸 𐌳𐌿 𐌸𐌰𐌼𐌼𐌰 𐌿𐍃𐌻𐌹𐌸𐌹𐌽:
okay	train_0659_d1	llm_diversify	2	began	dugunnun	𐌳𐌿𐌲𐌿𐌽𐌽𐌿𐌽	yes	2	duginnan: attempt, begin (V.), shall being, undertake	3	durinnan: approach (V.), run forth, run to meet, run up	4	atkunnan: acknowledge, learn to know	It happened that he was going on the Sabbath day through the grain fields, and his disciples began, as they went, to pluck the ears of grain.	jah warþ þairhgaggan imma sabbato daga þairh atisk, jah dugunnun siponjos is skewjandans raupjan ahsa.	𐌾𐌰𐌷 𐍅𐌰𐍂𐌸 𐌸𐌰𐌹𐍂𐌷𐌲𐌰𐌲𐌲𐌰𐌽 𐌹𐌼𐌼𐌰 𐍃𐌰𐌱𐌱𐌰𐍄𐍉 𐌳𐌰𐌲𐌰 𐌸𐌰𐌹𐍂𐌷 𐌰𐍄𐌹𐍃𐌺, 𐌾𐌰𐌷 𐌳𐌿𐌲𐌿𐌽𐌽𐌿𐌽 𐍃𐌹𐍀𐍉𐌽𐌾𐍉𐍃 𐌹𐍃 𐍃𐌺𐌴𐍅𐌾𐌰𐌽𐌳𐌰𐌽𐍃 𐍂𐌰𐌿𐍀𐌾𐌰𐌽 𐌰𐌷𐍃𐌰.
okay	train_0680_d1	llm_diversify	2	cannot	ni mag	𐌽𐌹 𐌼𐌰𐌲	yes	2	niman: accept (V.), get, pick up, receive, take away, take unto o. ...	3	niutan: acquire use of, attain, enjoy, obtain disposal of	3	niþan: bring into affinity, bring into kinship, help (V.), make kin...	If a kingdom is divided against itself, that kingdom cannot stand.	jah jabai þiudangardi wiþra sik gadailjada, ni mag standan so þiudangardi jaina.	𐌾𐌰𐌷 𐌾𐌰𐌱𐌰𐌹 𐌸𐌹𐌿𐌳𐌰𐌽𐌲𐌰𐍂𐌳𐌹 𐍅𐌹𐌸𐍂𐌰 𐍃𐌹𐌺 𐌲𐌰𐌳𐌰𐌹𐌻𐌾𐌰𐌳𐌰, 𐌽𐌹 𐌼𐌰𐌲 𐍃𐍄𐌰𐌽𐌳𐌰𐌽 𐍃𐍉 𐌸𐌹𐌿𐌳𐌰𐌽𐌲𐌰𐍂𐌳𐌹 𐌾𐌰𐌹𐌽𐌰.
okay	train_0689_d1	llm_diversify	2	sat	sitandans	𐍃𐌹𐍄𐌰𐌽𐌳𐌰𐌽𐍃	yes	2	standan: be standing, stand (V.)	3	staldan: acquire?, have?	3	usstandan: arise, emerge, proceed out, rise up, stand up	Looking around at those who sat around him, he said, "Behold, my mother and my brothers!	jah bisaihvands bisunjane þans bi sik sitandans qaþ: sai, aiþei meina jah þai broþrjus meinai.	𐌾𐌰𐌷 𐌱𐌹𐍃𐌰𐌹𐍈𐌰𐌽𐌳𐍃 𐌱𐌹𐍃𐌿𐌽𐌾𐌰𐌽𐌴 𐌸𐌰𐌽𐍃 𐌱𐌹 𐍃𐌹𐌺 𐍃𐌹𐍄𐌰𐌽𐌳𐌰𐌽𐍃 𐌵𐌰𐌸: 𐍃𐌰𐌹, 𐌰𐌹𐌸𐌴𐌹 𐌼𐌴𐌹𐌽𐌰 𐌾𐌰𐌷 𐌸𐌰𐌹 𐌱𐍂𐍉𐌸𐍂𐌾𐌿𐍃 𐌼𐌴𐌹𐌽𐌰𐌹.
okay	train_0698_d0	llm_diversify	2	increasing	wahsjando	𐍅𐌰𐌷𐍃𐌾𐌰𐌽𐌳𐍉	yes	2	wahsjan: grow, increase in development, wax (V.) (1)	3	wasjan: be clothed, be dressed, clothe, dress (V.), wear (V.) (1)	3	nasjands: saviour	Others fell into the good ground, and yielded fruit, growing up and increasing. Some brought forth thirty times, some sixty times, and some one hundred times as much."	jah sum gadraus in airþa goda jah gaf akran urrinnando jah wahsjando, jah bar ain ·l· jah ain ·j· jah ain ·r·	𐌾𐌰𐌷 𐍃𐌿𐌼 𐌲𐌰𐌳𐍂𐌰𐌿𐍃 𐌹𐌽 𐌰𐌹𐍂𐌸𐌰 𐌲𐍉𐌳𐌰 𐌾𐌰𐌷 𐌲𐌰𐍆 𐌰𐌺𐍂𐌰𐌽 𐌿𐍂𐍂𐌹𐌽𐌽𐌰𐌽𐌳𐍉 𐌾𐌰𐌷 𐍅𐌰𐌷𐍃𐌾𐌰𐌽𐌳𐍉, 𐌾𐌰𐌷 𐌱𐌰𐍂 𐌰𐌹𐌽 ·𐌻· 𐌾𐌰𐌷 𐌰𐌹𐌽 ·𐌾· 𐌾𐌰𐌷 𐌰𐌹𐌽 ·𐍂·
okay	train_0710_d1	llm_diversify	2	more will be given	biaukada	𐌱𐌹𐌰𐌿𐌺𐌰𐌳𐌰	yes	2	biaukan: add, enlarge, expand	3	biauknan: abound, grow in abundance, increase (V.)	4	jiukan: battle (V.), be a boxer, conquer, fight (V.)	He said to them, "Take heed what you hear. With whatever measure you measure, it will be measured to you, and more will be given to you who hear.	jah qaþ du im: saihviþ, hva hauseiþ! in þizaiei mitaþ mitiþ, mitada izwis jah biaukada izwis þaim galaubjandam.	𐌾𐌰𐌷 𐌵𐌰𐌸 𐌳𐌿 𐌹𐌼: 𐍃𐌰𐌹𐍈𐌹𐌸, 𐍈𐌰 𐌷𐌰𐌿𐍃𐌴𐌹𐌸! 𐌹𐌽 𐌸𐌹𐌶𐌰𐌹𐌴𐌹 𐌼𐌹𐍄𐌰𐌸 𐌼𐌹𐍄𐌹𐌸, 𐌼𐌹𐍄𐌰𐌳𐌰 𐌹𐌶𐍅𐌹𐍃 𐌾𐌰𐌷 𐌱𐌹𐌰𐌿𐌺𐌰𐌳𐌰 𐌹𐌶𐍅𐌹𐍃 𐌸𐌰𐌹𐌼 𐌲𐌰𐌻𐌰𐌿𐌱𐌾𐌰𐌽𐌳𐌰𐌼.
okay	train_0767_d1	llm_diversify	2	relatives	ganiþjam	𐌲𐌰𐌽𐌹𐌸𐌾𐌰𐌼	yes	2	ganiþjis: kinsman, relative (M.)	3	gabidjan: pray, request (V.), say a prayer	3	ganiman: acquire, conceive, learn, receive in recompense, take along,...	Jesus said to them, "A prophet is not without honor, except in his own country, and among his own relatives, and in his own house."	qaþ þan im Iesus þatei nist praufetus unswers, niba in gabaurþai seinai jah in ganiþjam jah in garda seinamma.	𐌵𐌰𐌸 𐌸𐌰𐌽 𐌹𐌼 𐌹𐌴𐍃𐌿𐍃 𐌸𐌰𐍄𐌴𐌹 𐌽𐌹𐍃𐍄 𐍀𐍂𐌰𐌿𐍆𐌴𐍄𐌿𐍃 𐌿𐌽𐍃𐍅𐌴𐍂𐍃, 𐌽𐌹𐌱𐌰 𐌹𐌽 𐌲𐌰𐌱𐌰𐌿𐍂𐌸𐌰𐌹 𐍃𐌴𐌹𐌽𐌰𐌹 𐌾𐌰𐌷 𐌹𐌽 𐌲𐌰𐌽𐌹𐌸𐌾𐌰𐌼 𐌾𐌰𐌷 𐌹𐌽 𐌲𐌰𐍂𐌳𐌰 𐍃𐌴𐌹𐌽𐌰𐌼𐌼𐌰.
okay	train_0772_d0	llm_diversify	2	depart	usgaggaiþ	𐌿𐍃𐌲𐌰𐌲𐌲𐌰𐌹𐌸	yes	2	usgaggan: come out, go forth, go out, pass out	3	ūtgaggan: exit (V.), go out	4	gagaggan: assemble, come about, come out, come to be, come to pass, co...	He said to them, "Wherever you enter into a house, stay there until you depart from there.	jah qaþ du im: þishvaduh þei gaggaiþ in gard, þar saljaiþ, unte usgaggaiþ jainþro.	𐌾𐌰𐌷 𐌵𐌰𐌸 𐌳𐌿 𐌹𐌼: 𐌸𐌹𐍃𐍈𐌰𐌳𐌿𐌷 𐌸𐌴𐌹 𐌲𐌰𐌲𐌲𐌰𐌹𐌸 𐌹𐌽 𐌲𐌰𐍂𐌳, 𐌸𐌰𐍂 𐍃𐌰𐌻𐌾𐌰𐌹𐌸, 𐌿𐌽𐍄𐌴 𐌿𐍃𐌲𐌰𐌲𐌲𐌰𐌹𐌸 𐌾𐌰𐌹𐌽𐌸𐍂𐍉.
okay	train_0775_d0	llm_diversify	2	risen	urrais	𐌿𐍂𐍂𐌰𐌹𐍃	yes	2	urruns: departure, egress (N.), emergence, exit, exodus, latrine, ri...	3	wēreis: agreeable, agreeing (Adj.)	3	unhails: ailing, sick, unhealthy, unwell	King Herod heard this, for his name had become known, and he said, "John the Baptizer has risen from the dead, and therefore these powers are at work in him."	jah gahausida þiudans Herodes, swikunþ allis warþ namo is, jah qaþ þatei Iohannis sa daupjands us dauþaim urrais, jah duþþe waurkjand þos mahteis in imma.	𐌾𐌰𐌷 𐌲𐌰𐌷𐌰𐌿𐍃𐌹𐌳𐌰 𐌸𐌹𐌿𐌳𐌰𐌽𐍃 𐌷𐌴𐍂𐍉𐌳𐌴𐍃, 𐍃𐍅𐌹𐌺𐌿𐌽𐌸 𐌰𐌻𐌻𐌹𐍃 𐍅𐌰𐍂𐌸 𐌽𐌰𐌼𐍉 𐌹𐍃, 𐌾𐌰𐌷 𐌵𐌰𐌸 𐌸𐌰𐍄𐌴𐌹 𐌹𐍉𐌷𐌰𐌽𐌽𐌹𐍃 𐍃𐌰 𐌳𐌰𐌿𐍀𐌾𐌰𐌽𐌳𐍃 𐌿𐍃 𐌳𐌰𐌿𐌸𐌰𐌹𐌼 𐌿𐍂𐍂𐌰𐌹𐍃, 𐌾𐌰𐌷 𐌳𐌿𐌸𐌸𐌴 𐍅𐌰𐌿𐍂𐌺𐌾𐌰𐌽𐌳 𐌸𐍉𐍃 𐌼𐌰𐌷𐍄𐌴𐌹𐍃 𐌹𐌽 𐌹𐌼𐌼𐌰.
okay	train_0775_d1	llm_diversify	2	risen	urrais	𐌿𐍂𐍂𐌰𐌹𐍃	yes	2	urruns: departure, egress (N.), emergence, exit, exodus, latrine, ri...	3	wēreis: agreeable, agreeing (Adj.)	3	unhails: ailing, sick, unhealthy, unwell	King Herod heard this, for his name had become known, and he said, "John the Baptizer has risen from the dead, and therefore these powers are at work in him."	jah gahausida þiudans Herodes, swikunþ allis warþ namo is, jah qaþ þatei Iohannis sa daupjands us dauþaim urrais, jah duþþe waurkjand þos mahteis in imma.	𐌾𐌰𐌷 𐌲𐌰𐌷𐌰𐌿𐍃𐌹𐌳𐌰 𐌸𐌹𐌿𐌳𐌰𐌽𐍃 𐌷𐌴𐍂𐍉𐌳𐌴𐍃, 𐍃𐍅𐌹𐌺𐌿𐌽𐌸 𐌰𐌻𐌻𐌹𐍃 𐍅𐌰𐍂𐌸 𐌽𐌰𐌼𐍉 𐌹𐍃, 𐌾𐌰𐌷 𐌵𐌰𐌸 𐌸𐌰𐍄𐌴𐌹 𐌹𐍉𐌷𐌰𐌽𐌽𐌹𐍃 𐍃𐌰 𐌳𐌰𐌿𐍀𐌾𐌰𐌽𐌳𐍃 𐌿𐍃 𐌳𐌰𐌿𐌸𐌰𐌹𐌼 𐌿𐍂𐍂𐌰𐌹𐍃, 𐌾𐌰𐌷 𐌳𐌿𐌸𐌸𐌴 𐍅𐌰𐌿𐍂𐌺𐌾𐌰𐌽𐌳 𐌸𐍉𐍃 𐌼𐌰𐌷𐍄𐌴𐌹𐍃 𐌹𐌽 𐌹𐌼𐌼𐌰.
okay	train_0787_d0	llm_diversify	2	took up	usnemun	𐌿𐍃𐌽𐌴𐌼𐌿𐌽	yes	2	usniman: extract (V.), remove (V.), take along, take away, take from,...	3	usqiman: annihilate, destroy, kill (V.), put to death	3	uslētan: exclude, let out, oust	When his disciples heard this, they came and took up his corpse, and laid it in a tomb.	jah gahausjandans siponjos is qemun jah usnemun leik is jah galagidedun ita in hlaiwa.	𐌾𐌰𐌷 𐌲𐌰𐌷𐌰𐌿𐍃𐌾𐌰𐌽𐌳𐌰𐌽𐍃 𐍃𐌹𐍀𐍉𐌽𐌾𐍉𐍃 𐌹𐍃 𐌵𐌴𐌼𐌿𐌽 𐌾𐌰𐌷 𐌿𐍃𐌽𐌴𐌼𐌿𐌽 𐌻𐌴𐌹𐌺 𐌹𐍃 𐌾𐌰𐌷 𐌲𐌰𐌻𐌰𐌲𐌹𐌳𐌴𐌳𐌿𐌽 𐌹𐍄𐌰 𐌹𐌽 𐌷𐌻𐌰𐌹𐍅𐌰.
okay	train_0796_d0	llm_diversify	2	pitchers	aurkje	𐌰𐌿𐍂𐌺𐌾𐌴	yes	2	aúrtja: husbandman, tenant farmer, vineyard caretaker, vintner	3	alakjō: all, all inclusively, all together, to a man	3	auk: also, besides, but, for, furthermore, moreover, since	"For you set aside the commandment of God, and hold tightly to the tradition of men--the washing of pitchers and cups, and you do many other such things."	afletandans raihtis anabusn gudis habaiþ þatei anafulhun mannans, daupeinins aurkje jah stikle jah anþar galeik swaleikata manag taujiþ.	𐌰𐍆𐌻𐌴𐍄𐌰𐌽𐌳𐌰𐌽𐍃 𐍂𐌰𐌹𐌷𐍄𐌹𐍃 𐌰𐌽𐌰𐌱𐌿𐍃𐌽 𐌲𐌿𐌳𐌹𐍃 𐌷𐌰𐌱𐌰𐌹𐌸 𐌸𐌰𐍄𐌴𐌹 𐌰𐌽𐌰𐍆𐌿𐌻𐌷𐌿𐌽 𐌼𐌰𐌽𐌽𐌰𐌽𐍃, 𐌳𐌰𐌿𐍀𐌴𐌹𐌽𐌹𐌽𐍃 𐌰𐌿𐍂𐌺𐌾𐌴 𐌾𐌰𐌷 𐍃𐍄𐌹𐌺𐌻𐌴 𐌾𐌰𐌷 𐌰𐌽𐌸𐌰𐍂 𐌲𐌰𐌻𐌴𐌹𐌺 𐍃𐍅𐌰𐌻𐌴𐌹𐌺𐌰𐍄𐌰 𐌼𐌰𐌽𐌰𐌲 𐍄𐌰𐌿𐌾𐌹𐌸.
okay	train_0810_d0	llm_diversify	2	unclean	unhrainjana	𐌿𐌽𐌷𐍂𐌰𐌹𐌽𐌾𐌰𐌽𐌰	yes	2	ushrainjan: clean out, cleanse out, purge out	3	afhrainjan: cleanse away, wipe out	3	gahrainjan: cleanse, make clean, purify	For a woman, whose little daughter had an unclean spirit, having heard of him, came and fell down at his feet.	gahausjandei raihtis qino bi ina, þizozei habaida dauhtar ahman unhrainjana, qimandei draus du fotum is.	𐌲𐌰𐌷𐌰𐌿𐍃𐌾𐌰𐌽𐌳𐌴𐌹 𐍂𐌰𐌹𐌷𐍄𐌹𐍃 𐌵𐌹𐌽𐍉 𐌱𐌹 𐌹𐌽𐌰, 𐌸𐌹𐌶𐍉𐌶𐌴𐌹 𐌷𐌰𐌱𐌰𐌹𐌳𐌰 𐌳𐌰𐌿𐌷𐍄𐌰𐍂 𐌰𐌷𐌼𐌰𐌽 𐌿𐌽𐌷𐍂𐌰𐌹𐌽𐌾𐌰𐌽𐌰, 𐌵𐌹𐌼𐌰𐌽𐌳𐌴𐌹 𐌳𐍂𐌰𐌿𐍃 𐌳𐌿 𐍆𐍉𐍄𐌿𐌼 𐌹𐍃.
okay	train_0817_d1	llm_diversify	2	spat	spewands	𐍃𐍀𐌴𐍅𐌰𐌽𐌳𐍃	yes	2	slawands: quiet (Adj.)	3	sweibands: ceasing	3	speiwan: expectorate, spit (V.) (1)	He took him aside from the multitude, privately, and put his fingers into his ears, and he spat, and touched his tongue.	jah afnimands ina af managein sundro, lagida figgrans seinans in ausona imma jah spewands attaitok tuggon is	𐌾𐌰𐌷 𐌰𐍆𐌽𐌹𐌼𐌰𐌽𐌳𐍃 𐌹𐌽𐌰 𐌰𐍆 𐌼𐌰𐌽𐌰𐌲𐌴𐌹𐌽 𐍃𐌿𐌽𐌳𐍂𐍉, 𐌻𐌰𐌲𐌹𐌳𐌰 𐍆𐌹𐌲𐌲𐍂𐌰𐌽𐍃 𐍃𐌴𐌹𐌽𐌰𐌽𐍃 𐌹𐌽 𐌰𐌿𐍃𐍉𐌽𐌰 𐌹𐌼𐌼𐌰 𐌾𐌰𐌷 𐍃𐍀𐌴𐍅𐌰𐌽𐌳𐍃 𐌰𐍄𐍄𐌰𐌹𐍄𐍉𐌺 𐍄𐌿𐌲𐌲𐍉𐌽 𐌹𐍃
okay	train_0831_d0	llm_diversify	2	departed	uslaiþ	𐌿𐍃𐌻𐌰𐌹𐌸	yes	2	usliþa: of disabled limb, paralytic	3	slahs: affliction, blow (N.), infliction, slap (N.) (= slahs lōfin)...	3	usleiþan: go away, go out, pass forth, travel out, vanish	He left them, and again entering into the boat, departed to the other side.	jah afletands ins, galeiþands aftra in skip uslaiþ hindar marein.	𐌾𐌰𐌷 𐌰𐍆𐌻𐌴𐍄𐌰𐌽𐌳𐍃 𐌹𐌽𐍃, 𐌲𐌰𐌻𐌴𐌹𐌸𐌰𐌽𐌳𐍃 𐌰𐍆𐍄𐍂𐌰 𐌹𐌽 𐍃𐌺𐌹𐍀 𐌿𐍃𐌻𐌰𐌹𐌸 𐌷𐌹𐌽𐌳𐌰𐍂 𐌼𐌰𐍂𐌴𐌹𐌽.
okay	train_0831_d2	llm_diversify	2	departed	uslaiþ	𐌿𐍃𐌻𐌰𐌹𐌸	yes	2	usliþa: of disabled limb, paralytic	3	slahs: affliction, blow (N.), infliction, slap (N.) (= slahs lōfin)...	3	usleiþan: go away, go out, pass forth, travel out, vanish	He left them, and again entering into the boat, departed to the other side.	jah afletands ins, galeiþands aftra in skip uslaiþ hindar marein.	𐌾𐌰𐌷 𐌰𐍆𐌻𐌴𐍄𐌰𐌽𐌳𐍃 𐌹𐌽𐍃, 𐌲𐌰𐌻𐌴𐌹𐌸𐌰𐌽𐌳𐍃 𐌰𐍆𐍄𐍂𐌰 𐌹𐌽 𐍃𐌺𐌹𐍀 𐌿𐍃𐌻𐌰𐌹𐌸 𐌷𐌹𐌽𐌳𐌰𐍂 𐌼𐌰𐍂𐌴𐌹𐌽.
okay	train_0864_d0	llm_diversify	2	asking	sokeiþ	𐍃𐍉𐌺𐌴𐌹𐌸	yes	2	sōkeins: investigation, moot question, question, questioning	3	siukei: ailment, feebleness, infirmity, sickness	3	swaei: so as to, so that, such that, therefore	He asked the scribes, "What are you asking them?"	jah frah þans bokarjans: hva sokeiþ miþ þaim?	𐌾𐌰𐌷 𐍆𐍂𐌰𐌷 𐌸𐌰𐌽𐍃 𐌱𐍉𐌺𐌰𐍂𐌾𐌰𐌽𐍃: 𐍈𐌰 𐍃𐍉𐌺𐌴𐌹𐌸 𐌼𐌹𐌸 𐌸𐌰𐌹𐌼?
okay	train_0866_d0	llm_diversify	2	grinds	kriustiþ	𐌺𐍂𐌹𐌿𐍃𐍄𐌹𐌸	yes	2	kriustan: gnash (V.), grate (V.), grind (V.)	3	krūski: bran	3	brusti: brush (N.), currycomb	and wherever it seizes him, it throws him down, and he foams at the mouth, and grinds his teeth, and wastes away. I asked your disciples to cast it out, and they weren't able."	jah þishvaruh þei ina gafahiþ, gawairpiþ ina, jah hvaþjiþ jah kriustiþ tunþuns seinans jah gastaurkniþ; jah qaþ siponjam þeinaim ei usdreibeina ina, jah ni mahtedun.	𐌾𐌰𐌷 𐌸𐌹𐍃𐍈𐌰𐍂𐌿𐌷 𐌸𐌴𐌹 𐌹𐌽𐌰 𐌲𐌰𐍆𐌰𐌷𐌹𐌸, 𐌲𐌰𐍅𐌰𐌹𐍂𐍀𐌹𐌸 𐌹𐌽𐌰, 𐌾𐌰𐌷 𐍈𐌰𐌸𐌾𐌹𐌸 𐌾𐌰𐌷 𐌺𐍂𐌹𐌿𐍃𐍄𐌹𐌸 𐍄𐌿𐌽𐌸𐌿𐌽𐍃 𐍃𐌴𐌹𐌽𐌰𐌽𐍃 𐌾𐌰𐌷 𐌲𐌰𐍃𐍄𐌰𐌿𐍂𐌺𐌽𐌹𐌸; 𐌾𐌰𐌷 𐌵𐌰𐌸 𐍃𐌹𐍀𐍉𐌽𐌾𐌰𐌼 𐌸𐌴𐌹𐌽𐌰𐌹𐌼 𐌴𐌹 𐌿𐍃𐌳𐍂𐌴𐌹𐌱𐌴𐌹𐌽𐌰 𐌹𐌽𐌰, 𐌾𐌰𐌷 𐌽𐌹 𐌼𐌰𐌷𐍄𐌴𐌳𐌿𐌽.
okay	train_0879_d0	llm_diversify	2	midst	midjaim	𐌼𐌹𐌳𐌾𐌰𐌹𐌼	yes	2	midjis: in the middle, middle (Adj.)	3	bidjan: ask, ask a favour, ask for, beg, beseech, entreat, petition ...	3	maidjan: alter (V.), change (V.), falsify, modify, mutate	He took a little child, and set him in the midst of them. Taking him in his arms, he said to them,	jah nimands barn gasatida ita in midjaim im jah ana armins nimands ita qaþ du im:	𐌾𐌰𐌷 𐌽𐌹𐌼𐌰𐌽𐌳𐍃 𐌱𐌰𐍂𐌽 𐌲𐌰𐍃𐌰𐍄𐌹𐌳𐌰 𐌹𐍄𐌰 𐌹𐌽 𐌼𐌹𐌳𐌾𐌰𐌹𐌼 𐌹𐌼 𐌾𐌰𐌷 𐌰𐌽𐌰 𐌰𐍂𐌼𐌹𐌽𐍃 𐌽𐌹𐌼𐌰𐌽𐌳𐍃 𐌹𐍄𐌰 𐌵𐌰𐌸 𐌳𐌿 𐌹𐌼:
okay	train_0879_d1	llm_diversify	2	midst	midjaim	𐌼𐌹𐌳𐌾𐌰𐌹𐌼	yes	2	midjis: in the middle, middle (Adj.)	3	bidjan: ask, ask a favour, ask for, beg, beseech, entreat, petition ...	3	maidjan: alter (V.), change (V.), falsify, modify, mutate	He took a little child, and set him in the midst of them. Taking him in his arms, he said to them,	jah nimands barn gasatida ita in midjaim im jah ana armins nimands ita qaþ du im:	𐌾𐌰𐌷 𐌽𐌹𐌼𐌰𐌽𐌳𐍃 𐌱𐌰𐍂𐌽 𐌲𐌰𐍃𐌰𐍄𐌹𐌳𐌰 𐌹𐍄𐌰 𐌹𐌽 𐌼𐌹𐌳𐌾𐌰𐌹𐌼 𐌹𐌼 𐌾𐌰𐌷 𐌰𐌽𐌰 𐌰𐍂𐌼𐌹𐌽𐍃 𐌽𐌹𐌼𐌰𐌽𐌳𐍃 𐌹𐍄𐌰 𐌵𐌰𐌸 𐌳𐌿 𐌹𐌼:
okay	train_0901_d1	llm_diversify	2	was moved with indignation	unwerida	𐌿𐌽𐍅𐌴𐍂𐌹𐌳𐌰	yes	2	unswēriþa: disgrace (N.), dishonour (N.), dishonouredness	3	unwērjan: be disagreeable, be unwilling, disagree, refuse to agree	3	swēriþa: dignity, honour (N.)	But when Jesus saw it, he was moved with indignation, and said to them, "Allow the little children to come to me! Don't forbid them, for the Kingdom of God belongs to such as these.	gasaihvands þan Iesus unwerida jah qaþ du im: letiþ þo barna gaggan du mis jah ni warjiþ þo, unte þize swaleikaize ist þiudangardi gudis.	𐌲𐌰𐍃𐌰𐌹𐍈𐌰𐌽𐌳𐍃 𐌸𐌰𐌽 𐌹𐌴𐍃𐌿𐍃 𐌿𐌽𐍅𐌴𐍂𐌹𐌳𐌰 𐌾𐌰𐌷 𐌵𐌰𐌸 𐌳𐌿 𐌹𐌼: 𐌻𐌴𐍄𐌹𐌸 𐌸𐍉 𐌱𐌰𐍂𐌽𐌰 𐌲𐌰𐌲𐌲𐌰𐌽 𐌳𐌿 𐌼𐌹𐍃 𐌾𐌰𐌷 𐌽𐌹 𐍅𐌰𐍂𐌾𐌹𐌸 𐌸𐍉, 𐌿𐌽𐍄𐌴 𐌸𐌹𐌶𐌴 𐍃𐍅𐌰𐌻𐌴𐌹𐌺𐌰𐌹𐌶𐌴 𐌹𐍃𐍄 𐌸𐌹𐌿𐌳𐌰𐌽𐌲𐌰𐍂𐌳𐌹 𐌲𐌿𐌳𐌹𐍃.
okay	train_0903_d0	llm_diversify	2	took them in his arms	gaþlaihands	𐌲𐌰𐌸𐌻𐌰𐌹𐌷𐌰𐌽𐌳𐍃	yes	2	gaþlaihan: admonish, comfort (V.), embrace (V.), encourage, entreat, ex...	3	gaþlaihts: cheering up, comfort (N.), encouragement, heartening	4	gaþeihan: advance (V.), grow, progress (V.), prosper	He took them in his arms, and blessed them, laying his hands on them.	jah gaþlaihands im, lagjands handuns ana þo þiuþida im.	𐌾𐌰𐌷 𐌲𐌰𐌸𐌻𐌰𐌹𐌷𐌰𐌽𐌳𐍃 𐌹𐌼, 𐌻𐌰𐌲𐌾𐌰𐌽𐌳𐍃 𐌷𐌰𐌽𐌳𐌿𐌽𐍃 𐌰𐌽𐌰 𐌸𐍉 𐌸𐌹𐌿𐌸𐌹𐌳𐌰 𐌹𐌼.
okay	train_0956_d1	llm_diversify	2	chief	auhumistans	𐌰𐌿𐌷𐌿𐌼𐌹𐍃𐍄𐌰𐌽𐍃	yes	2	auhumists: highest, top, topmost	3	auhumisto: height, top (N.)	4	aftumists: endmost, final (Adj.), the very last	They came again to Jerusalem, and as he was walking in the temple, the chief priests, and the scribes, and the elders came to him,	jah iddjedun aftra du Iairusaulwmai. jah in alh hvarbondin imma, atiddjedun du imma þai auhumistans gudjans jah bokarjos jah sinistans.	𐌾𐌰𐌷 𐌹𐌳𐌳𐌾𐌴𐌳𐌿𐌽 𐌰𐍆𐍄𐍂𐌰 𐌳𐌿 𐌹𐌰𐌹𐍂𐌿𐍃𐌰𐌿𐌻𐍅𐌼𐌰𐌹. 𐌾𐌰𐌷 𐌹𐌽 𐌰𐌻𐌷 𐍈𐌰𐍂𐌱𐍉𐌽𐌳𐌹𐌽 𐌹𐌼𐌼𐌰, 𐌰𐍄𐌹𐌳𐌳𐌾𐌴𐌳𐌿𐌽 𐌳𐌿 𐌹𐌼𐌼𐌰 𐌸𐌰𐌹 𐌰𐌿𐌷𐌿𐌼𐌹𐍃𐍄𐌰𐌽𐍃 𐌲𐌿𐌳𐌾𐌰𐌽𐍃 𐌾𐌰𐌷 𐌱𐍉𐌺𐌰𐍂𐌾𐍉𐍃 𐌾𐌰𐌷 𐍃𐌹𐌽𐌹𐍃𐍄𐌰𐌽𐍃.
okay	train_1042_d0	llm_diversify	2	Jews	Iudaie	𐌹𐌿𐌳𐌰𐌹𐌴	no	2	Iudaius: Jew	3	iupa: above, aloft, high up, on high	3	iupana: again from the start, anew, from above, from before	Pilate asked him, "Are you the King of the Jews?" He answered, "So you say."	jah frah ina Peilatus: þu is þiudans Iudaie? iþ is andhafjands qaþ du imma: þu qiþis.	𐌾𐌰𐌷 𐍆𐍂𐌰𐌷 𐌹𐌽𐌰 𐍀𐌴𐌹𐌻𐌰𐍄𐌿𐍃: 𐌸𐌿 𐌹𐍃 𐌸𐌹𐌿𐌳𐌰𐌽𐍃 𐌹𐌿𐌳𐌰𐌹𐌴? 𐌹𐌸 𐌹𐍃 𐌰𐌽𐌳𐌷𐌰𐍆𐌾𐌰𐌽𐌳𐍃 𐌵𐌰𐌸 𐌳𐌿 𐌹𐌼𐌼𐌰: 𐌸𐌿 𐌵𐌹𐌸𐌹𐍃.
okay	train_1043_d0	llm_diversify	2	chief	auhumistans	𐌰𐌿𐌷𐌿𐌼𐌹𐍃𐍄𐌰𐌽𐍃	yes	2	auhumists: highest, top, topmost	3	auhumisto: height, top (N.)	4	aftumists: endmost, final (Adj.), the very last	The chief priests accused him of many things.	jah wrohidedun ina þai auhumistans gudjans filu.	𐌾𐌰𐌷 𐍅𐍂𐍉𐌷𐌹𐌳𐌴𐌳𐌿𐌽 𐌹𐌽𐌰 𐌸𐌰𐌹 𐌰𐌿𐌷𐌿𐌼𐌹𐍃𐍄𐌰𐌽𐍃 𐌲𐌿𐌳𐌾𐌰𐌽𐍃 𐍆𐌹𐌻𐌿.
okay	train_1048_d0	llm_diversify	2	delivered	atgebun	𐌰𐍄𐌲𐌴𐌱𐌿𐌽	yes	2	atgiban: deliver into the custody of, give over to, give unto	3	athaban: approach (V.), betake	3	attēkan: lay one’s touch upon, make contact with, touch (V.)	For he perceived that for envy the chief priests had delivered him up.	wissa auk þatei in neiþis atgebun ina þai auhumistans gudjans.	𐍅𐌹𐍃𐍃𐌰 𐌰𐌿𐌺 𐌸𐌰𐍄𐌴𐌹 𐌹𐌽 𐌽𐌴𐌹𐌸𐌹𐍃 𐌰𐍄𐌲𐌴𐌱𐌿𐌽 𐌹𐌽𐌰 𐌸𐌰𐌹 𐌰𐌿𐌷𐌿𐌼𐌹𐍃𐍄𐌰𐌽𐍃 𐌲𐌿𐌳𐌾𐌰𐌽𐍃.
okay	train_1083_d0	llm_diversify	2	goes before	faurbigaggiþ	𐍆𐌰𐌿𐍂𐌱𐌹𐌲𐌰𐌲𐌲𐌹𐌸	yes	2	faúrbigaggan: go ahead of, precede	3	faúragaggi: administration, management, stewardship, superintendency	4	faúragaggan: go before, go in front of, govern, precede, preside over	But go, tell his disciples and Peter, 'He goes before you into Galilee. There you will see him, as he said to you.'"	akei gaggiþ qiþiduh du siponjam is jah du Paitrau þatei faurbigaggiþ izwis in Galeilaian; þaruh ina gasaihviþ, swaswe qaþ izwis.	𐌰𐌺𐌴𐌹 𐌲𐌰𐌲𐌲𐌹𐌸 𐌵𐌹𐌸𐌹𐌳𐌿𐌷 𐌳𐌿 𐍃𐌹𐍀𐍉𐌽𐌾𐌰𐌼 𐌹𐍃 𐌾𐌰𐌷 𐌳𐌿 𐍀𐌰𐌹𐍄𐍂𐌰𐌿 𐌸𐌰𐍄𐌴𐌹 𐍆𐌰𐌿𐍂𐌱𐌹𐌲𐌰𐌲𐌲𐌹𐌸 𐌹𐌶𐍅𐌹𐍃 𐌹𐌽 𐌲𐌰𐌻𐌴𐌹𐌻𐌰𐌹𐌰𐌽; 𐌸𐌰𐍂𐌿𐌷 𐌹𐌽𐌰 𐌲𐌰𐍃𐌰𐌹𐍈𐌹𐌸, 𐍃𐍅𐌰𐍃𐍅𐌴 𐌵𐌰𐌸 𐌹𐌶𐍅𐌹𐍃.
okay	train_1088_d0	llm_diversify	2	glorify	hauhjaina	𐌷𐌰𐌿𐌷𐌾𐌰𐌹𐌽𐌰	yes	2	hauhjan: elevate, exalt, extol, lift on high, make high, praise (V.)	3	haunjan: abase, humiliate, make low	3	hūhjan: accumulate, stockpile (V.), store up	Even so, let your light shine before men; that they may see your good works, and glorify your Father who is in heaven.	swa liuhtjai liuhaþ izwar in andwairþja manne, ei gasaihvaina izwara goda waurstwa jah hauhjaina attan izwarana þana in himinam.	𐍃𐍅𐌰 𐌻𐌹𐌿𐌷𐍄𐌾𐌰𐌹 𐌻𐌹𐌿𐌷𐌰𐌸 𐌹𐌶𐍅𐌰𐍂 𐌹𐌽 𐌰𐌽𐌳𐍅𐌰𐌹𐍂𐌸𐌾𐌰 𐌼𐌰𐌽𐌽𐌴, 𐌴𐌹 𐌲𐌰𐍃𐌰𐌹𐍈𐌰𐌹𐌽𐌰 𐌹𐌶𐍅𐌰𐍂𐌰 𐌲𐍉𐌳𐌰 𐍅𐌰𐌿𐍂𐍃𐍄𐍅𐌰 𐌾𐌰𐌷 𐌷𐌰𐌿𐌷𐌾𐌰𐌹𐌽𐌰 𐌰𐍄𐍄𐌰𐌽 𐌹𐌶𐍅𐌰𐍂𐌰𐌽𐌰 𐌸𐌰𐌽𐌰 𐌹𐌽 𐌷𐌹𐌼𐌹𐌽𐌰𐌼.
okay	train_1088_d2	llm_diversify	2	glorify	hauhjaina	𐌷𐌰𐌿𐌷𐌾𐌰𐌹𐌽𐌰	yes	2	hauhjan: elevate, exalt, extol, lift on high, make high, praise (V.)	3	haunjan: abase, humiliate, make low	3	hūhjan: accumulate, stockpile (V.), store up	Even so, let your light shine before men; that they may see your good works, and glorify your Father who is in heaven.	swa liuhtjai liuhaþ izwar in andwairþja manne, ei gasaihvaina izwara goda waurstwa jah hauhjaina attan izwarana þana in himinam.	𐍃𐍅𐌰 𐌻𐌹𐌿𐌷𐍄𐌾𐌰𐌹 𐌻𐌹𐌿𐌷𐌰𐌸 𐌹𐌶𐍅𐌰𐍂 𐌹𐌽 𐌰𐌽𐌳𐍅𐌰𐌹𐍂𐌸𐌾𐌰 𐌼𐌰𐌽𐌽𐌴, 𐌴𐌹 𐌲𐌰𐍃𐌰𐌹𐍈𐌰𐌹𐌽𐌰 𐌹𐌶𐍅𐌰𐍂𐌰 𐌲𐍉𐌳𐌰 𐍅𐌰𐌿𐍂𐍃𐍄𐍅𐌰 𐌾𐌰𐌷 𐌷𐌰𐌿𐌷𐌾𐌰𐌹𐌽𐌰 𐌰𐍄𐍄𐌰𐌽 𐌹𐌶𐍅𐌰𐍂𐌰𐌽𐌰 𐌸𐌰𐌽𐌰 𐌹𐌽 𐌷𐌹𐌼𐌹𐌽𐌰𐌼.
okay	train_1143_o2	llm_original	2	knows	waituh	𐍅𐌰𐌹𐍄𐌿𐌷	yes	2	waitei: conceivably, perchance, plausibly, possibly	3	haitan: address (V.), be named, bid (V.), call (V.), command (V.), i...	3	waír: adult male, man (M.)	For the Gentiles seek after all these things, for your heavenly Father knows that you need all these things.	all auk þata þiudos sokjand; waituh þan atta izwar sa ufar himinam þatei þaurbuþ ...	𐌰𐌻𐌻 𐌰𐌿𐌺 𐌸𐌰𐍄𐌰 𐌸𐌹𐌿𐌳𐍉𐍃 𐍃𐍉𐌺𐌾𐌰𐌽𐌳; 𐍅𐌰𐌹𐍄𐌿𐌷 𐌸𐌰𐌽 𐌰𐍄𐍄𐌰 𐌹𐌶𐍅𐌰𐍂 𐍃𐌰 𐌿𐍆𐌰𐍂 𐌷𐌹𐌼𐌹𐌽𐌰𐌼 𐌸𐌰𐍄𐌴𐌹 𐌸𐌰𐌿𐍂𐌱𐌿𐌸 ...
okay	train_1183_d0	llm_diversify	2	fed	haldandans	𐌷𐌰𐌻𐌳𐌰𐌽𐌳𐌰𐌽𐍃	yes	2	haldands: shepherd (M.)	3	waldands: powerful, ruler (= waldands)	4	gastandan: abide, assume proper state, come to a halt, come to a standi...	Those who fed them fled, and went away into the city, and told everything, including what happened to those who were possessed with demons.	iþ þai haldandans gaþlauhun jah galeiþandans gataihun in baurg all bi þans daimonarjans.	𐌹𐌸 𐌸𐌰𐌹 𐌷𐌰𐌻𐌳𐌰𐌽𐌳𐌰𐌽𐍃 𐌲𐌰𐌸𐌻𐌰𐌿𐌷𐌿𐌽 𐌾𐌰𐌷 𐌲𐌰𐌻𐌴𐌹𐌸𐌰𐌽𐌳𐌰𐌽𐍃 𐌲𐌰𐍄𐌰𐌹𐌷𐌿𐌽 𐌹𐌽 𐌱𐌰𐌿𐍂𐌲 𐌰𐌻𐌻 𐌱𐌹 𐌸𐌰𐌽𐍃 𐌳𐌰𐌹𐌼𐍉𐌽𐌰𐍂𐌾𐌰𐌽𐍃.
okay	train_1214_d0	llm_diversify	2	gone through	ustiuhiþ	𐌿𐍃𐍄𐌹𐌿𐌷𐌹𐌸	yes	2	ustiuhan: accomplish, bring up, complete (V.), conduct out, consummate...	3	ustaúhts: accomplishment, completeness, completion, consummation, end ...	3	stiuri: control (N.), discipline, guidance, post (N.), self-control,...	But when they persecute you in this city, flee into the next, for most certainly I tell you, you will not have gone through the cities of Israel, until the Son of Man has come.	... þizai baurg, þliuhaiþ in anþara: amen auk qiþa izwis, ei ni ustiuhiþ baurgs Israelis, unte qimiþ sa sunus mans.	... 𐌸𐌹𐌶𐌰𐌹 𐌱𐌰𐌿𐍂𐌲, 𐌸𐌻𐌹𐌿𐌷𐌰𐌹𐌸 𐌹𐌽 𐌰𐌽𐌸𐌰𐍂𐌰: 𐌰𐌼𐌴𐌽 𐌰𐌿𐌺 𐌵𐌹𐌸𐌰 𐌹𐌶𐍅𐌹𐍃, 𐌴𐌹 𐌽𐌹 𐌿𐍃𐍄𐌹𐌿𐌷𐌹𐌸 𐌱𐌰𐌿𐍂𐌲𐍃 𐌹𐍃𐍂𐌰𐌴𐌻𐌹𐍃, 𐌿𐌽𐍄𐌴 𐌵𐌹𐌼𐌹𐌸 𐍃𐌰 𐍃𐌿𐌽𐌿𐍃 𐌼𐌰𐌽𐍃.
okay	train_1286_o0	llm_original	2	ran	þragida	𐌸𐍂𐌰𐌲𐌹𐌳𐌰	yes	2	raida: name of r-rune, riding vehicle, wagon	3	þraihn: accumulation, amount, quantity	3	ragin: adjudgement, assessment, decision, decree (N.), determinatio...	Immediately one of them ran, and took a sponge, and filled it with vinegar, and put it on a reed, and gave him a drink.	jah suns þragida ains us im jah nam swamm fulljands aketis, jah lagjands ana raus draggkida ina.	𐌾𐌰𐌷 𐍃𐌿𐌽𐍃 𐌸𐍂𐌰𐌲𐌹𐌳𐌰 𐌰𐌹𐌽𐍃 𐌿𐍃 𐌹𐌼 𐌾𐌰𐌷 𐌽𐌰𐌼 𐍃𐍅𐌰𐌼𐌼 𐍆𐌿𐌻𐌻𐌾𐌰𐌽𐌳𐍃 𐌰𐌺𐌴𐍄𐌹𐍃, 𐌾𐌰𐌷 𐌻𐌰𐌲𐌾𐌰𐌽𐌳𐍃 𐌰𐌽𐌰 𐍂𐌰𐌿𐍃 𐌳𐍂𐌰𐌲𐌲𐌺𐌹𐌳𐌰 𐌹𐌽𐌰.
okay	train_1297_d1	llm_diversify	2	chief	auhumistans	𐌰𐌿𐌷𐌿𐌼𐌹𐍃𐍄𐌰𐌽𐍃	yes	2	auhumists: highest, top, topmost	3	auhumisto: height, top (N.)	4	aftumists: endmost, final (Adj.), the very last	Now on the next day, which was the day after the Preparation Day, the chief priests and the Pharisees were gathered together to Pilate,	iftumin þan daga, saei ist afar paraskaiwein, gaqemun auhumistans gudjans jah Fareisaieis du Peilatau	𐌹𐍆𐍄𐌿𐌼𐌹𐌽 𐌸𐌰𐌽 𐌳𐌰𐌲𐌰, 𐍃𐌰𐌴𐌹 𐌹𐍃𐍄 𐌰𐍆𐌰𐍂 𐍀𐌰𐍂𐌰𐍃𐌺𐌰𐌹𐍅𐌴𐌹𐌽, 𐌲𐌰𐌵𐌴𐌼𐌿𐌽 𐌰𐌿𐌷𐌿𐌼𐌹𐍃𐍄𐌰𐌽𐍃 𐌲𐌿𐌳𐌾𐌰𐌽𐍃 𐌾𐌰𐌷 𐍆𐌰𐍂𐌴𐌹𐍃𐌰𐌹𐌴𐌹𐍃 𐌳𐌿 𐍀𐌴𐌹𐌻𐌰𐍄𐌰𐌿
okay	train_0069_d0	llm_diversify	2	public appearance	ustaikneinais	𐌿𐍃𐍄𐌰𐌹𐌺𐌽𐌴𐌹𐌽𐌰𐌹𐍃	yes	2	ustaikneins: evidence, marking out, pointing out, proof (N.), revelation,...	4	taikneins: drawing (N.), showing (N.)	4	staineins: made of stone, stone (Adj.), stony	The child was growing, and becoming strong in spirit, and was in the desert until the day of his public appearance to Israel.	iþ þata barn wohs jah swinþnoda ahmin jah was ana auþidom und dag ustaikneinais seinaizos du Israela.	𐌹𐌸 𐌸𐌰𐍄𐌰 𐌱𐌰𐍂𐌽 𐍅𐍉𐌷𐍃 𐌾𐌰𐌷 𐍃𐍅𐌹𐌽𐌸𐌽𐍉𐌳𐌰 𐌰𐌷𐌼𐌹𐌽 𐌾𐌰𐌷 𐍅𐌰𐍃 𐌰𐌽𐌰 𐌰𐌿𐌸𐌹𐌳𐍉𐌼 𐌿𐌽𐌳 𐌳𐌰𐌲 𐌿𐍃𐍄𐌰𐌹𐌺𐌽𐌴𐌹𐌽𐌰𐌹𐍃 𐍃𐌴𐌹𐌽𐌰𐌹𐌶𐍉𐍃 𐌳𐌿 𐌹𐍃𐍂𐌰𐌴𐌻𐌰.
okay	train_0309_d0	llm_diversify	2	brothers	broþrjus	𐌱𐍂𐍉𐌸𐍂𐌾𐌿𐍃	yes	2	brōþrahs: brotherly, fraternal	4	assarjus: assarion, coin worth one ace	4	wrēþus: band (N.) (1), drove (2), herd (N.)	But he answered them, "My mother and my brothers are these who hear the word of God, and do it."	iþ is andhafjands qaþ du im: aiþei meina jah broþrjus meinai þai sind, þai waurd gudis gahausjandans jah taujandans.	𐌹𐌸 𐌹𐍃 𐌰𐌽𐌳𐌷𐌰𐍆𐌾𐌰𐌽𐌳𐍃 𐌵𐌰𐌸 𐌳𐌿 𐌹𐌼: 𐌰𐌹𐌸𐌴𐌹 𐌼𐌴𐌹𐌽𐌰 𐌾𐌰𐌷 𐌱𐍂𐍉𐌸𐍂𐌾𐌿𐍃 𐌼𐌴𐌹𐌽𐌰𐌹 𐌸𐌰𐌹 𐍃𐌹𐌽𐌳, 𐌸𐌰𐌹 𐍅𐌰𐌿𐍂𐌳 𐌲𐌿𐌳𐌹𐍃 𐌲𐌰𐌷𐌰𐌿𐍃𐌾𐌰𐌽𐌳𐌰𐌽𐍃 𐌾𐌰𐌷 𐍄𐌰𐌿𐌾𐌰𐌽𐌳𐌰𐌽𐍃.
okay	train_0309_d1	llm_diversify	2	brothers	broþrjus	𐌱𐍂𐍉𐌸𐍂𐌾𐌿𐍃	yes	2	brōþrahs: brotherly, fraternal	4	assarjus: assarion, coin worth one ace	4	wrēþus: band (N.) (1), drove (2), herd (N.)	But he answered them, "My mother and my brothers are these who hear the word of God, and do it."	iþ is andhafjands qaþ du im: aiþei meina jah broþrjus meinai þai sind, þai waurd gudis gahausjandans jah taujandans.	𐌹𐌸 𐌹𐍃 𐌰𐌽𐌳𐌷𐌰𐍆𐌾𐌰𐌽𐌳𐍃 𐌵𐌰𐌸 𐌳𐌿 𐌹𐌼: 𐌰𐌹𐌸𐌴𐌹 𐌼𐌴𐌹𐌽𐌰 𐌾𐌰𐌷 𐌱𐍂𐍉𐌸𐍂𐌾𐌿𐍃 𐌼𐌴𐌹𐌽𐌰𐌹 𐌸𐌰𐌹 𐍃𐌹𐌽𐌳, 𐌸𐌰𐌹 𐍅𐌰𐌿𐍂𐌳 𐌲𐌿𐌳𐌹𐍃 𐌲𐌰𐌷𐌰𐌿𐍃𐌾𐌰𐌽𐌳𐌰𐌽𐍃 𐌾𐌰𐌷 𐍄𐌰𐌿𐌾𐌰𐌽𐌳𐌰𐌽𐍃.
okay	train_0309_d2	llm_diversify	2	do	taujandans	𐍄𐌰𐌿𐌾𐌰𐌽𐌳𐌰𐌽𐍃	yes	2	taujands: culprit	4	gastandan: abide, assume proper state, come to a halt, come to a standi...	4	taujan: act (V.), construct (V.), do, engage in, execute, form (V.),...	But he answered them, "My mother and my brothers are these who hear the word of God, and do it."	iþ is andhafjands qaþ du im: aiþei meina jah broþrjus meinai þai sind, þai waurd gudis gahausjandans jah taujandans.	𐌹𐌸 𐌹𐍃 𐌰𐌽𐌳𐌷𐌰𐍆𐌾𐌰𐌽𐌳𐍃 𐌵𐌰𐌸 𐌳𐌿 𐌹𐌼: 𐌰𐌹𐌸𐌴𐌹 𐌼𐌴𐌹𐌽𐌰 𐌾𐌰𐌷 𐌱𐍂𐍉𐌸𐍂𐌾𐌿𐍃 𐌼𐌴𐌹𐌽𐌰𐌹 𐌸𐌰𐌹 𐍃𐌹𐌽𐌳, 𐌸𐌰𐌹 𐍅𐌰𐌿𐍂𐌳 𐌲𐌿𐌳𐌹𐍃 𐌲𐌰𐌷𐌰𐌿𐍃𐌾𐌰𐌽𐌳𐌰𐌽𐍃 𐌾𐌰𐌷 𐍄𐌰𐌿𐌾𐌰𐌽𐌳𐌰𐌽𐍃.
okay	train_0369_d0	llm_diversify	2	took	fairgreipands	𐍆𐌰𐌹𐍂𐌲𐍂𐌴𐌹𐍀𐌰𐌽𐌳𐍃	yes	2	faírgreipan: seize, take (V.), take hold of	4	fairweitjands: inquisitive	4	þairhleiþands: passing (Adj.)	Jesus, perceiving the reasoning of their hearts, took a little child, and set him by his side,	iþ Iesus gasaihvands þo miton hairtins ize, fairgreipands barn gasatida faura sis	𐌹𐌸 𐌹𐌴𐍃𐌿𐍃 𐌲𐌰𐍃𐌰𐌹𐍈𐌰𐌽𐌳𐍃 𐌸𐍉 𐌼𐌹𐍄𐍉𐌽 𐌷𐌰𐌹𐍂𐍄𐌹𐌽𐍃 𐌹𐌶𐌴, 𐍆𐌰𐌹𐍂𐌲𐍂𐌴𐌹𐍀𐌰𐌽𐌳𐍃 𐌱𐌰𐍂𐌽 𐌲𐌰𐍃𐌰𐍄𐌹𐌳𐌰 𐍆𐌰𐌿𐍂𐌰 𐍃𐌹𐍃
okay	train_0462_d0	llm_diversify	2	is preached	wailamerjada	𐍅𐌰𐌹𐌻𐌰𐌼𐌴𐍂𐌾𐌰𐌳𐌰	yes	2	waílamērjan: preach the good, proclaim, spread good news of	4	wajamērjan: blaspheme, defame (V.), slander (V.), speak sacrilegiously	4	wajamērjands: blasphemer	The law and the prophets were until John. From that time the Good News of the Kingdom of God is preached, and everyone is forcing his way into it.	witoþ jah praufeteis und Iohannen; þaþroh þiudangardi gudis wailamerjada jah hvazuh in izai nauþjada.	𐍅𐌹𐍄𐍉𐌸 𐌾𐌰𐌷 𐍀𐍂𐌰𐌿𐍆𐌴𐍄𐌴𐌹𐍃 𐌿𐌽𐌳 𐌹𐍉𐌷𐌰𐌽𐌽𐌴𐌽; 𐌸𐌰𐌸𐍂𐍉𐌷 𐌸𐌹𐌿𐌳𐌰𐌽𐌲𐌰𐍂𐌳𐌹 𐌲𐌿𐌳𐌹𐍃 𐍅𐌰𐌹𐌻𐌰𐌼𐌴𐍂𐌾𐌰𐌳𐌰 𐌾𐌰𐌷 𐍈𐌰𐌶𐌿𐌷 𐌹𐌽 𐌹𐌶𐌰𐌹 𐌽𐌰𐌿𐌸𐌾𐌰𐌳𐌰.
okay	train_0651_d0	llm_diversify	2	arose	usstandands	𐌿𐍃𐍃𐍄𐌰𐌽𐌳𐌰𐌽𐌳𐍃	yes	2	usstandan: arise, emerge, proceed out, rise up, stand up	4	gastandan: abide, assume proper state, come to a halt, come to a standi...	4	atstandan: be near, come to, come to stand near, stand adjacently, stan...	As he passed by, he saw Levi, the son of Alphaeus, sitting at the tax office, and he said to him, "Follow me." And he arose and followed him.	jah hvarbonds gasahv Laiwwi þana Alfaiaus sitandan at motai jah qaþ du imma: gagg afar mis. Jah usstandands iddja afar imma.	𐌾𐌰𐌷 𐍈𐌰𐍂𐌱𐍉𐌽𐌳𐍃 𐌲𐌰𐍃𐌰𐍈 𐌻𐌰𐌹𐍅𐍅𐌹 𐌸𐌰𐌽𐌰 𐌰𐌻𐍆𐌰𐌹𐌰𐌿𐍃 𐍃𐌹𐍄𐌰𐌽𐌳𐌰𐌽 𐌰𐍄 𐌼𐍉𐍄𐌰𐌹 𐌾𐌰𐌷 𐌵𐌰𐌸 𐌳𐌿 𐌹𐌼𐌼𐌰: 𐌲𐌰𐌲𐌲 𐌰𐍆𐌰𐍂 𐌼𐌹𐍃. 𐌾𐌰𐌷 𐌿𐍃𐍃𐍄𐌰𐌽𐌳𐌰𐌽𐌳𐍃 𐌹𐌳𐌳𐌾𐌰 𐌰𐍆𐌰𐍂 𐌹𐌼𐌼𐌰.
okay	train_0651_d2	llm_diversify	2	arose	usstandands	𐌿𐍃𐍃𐍄𐌰𐌽𐌳𐌰𐌽𐌳𐍃	yes	2	usstandan: arise, emerge, proceed out, rise up, stand up	4	gastandan: abide, assume proper state, come to a halt, come to a standi...	4	atstandan: be near, come to, come to stand near, stand adjacently, stan...	As he passed by, he saw Levi, the son of Alphaeus, sitting at the tax office, and he said to him, "Follow me." And he arose and followed him.	jah hvarbonds gasahv Laiwwi þana Alfaiaus sitandan at motai jah qaþ du imma: gagg afar mis. Jah usstandands iddja afar imma.	𐌾𐌰𐌷 𐍈𐌰𐍂𐌱𐍉𐌽𐌳𐍃 𐌲𐌰𐍃𐌰𐍈 𐌻𐌰𐌹𐍅𐍅𐌹 𐌸𐌰𐌽𐌰 𐌰𐌻𐍆𐌰𐌹𐌰𐌿𐍃 𐍃𐌹𐍄𐌰𐌽𐌳𐌰𐌽 𐌰𐍄 𐌼𐍉𐍄𐌰𐌹 𐌾𐌰𐌷 𐌵𐌰𐌸 𐌳𐌿 𐌹𐌼𐌼𐌰: 𐌲𐌰𐌲𐌲 𐌰𐍆𐌰𐍂 𐌼𐌹𐍃. 𐌾𐌰𐌷 𐌿𐍃𐍃𐍄𐌰𐌽𐌳𐌰𐌽𐌳𐍃 𐌹𐌳𐌳𐌾𐌰 𐌰𐍆𐌰𐍂 𐌹𐌼𐌼𐌰.
okay	train_0759_d1	llm_diversify	2	entered in	innatgaggands	𐌹𐌽𐌽𐌰𐍄𐌲𐌰𐌲𐌲𐌰𐌽𐌳𐍃	yes	2	innatgaggan: come into, enter, get into, go into	4	inngaggan: enter, go in, proceed on, progress (V.)	5	innatbaíran: bear in thither, bring in, carry all the way in	When he had entered in, he said to them, "Why do you make an uproar and weep? The child is not dead, but is asleep."	jah innatgaggands qaþ du im: hva auhjoþ jah gretiþ? þata barn ni gadauþnoda, ak slepiþ.	𐌾𐌰𐌷 𐌹𐌽𐌽𐌰𐍄𐌲𐌰𐌲𐌲𐌰𐌽𐌳𐍃 𐌵𐌰𐌸 𐌳𐌿 𐌹𐌼: 𐍈𐌰 𐌰𐌿𐌷𐌾𐍉𐌸 𐌾𐌰𐌷 𐌲𐍂𐌴𐍄𐌹𐌸? 𐌸𐌰𐍄𐌰 𐌱𐌰𐍂𐌽 𐌽𐌹 𐌲𐌰𐌳𐌰𐌿𐌸𐌽𐍉𐌳𐌰, 𐌰𐌺 𐍃𐌻𐌴𐍀𐌹𐌸.
okay	train_0973_d0	llm_diversify	2	Render	usgibiþ	𐌿𐍃𐌲𐌹𐌱𐌹𐌸	yes	2	usgiban: give back, give out, offer (V.), pay out, present (V.), reco...	4	gibla: edge of a roof peak, gable	4	ussitan: get up into a sitting position, sit up	Jesus answered them, "Render to Caesar the things that are Caesar's, and to God the things that are God's." They marveled greatly at him.	jah andhafjands Iesus qaþ du im: usgibiþ þo kaisaris kaisara jah þo gudis guda. jah sildaleikidedun ana þamma.	𐌾𐌰𐌷 𐌰𐌽𐌳𐌷𐌰𐍆𐌾𐌰𐌽𐌳𐍃 𐌹𐌴𐍃𐌿𐍃 𐌵𐌰𐌸 𐌳𐌿 𐌹𐌼: 𐌿𐍃𐌲𐌹𐌱𐌹𐌸 𐌸𐍉 𐌺𐌰𐌹𐍃𐌰𐍂𐌹𐍃 𐌺𐌰𐌹𐍃𐌰𐍂𐌰 𐌾𐌰𐌷 𐌸𐍉 𐌲𐌿𐌳𐌹𐍃 𐌲𐌿𐌳𐌰. 𐌾𐌰𐌷 𐍃𐌹𐌻𐌳𐌰𐌻𐌴𐌹𐌺𐌹𐌳𐌴𐌳𐌿𐌽 𐌰𐌽𐌰 𐌸𐌰𐌼𐌼𐌰.
okay	train_0975_d0	llm_diversify	2	dying	gaswiltands	𐌲𐌰𐍃𐍅𐌹𐌻𐍄𐌰𐌽𐌳𐍃	yes	2	gaswiltan: cease living, die (1)	4	gasitan: sit down, take a seat	4	gastalds: acquisitive	There were seven brothers. The first took a wife, and dying left no offspring.	sibun broþrahans wesun; jah sa frumista nam qen jah gaswiltands ni bilaiþ fraiwa.	𐍃𐌹𐌱𐌿𐌽 𐌱𐍂𐍉𐌸𐍂𐌰𐌷𐌰𐌽𐍃 𐍅𐌴𐍃𐌿𐌽; 𐌾𐌰𐌷 𐍃𐌰 𐍆𐍂𐌿𐌼𐌹𐍃𐍄𐌰 𐌽𐌰𐌼 𐌵𐌴𐌽 𐌾𐌰𐌷 𐌲𐌰𐍃𐍅𐌹𐌻𐍄𐌰𐌽𐌳𐍃 𐌽𐌹 𐌱𐌹𐌻𐌰𐌹𐌸 𐍆𐍂𐌰𐌹𐍅𐌰.
okay	train_0975_d2	llm_diversify	2	dying	gaswiltands	𐌲𐌰𐍃𐍅𐌹𐌻𐍄𐌰𐌽𐌳𐍃	yes	2	gaswiltan: cease living, die (1)	4	gasitan: sit down, take a seat	4	gastalds: acquisitive	There were seven brothers. The first took a wife, and dying left no offspring.	sibun broþrahans wesun; jah sa frumista nam qen jah gaswiltands ni bilaiþ fraiwa.	𐍃𐌹𐌱𐌿𐌽 𐌱𐍂𐍉𐌸𐍂𐌰𐌷𐌰𐌽𐍃 𐍅𐌴𐍃𐌿𐌽; 𐌾𐌰𐌷 𐍃𐌰 𐍆𐍂𐌿𐌼𐌹𐍃𐍄𐌰 𐌽𐌰𐌼 𐌵𐌴𐌽 𐌾𐌰𐌷 𐌲𐌰𐍃𐍅𐌹𐌻𐍄𐌰𐌽𐌳𐍃 𐌽𐌹 𐌱𐌹𐌻𐌰𐌹𐌸 𐍆𐍂𐌰𐌹𐍅𐌰.
okay	train_0990_d2	llm_diversify	2	responded	andhafjands	𐌰𐌽𐌳𐌷𐌰𐍆𐌾𐌰𐌽𐌳𐍃	yes	2	andhafjan: answer (V.), reply (V.), respond	4	andhaitan: acknowledge, confess, praise (V.), profess	4	andsaljan: offer as tribute to, pay in tribute to, sacrifice (V.)	Jesus responded, as he taught in the temple, "How is it that the scribes say that the Christ is the son of David?	jah andhafjands Iesus qaþ laisjands in alh: hvaiwa qiþand þai bokarjos þatei Xristus sunus ist Daweidis?	𐌾𐌰𐌷 𐌰𐌽𐌳𐌷𐌰𐍆𐌾𐌰𐌽𐌳𐍃 𐌹𐌴𐍃𐌿𐍃 𐌵𐌰𐌸 𐌻𐌰𐌹𐍃𐌾𐌰𐌽𐌳𐍃 𐌹𐌽 𐌰𐌻𐌷: 𐍈𐌰𐌹𐍅𐌰 𐌵𐌹𐌸𐌰𐌽𐌳 𐌸𐌰𐌹 𐌱𐍉𐌺𐌰𐍂𐌾𐍉𐍃 𐌸𐌰𐍄𐌴𐌹 𐍇𐍂𐌹𐍃𐍄𐌿𐍃 𐍃𐌿𐌽𐌿𐍃 𐌹𐍃𐍄 𐌳𐌰𐍅𐌴𐌹𐌳𐌹𐍃?
okay	train_1006_d0	llm_diversify	2	trouble	usþriutiþ	𐌿𐍃𐌸𐍂𐌹𐌿𐍄𐌹𐌸	yes	2	usþriutan: bother (V.), harass (V.), persecute, plaque (V.), torment (V...	4	usdriusan: fall away, fall off, fall out	4	unþiuþ: badness, evil (N.), non-good	But Jesus said, "Leave her alone. Why do you trouble her? She has done a good work for me.	iþ Iesus qaþ: letiþ þo; duhve izai usþriutiþ? þannu goþ waurstw waurhta bi mis.	𐌹𐌸 𐌹𐌴𐍃𐌿𐍃 𐌵𐌰𐌸: 𐌻𐌴𐍄𐌹𐌸 𐌸𐍉; 𐌳𐌿𐍈𐌴 𐌹𐌶𐌰𐌹 𐌿𐍃𐌸𐍂𐌹𐌿𐍄𐌹𐌸? 𐌸𐌰𐌽𐌽𐌿 𐌲𐍉𐌸 𐍅𐌰𐌿𐍂𐍃𐍄𐍅 𐍅𐌰𐌿𐍂𐌷𐍄𐌰 𐌱𐌹 𐌼𐌹𐍃.
okay	train_1057_d0	llm_diversify	2	compelled	undgripun	𐌿𐌽𐌳𐌲𐍂𐌹𐍀𐌿𐌽	yes	2	undgreipan: lay hold on, seize, take (V.)	4	undrinnan: accrue to, fall to, fall to the share of	4	undrēdan: adduce, advance (V.), grant (V.), provide for	They compelled one passing by, coming from the country, Simon of Cyrene, the father of Alexander and Rufus, to go with them, that he might bear his cross.	jah undgripun sumana manne, Seimona Kwreinaiu, qimandan af akra, attan Alaiksandraus jah Rufaus, ei nemi galgan is.	𐌾𐌰𐌷 𐌿𐌽𐌳𐌲𐍂𐌹𐍀𐌿𐌽 𐍃𐌿𐌼𐌰𐌽𐌰 𐌼𐌰𐌽𐌽𐌴, 𐍃𐌴𐌹𐌼𐍉𐌽𐌰 𐌺𐍅𐍂𐌴𐌹𐌽𐌰𐌹𐌿, 𐌵𐌹𐌼𐌰𐌽𐌳𐌰𐌽 𐌰𐍆 𐌰𐌺𐍂𐌰, 𐌰𐍄𐍄𐌰𐌽 𐌰𐌻𐌰𐌹𐌺𐍃𐌰𐌽𐌳𐍂𐌰𐌿𐍃 𐌾𐌰𐌷 𐍂𐌿𐍆𐌰𐌿𐍃, 𐌴𐌹 𐌽𐌴𐌼𐌹 𐌲𐌰𐌻𐌲𐌰𐌽 𐌹𐍃.
okay	train_1118_d0	llm_diversify	2	reward	usgibiþ	𐌿𐍃𐌲𐌹𐌱𐌹𐌸	yes	2	usgiban: give back, give out, offer (V.), pay out, present (V.), reco...	4	gibla: edge of a roof peak, gable	4	ussitan: get up into a sitting position, sit up	so that your merciful deeds may be in secret, then your Father who sees in secret will reward you openly.	ei sijai so armahairtiþa þeina in fulhsnja, jah atta þeins saei saihviþ in fulhsnja, usgibiþ þus in bairhtein.	𐌴𐌹 𐍃𐌹𐌾𐌰𐌹 𐍃𐍉 𐌰𐍂𐌼𐌰𐌷𐌰𐌹𐍂𐍄𐌹𐌸𐌰 𐌸𐌴𐌹𐌽𐌰 𐌹𐌽 𐍆𐌿𐌻𐌷𐍃𐌽𐌾𐌰, 𐌾𐌰𐌷 𐌰𐍄𐍄𐌰 𐌸𐌴𐌹𐌽𐍃 𐍃𐌰𐌴𐌹 𐍃𐌰𐌹𐍈𐌹𐌸 𐌹𐌽 𐍆𐌿𐌻𐌷𐍃𐌽𐌾𐌰, 𐌿𐍃𐌲𐌹𐌱𐌹𐌸 𐌸𐌿𐍃 𐌹𐌽 𐌱𐌰𐌹𐍂𐌷𐍄𐌴𐌹𐌽.
okay	train_0745_d0	llm_diversify	2	at the point of death	aftumist habaiþ	𐌰𐍆𐍄𐌿𐌼𐌹𐍃𐍄 𐌷𐌰𐌱𐌰𐌹𐌸	yes	2	aftumist haban:	7	iftumin daga:	7	aftumists: endmost, final (Adj.), the very last	and begged him much, saying, "My little daughter is at the point of death. Please come and lay your hands on her, that she may be made healthy, and live."	jah baþ ina filu, qiþands þatei dauhtar meina aftumist habaiþ, ei qimands lagjais ana þo handuns, ei ganisai jah libai.	𐌾𐌰𐌷 𐌱𐌰𐌸 𐌹𐌽𐌰 𐍆𐌹𐌻𐌿, 𐌵𐌹𐌸𐌰𐌽𐌳𐍃 𐌸𐌰𐍄𐌴𐌹 𐌳𐌰𐌿𐌷𐍄𐌰𐍂 𐌼𐌴𐌹𐌽𐌰 𐌰𐍆𐍄𐌿𐌼𐌹𐍃𐍄 𐌷𐌰𐌱𐌰𐌹𐌸, 𐌴𐌹 𐌵𐌹𐌼𐌰𐌽𐌳𐍃 𐌻𐌰𐌲𐌾𐌰𐌹𐍃 𐌰𐌽𐌰 𐌸𐍉 𐌷𐌰𐌽𐌳𐌿𐌽𐍃, 𐌴𐌹 𐌲𐌰𐌽𐌹𐍃𐌰𐌹 𐌾𐌰𐌷 𐌻𐌹𐌱𐌰𐌹.
okay	train_0011_d0	llm_diversify	2	heard	andhausida	𐌰𐌽𐌳𐌷𐌰𐌿𐍃𐌹𐌳𐌰	yes	3	andaugiba: for all to see, in plain sight, obviously, openly	3	andhausjan: give heed to, hearken to, heed (V.), listen to, obey	4	andhaitan: acknowledge, confess, praise (V.), profess	But the angel said to him, "Don't be afraid, Zacharias, because your request has been heard, and your wife, Elizabeth, will bear you a son, and you shall call his name John.	qaþ þan du imma sa aggilus: ni ogs þus, Zakaria, duþe ei andhausida ist bida þeina, jah qens þeina Aileisabaiþ gabairid sunu þus, jah haitais namo is Iohannen.	𐌵𐌰𐌸 𐌸𐌰𐌽 𐌳𐌿 𐌹𐌼𐌼𐌰 𐍃𐌰 𐌰𐌲𐌲𐌹𐌻𐌿𐍃: 𐌽𐌹 𐍉𐌲𐍃 𐌸𐌿𐍃, 𐌶𐌰𐌺𐌰𐍂𐌹𐌰, 𐌳𐌿𐌸𐌴 𐌴𐌹 𐌰𐌽𐌳𐌷𐌰𐌿𐍃𐌹𐌳𐌰 𐌹𐍃𐍄 𐌱𐌹𐌳𐌰 𐌸𐌴𐌹𐌽𐌰, 𐌾𐌰𐌷 𐌵𐌴𐌽𐍃 𐌸𐌴𐌹𐌽𐌰 𐌰𐌹𐌻𐌴𐌹𐍃𐌰𐌱𐌰𐌹𐌸 𐌲𐌰𐌱𐌰𐌹𐍂𐌹𐌳 𐍃𐌿𐌽𐌿 𐌸𐌿𐍃, 𐌾𐌰𐌷 𐌷𐌰𐌹𐍄𐌰𐌹𐍃 𐌽𐌰𐌼𐍉 𐌹𐍃 𐌹𐍉𐌷𐌰𐌽𐌽𐌴𐌽.
okay	train_0011_d1	llm_diversify	2	heard	andhausida	𐌰𐌽𐌳𐌷𐌰𐌿𐍃𐌹𐌳𐌰	yes	3	andaugiba: for all to see, in plain sight, obviously, openly	3	andhausjan: give heed to, hearken to, heed (V.), listen to, obey	4	andhaitan: acknowledge, confess, praise (V.), profess	But the angel said to him, "Don't be afraid, Zacharias, because your request has been heard, and your wife, Elizabeth, will bear you a son, and you shall call his name John.	qaþ þan du imma sa aggilus: ni ogs þus, Zakaria, duþe ei andhausida ist bida þeina, jah qens þeina Aileisabaiþ gabairid sunu þus, jah haitais namo is Iohannen.	𐌵𐌰𐌸 𐌸𐌰𐌽 𐌳𐌿 𐌹𐌼𐌼𐌰 𐍃𐌰 𐌰𐌲𐌲𐌹𐌻𐌿𐍃: 𐌽𐌹 𐍉𐌲𐍃 𐌸𐌿𐍃, 𐌶𐌰𐌺𐌰𐍂𐌹𐌰, 𐌳𐌿𐌸𐌴 𐌴𐌹 𐌰𐌽𐌳𐌷𐌰𐌿𐍃𐌹𐌳𐌰 𐌹𐍃𐍄 𐌱𐌹𐌳𐌰 𐌸𐌴𐌹𐌽𐌰, 𐌾𐌰𐌷 𐌵𐌴𐌽𐍃 𐌸𐌴𐌹𐌽𐌰 𐌰𐌹𐌻𐌴𐌹𐍃𐌰𐌱𐌰𐌹𐌸 𐌲𐌰𐌱𐌰𐌹𐍂𐌹𐌳 𐍃𐌿𐌽𐌿 𐌸𐌿𐍃, 𐌾𐌰𐌷 𐌷𐌰𐌹𐍄𐌰𐌹𐍃 𐌽𐌰𐌼𐍉 𐌹𐍃 𐌹𐍉𐌷𐌰𐌽𐌽𐌴𐌽.
okay	train_0020_d1	llm_diversify	2	hid	galaugnida	𐌲𐌰𐌻𐌰𐌿𐌲𐌽𐌹𐌳𐌰	yes	3	galaugnjan: be hidden, be undiscovered, conceal (V.), escape detection, ...	3	analaugniba: covertly, secretly	4	galaubeins: belief, believing, faith, faithful	After these days Elizabeth, his wife, conceived, and she hid herself five months, saying,	afaruh þan þans dagans inkilþo warþ Aileisabaiþ qens is jah galaugnida sik menoþs fimf, qiþandei:	𐌰𐍆𐌰𐍂𐌿𐌷 𐌸𐌰𐌽 𐌸𐌰𐌽𐍃 𐌳𐌰𐌲𐌰𐌽𐍃 𐌹𐌽𐌺𐌹𐌻𐌸𐍉 𐍅𐌰𐍂𐌸 𐌰𐌹𐌻𐌴𐌹𐍃𐌰𐌱𐌰𐌹𐌸 𐌵𐌴𐌽𐍃 𐌹𐍃 𐌾𐌰𐌷 𐌲𐌰𐌻𐌰𐌿𐌲𐌽𐌹𐌳𐌰 𐍃𐌹𐌺 𐌼𐌴𐌽𐍉𐌸𐍃 𐍆𐌹𐌼𐍆, 𐌵𐌹𐌸𐌰𐌽𐌳𐌴𐌹:
okay	train_0023_d0	llm_diversify	2	pledged to be married	fragibtim	𐍆𐍂𐌰𐌲𐌹𐌱𐍄𐌹𐌼	yes	3	fragifts: bestowal, betrothal, engagement, gift (N.), giving away, gra...	3	fragiban: bestow, forgive, give (V.), grant (V.), pardon (V.), remit (...	4	ragineis: advisor, counsellor, guardian, guide (M.), prescriptor, stew...	to a virgin pledged to be married to a man whose name was Joseph, of the house of David. The virgin's name was Mary.	du magaþai in fragibtim abin, þizei namo Iosef, us garda Daweidis, jah namo þizos magaþais Mariam.	𐌳𐌿 𐌼𐌰𐌲𐌰𐌸𐌰𐌹 𐌹𐌽 𐍆𐍂𐌰𐌲𐌹𐌱𐍄𐌹𐌼 𐌰𐌱𐌹𐌽, 𐌸𐌹𐌶𐌴𐌹 𐌽𐌰𐌼𐍉 𐌹𐍉𐍃𐌴𐍆, 𐌿𐍃 𐌲𐌰𐍂𐌳𐌰 𐌳𐌰𐍅𐌴𐌹𐌳𐌹𐍃, 𐌾𐌰𐌷 𐌽𐌰𐌼𐍉 𐌸𐌹𐌶𐍉𐍃 𐌼𐌰𐌲𐌰𐌸𐌰𐌹𐍃 𐌼𐌰𐍂𐌹𐌰𐌼.
okay	train_0023_d1	llm_diversify	2	pledged to be married	fragibtim	𐍆𐍂𐌰𐌲𐌹𐌱𐍄𐌹𐌼	yes	3	fragifts: bestowal, betrothal, engagement, gift (N.), giving away, gra...	3	fragiban: bestow, forgive, give (V.), grant (V.), pardon (V.), remit (...	4	ragineis: advisor, counsellor, guardian, guide (M.), prescriptor, stew...	to a virgin pledged to be married to a man whose name was Joseph, of the house of David. The virgin's name was Mary.	du magaþai in fragibtim abin, þizei namo Iosef, us garda Daweidis, jah namo þizos magaþais Mariam.	𐌳𐌿 𐌼𐌰𐌲𐌰𐌸𐌰𐌹 𐌹𐌽 𐍆𐍂𐌰𐌲𐌹𐌱𐍄𐌹𐌼 𐌰𐌱𐌹𐌽, 𐌸𐌹𐌶𐌴𐌹 𐌽𐌰𐌼𐍉 𐌹𐍉𐍃𐌴𐍆, 𐌿𐍃 𐌲𐌰𐍂𐌳𐌰 𐌳𐌰𐍅𐌴𐌹𐌳𐌹𐍃, 𐌾𐌰𐌷 𐌽𐌰𐌼𐍉 𐌸𐌹𐌶𐍉𐍃 𐌼𐌰𐌲𐌰𐌸𐌰𐌹𐍃 𐌼𐌰𐍂𐌹𐌰𐌼.
okay	train_0042_d0	llm_diversify	2	done	gatawida	𐌲𐌰𐍄𐌰𐍅𐌹𐌳𐌰	yes	3	gatēmiba: appositely, congruently	3	gatēwiþs: arranged, ordered	3	bannwīda: reach of ban	For he who is mighty has done great things for me. Holy is his name.	unte gatawida mis mikilein sa mahteiga, jah weih namo is.	𐌿𐌽𐍄𐌴 𐌲𐌰𐍄𐌰𐍅𐌹𐌳𐌰 𐌼𐌹𐍃 𐌼𐌹𐌺𐌹𐌻𐌴𐌹𐌽 𐍃𐌰 𐌼𐌰𐌷𐍄𐌴𐌹𐌲𐌰, 𐌾𐌰𐌷 𐍅𐌴𐌹𐌷 𐌽𐌰𐌼𐍉 𐌹𐍃.
okay	train_0048_d0	llm_diversify	2	returned	gawandida	𐌲𐌰𐍅𐌰𐌽𐌳𐌹𐌳𐌰	yes	3	gawandjan: become converted, bring back, convert (V.), return (V.), rev...	3	gawandeins: conversion	4	uswandi: aberrance, cunning (N.), digression, diversion	Mary stayed with her about three months, and then returned to her house.	gastoþ þan Mariam miþ izai swe menoþ(s) þrins jah gawandida sik du garda seinamma.	𐌲𐌰𐍃𐍄𐍉𐌸 𐌸𐌰𐌽 𐌼𐌰𐍂𐌹𐌰𐌼 𐌼𐌹𐌸 𐌹𐌶𐌰𐌹 𐍃𐍅𐌴 𐌼𐌴𐌽𐍉𐌸(𐍃) 𐌸𐍂𐌹𐌽𐍃 𐌾𐌰𐌷 𐌲𐌰𐍅𐌰𐌽𐌳𐌹𐌳𐌰 𐍃𐌹𐌺 𐌳𐌿 𐌲𐌰𐍂𐌳𐌰 𐍃𐌴𐌹𐌽𐌰𐌼𐌼𐌰.
okay	train_0175_d0	llm_diversify	2	pressed on	anatramp	𐌰𐌽𐌰𐍄𐍂𐌰𐌼𐍀	yes	3	anatrimpan: crowd by stepping right next to, step up close to, tread up ...	3	anatjan: force (V.)	4	anaþaíma: accursed one, accursed thing, anathema, curse (N.)	Now it happened, while the multitude pressed on him and heard the word of God, that he was standing by the lake of Gennesaret.	Jah warþ, miþþanei managei anatramp ina du hausjan waurd gudis, jah is silba was standands nehva saiwa Gainnesaraiþ,	𐌾𐌰𐌷 𐍅𐌰𐍂𐌸, 𐌼𐌹𐌸𐌸𐌰𐌽𐌴𐌹 𐌼𐌰𐌽𐌰𐌲𐌴𐌹 𐌰𐌽𐌰𐍄𐍂𐌰𐌼𐍀 𐌹𐌽𐌰 𐌳𐌿 𐌷𐌰𐌿𐍃𐌾𐌰𐌽 𐍅𐌰𐌿𐍂𐌳 𐌲𐌿𐌳𐌹𐍃, 𐌾𐌰𐌷 𐌹𐍃 𐍃𐌹𐌻𐌱𐌰 𐍅𐌰𐍃 𐍃𐍄𐌰𐌽𐌳𐌰𐌽𐌳𐍃 𐌽𐌴𐍈𐌰 𐍃𐌰𐌹𐍅𐌰 𐌲𐌰𐌹𐌽𐌽𐌴𐍃𐌰𐍂𐌰𐌹𐌸,
okay	train_0305_d0	llm_diversify	2	honest	seljamma	𐍃𐌴𐌻𐌾𐌰𐌼𐌼𐌰	yes	3	hlamma: crash-trap, pitfall, snare (N.), trap for crash-falling into	3	skramma: knife, sword	4	saljan: be a guest of, lodge (V.) (intr.), make a tributary offering...	That in the good ground, these are such as in an honest and good heart, having heard the word, hold it tightly, and bring forth fruit with patience.	iþ þata ana þizai godon airþai þai sind þai ize in hairtin godamma jah seljamma gahausjandans þata waurd gahaband jah akran bairand in þulainai.	𐌹𐌸 𐌸𐌰𐍄𐌰 𐌰𐌽𐌰 𐌸𐌹𐌶𐌰𐌹 𐌲𐍉𐌳𐍉𐌽 𐌰𐌹𐍂𐌸𐌰𐌹 𐌸𐌰𐌹 𐍃𐌹𐌽𐌳 𐌸𐌰𐌹 𐌹𐌶𐌴 𐌹𐌽 𐌷𐌰𐌹𐍂𐍄𐌹𐌽 𐌲𐍉𐌳𐌰𐌼𐌼𐌰 𐌾𐌰𐌷 𐍃𐌴𐌻𐌾𐌰𐌼𐌼𐌰 𐌲𐌰𐌷𐌰𐌿𐍃𐌾𐌰𐌽𐌳𐌰𐌽𐍃 𐌸𐌰𐍄𐌰 𐍅𐌰𐌿𐍂𐌳 𐌲𐌰𐌷𐌰𐌱𐌰𐌽𐌳 𐌾𐌰𐌷 𐌰𐌺𐍂𐌰𐌽 𐌱𐌰𐌹𐍂𐌰𐌽𐌳 𐌹𐌽 𐌸𐌿𐌻𐌰𐌹𐌽𐌰𐌹.
okay	train_0321_d0	llm_diversify	2	returned	gawandida	𐌲𐌰𐍅𐌰𐌽𐌳𐌹𐌳𐌰	yes	3	gawandjan: become converted, bring back, convert (V.), return (V.), rev...	3	gawandeins: conversion	4	uswandi: aberrance, cunning (N.), digression, diversion	All the people of the surrounding country of the Gadarenes asked him to depart from them, for they were very much afraid. He entered into the boat, and returned.	jah bedun ina allai gaujans þize Gaddarene galeiþan fairra sis, unte agisa mikilamma dishabaidai wesun. iþ is galeiþands in skip gawandida sik.	𐌾𐌰𐌷 𐌱𐌴𐌳𐌿𐌽 𐌹𐌽𐌰 𐌰𐌻𐌻𐌰𐌹 𐌲𐌰𐌿𐌾𐌰𐌽𐍃 𐌸𐌹𐌶𐌴 𐌲𐌰𐌳𐌳𐌰𐍂𐌴𐌽𐌴 𐌲𐌰𐌻𐌴𐌹𐌸𐌰𐌽 𐍆𐌰𐌹𐍂𐍂𐌰 𐍃𐌹𐍃, 𐌿𐌽𐍄𐌴 𐌰𐌲𐌹𐍃𐌰 𐌼𐌹𐌺𐌹𐌻𐌰𐌼𐌼𐌰 𐌳𐌹𐍃𐌷𐌰𐌱𐌰𐌹𐌳𐌰𐌹 𐍅𐌴𐍃𐌿𐌽. 𐌹𐌸 𐌹𐍃 𐌲𐌰𐌻𐌴𐌹𐌸𐌰𐌽𐌳𐍃 𐌹𐌽 𐍃𐌺𐌹𐍀 𐌲𐌰𐍅𐌰𐌽𐌳𐌹𐌳𐌰 𐍃𐌹𐌺.
okay	train_0340_d0	llm_diversify	2	beheaded	afmaimait	𐌰𐍆𐌼𐌰𐌹𐌼𐌰𐌹𐍄	yes	3	afhaimeis: absent, absent from home, away from home	3	afmaitan: amputate, behead, chop off, cut off, sever	4	afaikan: abjure, deny, disavow, forswear, renounce (V.)	Herod said, "John I beheaded, but who is this, about whom I hear such things?" He sought to see him.	jah qaþ Herodes: Iohannau ik haubiþ afmaimait, iþ hvas ist sa, bi þanei ik hausja swaleik? jah sokida ina gasaihvan.	𐌾𐌰𐌷 𐌵𐌰𐌸 𐌷𐌴𐍂𐍉𐌳𐌴𐍃: 𐌹𐍉𐌷𐌰𐌽𐌽𐌰𐌿 𐌹𐌺 𐌷𐌰𐌿𐌱𐌹𐌸 𐌰𐍆𐌼𐌰𐌹𐌼𐌰𐌹𐍄, 𐌹𐌸 𐍈𐌰𐍃 𐌹𐍃𐍄 𐍃𐌰, 𐌱𐌹 𐌸𐌰𐌽𐌴𐌹 𐌹𐌺 𐌷𐌰𐌿𐍃𐌾𐌰 𐍃𐍅𐌰𐌻𐌴𐌹𐌺? 𐌾𐌰𐌷 𐍃𐍉𐌺𐌹𐌳𐌰 𐌹𐌽𐌰 𐌲𐌰𐍃𐌰𐌹𐍈𐌰𐌽.
okay	train_0382_d0	llm_diversify	2	looking	saihvands	𐍃𐌰𐌹𐍈𐌰𐌽𐌳𐍃	no	3	unsaíƕands: blind (Adj.), unseeing	3	saíƕan: look (V.), observe, see (1), view (V.)	4	daupjands: baptist, baptizer	But Jesus said to him, "No one, having put his hand to the plow, and looking back, is fit for the Kingdom of God."	qaþ þan du imma Iesus: ni manna uslagjands handu seina ana hohan jah saihvands aftra, gatils ist in þiudangardja gudis.	𐌵𐌰𐌸 𐌸𐌰𐌽 𐌳𐌿 𐌹𐌼𐌼𐌰 𐌹𐌴𐍃𐌿𐍃: 𐌽𐌹 𐌼𐌰𐌽𐌽𐌰 𐌿𐍃𐌻𐌰𐌲𐌾𐌰𐌽𐌳𐍃 𐌷𐌰𐌽𐌳𐌿 𐍃𐌴𐌹𐌽𐌰 𐌰𐌽𐌰 𐌷𐍉𐌷𐌰𐌽 𐌾𐌰𐌷 𐍃𐌰𐌹𐍈𐌰𐌽𐌳𐍃 𐌰𐍆𐍄𐍂𐌰, 𐌲𐌰𐍄𐌹𐌻𐍃 𐌹𐍃𐍄 𐌹𐌽 𐌸𐌹𐌿𐌳𐌰𐌽𐌲𐌰𐍂𐌳𐌾𐌰 𐌲𐌿𐌳𐌹𐍃.
okay	train_0438_d0	llm_diversify	2	wasted	distahida	𐌳𐌹𐍃𐍄𐌰𐌷𐌹𐌳𐌰	yes	3	distaíran: rend in pieces, tear asunder	3	distaheins: diaspora, dispersion, scattering	3	distahjan: disperse, scatter, shred, tear to pieces	Not many days after, the younger son gathered all of this together and traveled into a far country. There he wasted his property with riotous living.	jah afar ni managans dagans brahta samana allata sa juhiza sunus jah aflaiþ in land fairra wisando jah jainar distahida þata swes seinata libands usstiuriba.	𐌾𐌰𐌷 𐌰𐍆𐌰𐍂 𐌽𐌹 𐌼𐌰𐌽𐌰𐌲𐌰𐌽𐍃 𐌳𐌰𐌲𐌰𐌽𐍃 𐌱𐍂𐌰𐌷𐍄𐌰 𐍃𐌰𐌼𐌰𐌽𐌰 𐌰𐌻𐌻𐌰𐍄𐌰 𐍃𐌰 𐌾𐌿𐌷𐌹𐌶𐌰 𐍃𐌿𐌽𐌿𐍃 𐌾𐌰𐌷 𐌰𐍆𐌻𐌰𐌹𐌸 𐌹𐌽 𐌻𐌰𐌽𐌳 𐍆𐌰𐌹𐍂𐍂𐌰 𐍅𐌹𐍃𐌰𐌽𐌳𐍉 𐌾𐌰𐌷 𐌾𐌰𐌹𐌽𐌰𐍂 𐌳𐌹𐍃𐍄𐌰𐌷𐌹𐌳𐌰 𐌸𐌰𐍄𐌰 𐍃𐍅𐌴𐍃 𐍃𐌴𐌹𐌽𐌰𐍄𐌰 𐌻𐌹𐌱𐌰𐌽𐌳𐍃 𐌿𐍃𐍃𐍄𐌹𐌿𐍂𐌹𐌱𐌰.
okay	train_0560_d0	llm_diversify	2	had known	wissedeis	𐍅𐌹𐍃𐍃𐌴𐌳𐌴𐌹𐍃	yes	3	wissei: knowledge	3	missadēþs: misdeed, transgression	4	wēreis: agreeable, agreeing (Adj.)	saying, "If you, even you, had known today the things which belong to your peace! But now, they are hidden from your eyes.	þatei iþ wissedeis jah þu in þamma daga þeinamma þo du gawairþja þeinamma! iþ nu gafulgin ist faura augam þeinaim,	𐌸𐌰𐍄𐌴𐌹 𐌹𐌸 𐍅𐌹𐍃𐍃𐌴𐌳𐌴𐌹𐍃 𐌾𐌰𐌷 𐌸𐌿 𐌹𐌽 𐌸𐌰𐌼𐌼𐌰 𐌳𐌰𐌲𐌰 𐌸𐌴𐌹𐌽𐌰𐌼𐌼𐌰 𐌸𐍉 𐌳𐌿 𐌲𐌰𐍅𐌰𐌹𐍂𐌸𐌾𐌰 𐌸𐌴𐌹𐌽𐌰𐌼𐌼𐌰! 𐌹𐌸 𐌽𐌿 𐌲𐌰𐍆𐌿𐌻𐌲𐌹𐌽 𐌹𐍃𐍄 𐍆𐌰𐌿𐍂𐌰 𐌰𐌿𐌲𐌰𐌼 𐌸𐌴𐌹𐌽𐌰𐌹𐌼,
okay	train_0585_d0	llm_diversify	2	be partial to	andsaihvis	𐌰𐌽𐌳𐍃𐌰𐌹𐍈𐌹𐍃	no	3	andwaírþis: against, facing (Adj.), opposite (Adj.), over, vis-a-vis	3	andsaíƕan: examine, give attention to, have regard for, look to, note (...	4	andahait: acknowledgement, confession, recognition	They asked him, "Teacher, we know that you say and teach what is right, and aren't partial to anyone, but truly teach the way of God.	jah frehun ina qiþandans: laisari, witum þatei raihtaba rodeis jah laiseis jah ni andsaihvis andwairþi, ak bi sunjai wig gudis laiseis:	𐌾𐌰𐌷 𐍆𐍂𐌴𐌷𐌿𐌽 𐌹𐌽𐌰 𐌵𐌹𐌸𐌰𐌽𐌳𐌰𐌽𐍃: 𐌻𐌰𐌹𐍃𐌰𐍂𐌹, 𐍅𐌹𐍄𐌿𐌼 𐌸𐌰𐍄𐌴𐌹 𐍂𐌰𐌹𐌷𐍄𐌰𐌱𐌰 𐍂𐍉𐌳𐌴𐌹𐍃 𐌾𐌰𐌷 𐌻𐌰𐌹𐍃𐌴𐌹𐍃 𐌾𐌰𐌷 𐌽𐌹 𐌰𐌽𐌳𐍃𐌰𐌹𐍈𐌹𐍃 𐌰𐌽𐌳𐍅𐌰𐌹𐍂𐌸𐌹, 𐌰𐌺 𐌱𐌹 𐍃𐌿𐌽𐌾𐌰𐌹 𐍅𐌹𐌲 𐌲𐌿𐌳𐌹𐍃 𐌻𐌰𐌹𐍃𐌴𐌹𐍃:
okay	train_0605_d0	llm_diversify	2	Christ	Xristaus	𐍇𐍂𐌹𐍃𐍄𐌰𐌿𐍃	no	3	bristan: burst (V.)	3	rists: lifting (N.), raising (N.)	4	stáua: act of judging, judge (M.), judgement, judicial decision, ve...	The beginning of the Good News of Jesus Christ, the Son of God.	Anastodeins aiwaggeljons Iesuis Xristaus sunaus gudis.	𐌰𐌽𐌰𐍃𐍄𐍉𐌳𐌴𐌹𐌽𐍃 𐌰𐌹𐍅𐌰𐌲𐌲𐌴𐌻𐌾𐍉𐌽𐍃 𐌹𐌴𐍃𐌿𐌹𐍃 𐍇𐍂𐌹𐍃𐍄𐌰𐌿𐍃 𐍃𐌿𐌽𐌰𐌿𐍃 𐌲𐌿𐌳𐌹𐍃.
okay	train_0613_d0	llm_diversify	2	well pleased	galeikaida	𐌲𐌰𐌻𐌴𐌹𐌺𐌰𐌹𐌳𐌰	yes	3	galeiki: like form, likeness, replica, resemblance, similar appearanc...	3	galeika: partner in the same body, „corpus-mate“	3	galeikōnds: imitator	A voice came out of the sky, "You are my beloved Son, in whom I am well pleased."	jah stibna qam us himinam: þu is sunus meins sa liuba, in þuzei waila galeikaida.	𐌾𐌰𐌷 𐍃𐍄𐌹𐌱𐌽𐌰 𐌵𐌰𐌼 𐌿𐍃 𐌷𐌹𐌼𐌹𐌽𐌰𐌼: 𐌸𐌿 𐌹𐍃 𐍃𐌿𐌽𐌿𐍃 𐌼𐌴𐌹𐌽𐍃 𐍃𐌰 𐌻𐌹𐌿𐌱𐌰, 𐌹𐌽 𐌸𐌿𐌶𐌴𐌹 𐍅𐌰𐌹𐌻𐌰 𐌲𐌰𐌻𐌴𐌹𐌺𐌰𐌹𐌳𐌰.
okay	train_0617_d1	llm_diversify	2	passing	hvarbonds	𐍈𐌰𐍂𐌱𐍉𐌽𐌳𐍃	no	3	ƕarbōn: go about, pass on, stroll about, walk about, wander on past	3	habands: having	4	hōrinōnds: adulterous	Passing along by the sea of Galilee, he saw Simon and Andrew the brother of Simon casting a net into the sea, for they were fishermen.	jah hvarbonds faur marein Galeilaias gasahv Seimonu jah Andraian broþar is, þis Seimonis, wairpandans nati in marein; wesun auk fiskjans.	𐌾𐌰𐌷 𐍈𐌰𐍂𐌱𐍉𐌽𐌳𐍃 𐍆𐌰𐌿𐍂 𐌼𐌰𐍂𐌴𐌹𐌽 𐌲𐌰𐌻𐌴𐌹𐌻𐌰𐌹𐌰𐍃 𐌲𐌰𐍃𐌰𐍈 𐍃𐌴𐌹𐌼𐍉𐌽𐌿 𐌾𐌰𐌷 𐌰𐌽𐌳𐍂𐌰𐌹𐌰𐌽 𐌱𐍂𐍉𐌸𐌰𐍂 𐌹𐍃, 𐌸𐌹𐍃 𐍃𐌴𐌹𐌼𐍉𐌽𐌹𐍃, 𐍅𐌰𐌹𐍂𐍀𐌰𐌽𐌳𐌰𐌽𐍃 𐌽𐌰𐍄𐌹 𐌹𐌽 𐌼𐌰𐍂𐌴𐌹𐌽; 𐍅𐌴𐍃𐌿𐌽 𐌰𐌿𐌺 𐍆𐌹𐍃𐌺𐌾𐌰𐌽𐍃.
okay	train_0651_d1	llm_diversify	2	passed by	hvarbonds	𐍈𐌰𐍂𐌱𐍉𐌽𐌳𐍃	no	3	ƕarbōn: go about, pass on, stroll about, walk about, wander on past	3	habands: having	4	hōrinōnds: adulterous	As he passed by, he saw Levi, the son of Alphaeus, sitting at the tax office, and he said to him, "Follow me." And he arose and followed him.	jah hvarbonds gasahv Laiwwi þana Alfaiaus sitandan at motai jah qaþ du imma: gagg afar mis. Jah usstandands iddja afar imma.	𐌾𐌰𐌷 𐍈𐌰𐍂𐌱𐍉𐌽𐌳𐍃 𐌲𐌰𐍃𐌰𐍈 𐌻𐌰𐌹𐍅𐍅𐌹 𐌸𐌰𐌽𐌰 𐌰𐌻𐍆𐌰𐌹𐌰𐌿𐍃 𐍃𐌹𐍄𐌰𐌽𐌳𐌰𐌽 𐌰𐍄 𐌼𐍉𐍄𐌰𐌹 𐌾𐌰𐌷 𐌵𐌰𐌸 𐌳𐌿 𐌹𐌼𐌼𐌰: 𐌲𐌰𐌲𐌲 𐌰𐍆𐌰𐍂 𐌼𐌹𐍃. 𐌾𐌰𐌷 𐌿𐍃𐍃𐍄𐌰𐌽𐌳𐌰𐌽𐌳𐍃 𐌹𐌳𐌳𐌾𐌰 𐌰𐍆𐌰𐍂 𐌹𐌼𐌼𐌰.
okay	train_0651_d3	llm_diversify	2	passed by	hvarbonds	𐍈𐌰𐍂𐌱𐍉𐌽𐌳𐍃	no	3	ƕarbōn: go about, pass on, stroll about, walk about, wander on past	3	habands: having	4	hōrinōnds: adulterous	As he passed by, he saw Levi, the son of Alphaeus, sitting at the tax office, and he said to him, "Follow me." And he arose and followed him.	jah hvarbonds gasahv Laiwwi þana Alfaiaus sitandan at motai jah qaþ du imma: gagg afar mis. Jah usstandands iddja afar imma.	𐌾𐌰𐌷 𐍈𐌰𐍂𐌱𐍉𐌽𐌳𐍃 𐌲𐌰𐍃𐌰𐍈 𐌻𐌰𐌹𐍅𐍅𐌹 𐌸𐌰𐌽𐌰 𐌰𐌻𐍆𐌰𐌹𐌰𐌿𐍃 𐍃𐌹𐍄𐌰𐌽𐌳𐌰𐌽 𐌰𐍄 𐌼𐍉𐍄𐌰𐌹 𐌾𐌰𐌷 𐌵𐌰𐌸 𐌳𐌿 𐌹𐌼𐌼𐌰: 𐌲𐌰𐌲𐌲 𐌰𐍆𐌰𐍂 𐌼𐌹𐍃. 𐌾𐌰𐌷 𐌿𐍃𐍃𐍄𐌰𐌽𐌳𐌰𐌽𐌳𐍃 𐌹𐌳𐌳𐌾𐌰 𐌰𐍆𐌰𐍂 𐌹𐌼𐌼𐌰.
okay	train_0667_d0	llm_diversify	2	withdrew	aflaiþ	𐌰𐍆𐌻𐌰𐌹𐌸	yes	3	allis: (by no means), (in neg. sentences), absolutely, at all (in n...	3	afar: according to, after, following, in accordance with, in pursu...	3	ala: all, the entire, the whole	Jesus withdrew to the sea with his disciples, and a great multitude followed him from Galilee, from Judea,	jah Iesus aflaiþ miþ siponjam seinaim du marein, jah filu manageins us Galeilaia laistidedun afar imma,	𐌾𐌰𐌷 𐌹𐌴𐍃𐌿𐍃 𐌰𐍆𐌻𐌰𐌹𐌸 𐌼𐌹𐌸 𐍃𐌹𐍀𐍉𐌽𐌾𐌰𐌼 𐍃𐌴𐌹𐌽𐌰𐌹𐌼 𐌳𐌿 𐌼𐌰𐍂𐌴𐌹𐌽, 𐌾𐌰𐌷 𐍆𐌹𐌻𐌿 𐌼𐌰𐌽𐌰𐌲𐌴𐌹𐌽𐍃 𐌿𐍃 𐌲𐌰𐌻𐌴𐌹𐌻𐌰𐌹𐌰 𐌻𐌰𐌹𐍃𐍄𐌹𐌳𐌴𐌳𐌿𐌽 𐌰𐍆𐌰𐍂 𐌹𐌼𐌼𐌰,
okay	train_0710_d0	llm_diversify	2	Take heed	saihviþ	𐍃𐌰𐌹𐍈𐌹𐌸	no	3	raíhtis: be sure, certainly, in fact, indeed, most assuredly, namely,...	3	saíƕan: look (V.), observe, see (1), view (V.)	3	raíhtiþa: „rightness“	He said to them, "Take heed what you hear. With whatever measure you measure, it will be measured to you, and more will be given to you who hear.	jah qaþ du im: saihviþ, hva hauseiþ! in þizaiei mitaþ mitiþ, mitada izwis jah biaukada izwis þaim galaubjandam.	𐌾𐌰𐌷 𐌵𐌰𐌸 𐌳𐌿 𐌹𐌼: 𐍃𐌰𐌹𐍈𐌹𐌸, 𐍈𐌰 𐌷𐌰𐌿𐍃𐌴𐌹𐌸! 𐌹𐌽 𐌸𐌹𐌶𐌰𐌹𐌴𐌹 𐌼𐌹𐍄𐌰𐌸 𐌼𐌹𐍄𐌹𐌸, 𐌼𐌹𐍄𐌰𐌳𐌰 𐌹𐌶𐍅𐌹𐍃 𐌾𐌰𐌷 𐌱𐌹𐌰𐌿𐌺𐌰𐌳𐌰 𐌹𐌶𐍅𐌹𐍃 𐌸𐌰𐌹𐌼 𐌲𐌰𐌻𐌰𐌿𐌱𐌾𐌰𐌽𐌳𐌰𐌼.
okay	train_0742_d0	llm_diversify	2	done	gatawida	𐌲𐌰𐍄𐌰𐍅𐌹𐌳𐌰	yes	3	gatēmiba: appositely, congruently	3	gatēwiþs: arranged, ordered	3	bannwīda: reach of ban	He didn't allow him, but said to him, "Go to your house, to your friends, and tell them what great things the Lord has done for you, and how he had mercy on you."	jah ni lailot ina, ak qaþ du imma: gagg du garda þeinamma du þeinaim jah gateih im, hvan filu þus frauja gatawida jah gaarmaida þuk.	𐌾𐌰𐌷 𐌽𐌹 𐌻𐌰𐌹𐌻𐍉𐍄 𐌹𐌽𐌰, 𐌰𐌺 𐌵𐌰𐌸 𐌳𐌿 𐌹𐌼𐌼𐌰: 𐌲𐌰𐌲𐌲 𐌳𐌿 𐌲𐌰𐍂𐌳𐌰 𐌸𐌴𐌹𐌽𐌰𐌼𐌼𐌰 𐌳𐌿 𐌸𐌴𐌹𐌽𐌰𐌹𐌼 𐌾𐌰𐌷 𐌲𐌰𐍄𐌴𐌹𐌷 𐌹𐌼, 𐍈𐌰𐌽 𐍆𐌹𐌻𐌿 𐌸𐌿𐍃 𐍆𐍂𐌰𐌿𐌾𐌰 𐌲𐌰𐍄𐌰𐍅𐌹𐌳𐌰 𐌾𐌰𐌷 𐌲𐌰𐌰𐍂𐌼𐌰𐌹𐌳𐌰 𐌸𐌿𐌺.
okay	train_0742_d1	llm_diversify	2	friends	þeinaim	𐌸𐌴𐌹𐌽𐌰𐌹𐌼	yes	3	weinags: addicted to wine, drunk (Adj.), drunkard (= subst.), drunkar...	3	keinan: bud (V.), germinate, sprout (V.)	3	þeihan: cooperate, gain (V.) (2), make progress, succeed, thrive, wa...	He didn't allow him, but said to him, "Go to your house, to your friends, and tell them what great things the Lord has done for you, and how he had mercy on you."	jah ni lailot ina, ak qaþ du imma: gagg du garda þeinamma du þeinaim jah gateih im, hvan filu þus frauja gatawida jah gaarmaida þuk.	𐌾𐌰𐌷 𐌽𐌹 𐌻𐌰𐌹𐌻𐍉𐍄 𐌹𐌽𐌰, 𐌰𐌺 𐌵𐌰𐌸 𐌳𐌿 𐌹𐌼𐌼𐌰: 𐌲𐌰𐌲𐌲 𐌳𐌿 𐌲𐌰𐍂𐌳𐌰 𐌸𐌴𐌹𐌽𐌰𐌼𐌼𐌰 𐌳𐌿 𐌸𐌴𐌹𐌽𐌰𐌹𐌼 𐌾𐌰𐌷 𐌲𐌰𐍄𐌴𐌹𐌷 𐌹𐌼, 𐍈𐌰𐌽 𐍆𐌹𐌻𐌿 𐌸𐌿𐍃 𐍆𐍂𐌰𐌿𐌾𐌰 𐌲𐌰𐍄𐌰𐍅𐌹𐌳𐌰 𐌾𐌰𐌷 𐌲𐌰𐌰𐍂𐌼𐌰𐌹𐌳𐌰 𐌸𐌿𐌺.
okay	train_0768_d0	llm_diversify	2	few	fawaim	𐍆𐌰𐍅𐌰𐌹𐌼	yes	3	fram: about, at, before, by, farther, forth, forwards, from, near,...	3	waír: adult male, man (M.)	3	farwa: appearance, external shape, form (N.), visible exterior	He could do no mighty work there, except that he laid his hands on a few sick people, and healed them.	jah ni mahta jainar ainohun mahte gataujan, niba fawaim siukaim handuns galagjands gahailida.	𐌾𐌰𐌷 𐌽𐌹 𐌼𐌰𐌷𐍄𐌰 𐌾𐌰𐌹𐌽𐌰𐍂 𐌰𐌹𐌽𐍉𐌷𐌿𐌽 𐌼𐌰𐌷𐍄𐌴 𐌲𐌰𐍄𐌰𐌿𐌾𐌰𐌽, 𐌽𐌹𐌱𐌰 𐍆𐌰𐍅𐌰𐌹𐌼 𐍃𐌹𐌿𐌺𐌰𐌹𐌼 𐌷𐌰𐌽𐌳𐌿𐌽𐍃 𐌲𐌰𐌻𐌰𐌲𐌾𐌰𐌽𐌳𐍃 𐌲𐌰𐌷𐌰𐌹𐌻𐌹𐌳𐌰.
okay	train_0853_d0	llm_diversify	2	changed	inmaidida	𐌹𐌽𐌼𐌰𐌹𐌳𐌹𐌳𐌰	yes	3	inmaideins: exchange (N.), interchange (N.), substitution	3	inmaidjan: exchange (V.), metamorphose, transfigure, transform, transmu...	4	unfaírina: beyond accusation, blameless, unassailable, unblamable, unim...	After six days Jesus took with him Peter, James, and John, and brought them up onto a high mountain privately by themselves, and he was changed into another form in front of them.	jah afar dagans saihs ganam Iesus Paitru jah Iakobu jah Iohannen jah ustauh ins ana fairguni hauh sundro ainans: jah inmaidida sik in andwairþja ize.	𐌾𐌰𐌷 𐌰𐍆𐌰𐍂 𐌳𐌰𐌲𐌰𐌽𐍃 𐍃𐌰𐌹𐌷𐍃 𐌲𐌰𐌽𐌰𐌼 𐌹𐌴𐍃𐌿𐍃 𐍀𐌰𐌹𐍄𐍂𐌿 𐌾𐌰𐌷 𐌹𐌰𐌺𐍉𐌱𐌿 𐌾𐌰𐌷 𐌹𐍉𐌷𐌰𐌽𐌽𐌴𐌽 𐌾𐌰𐌷 𐌿𐍃𐍄𐌰𐌿𐌷 𐌹𐌽𐍃 𐌰𐌽𐌰 𐍆𐌰𐌹𐍂𐌲𐌿𐌽𐌹 𐌷𐌰𐌿𐌷 𐍃𐌿𐌽𐌳𐍂𐍉 𐌰𐌹𐌽𐌰𐌽𐍃: 𐌾𐌰𐌷 𐌹𐌽𐌼𐌰𐌹𐌳𐌹𐌳𐌰 𐍃𐌹𐌺 𐌹𐌽 𐌰𐌽𐌳𐍅𐌰𐌹𐍂𐌸𐌾𐌰 𐌹𐌶𐌴.
okay	train_0918_d0	llm_diversify	2	we want	wileima	𐍅𐌹𐌻𐌴𐌹𐌼𐌰	yes	3	bileiþan: abandon (V.), leave behind, relinquish	3	wilja: aim (N.), desire (N.), intention, will (N.), willingness, wi...	3	wilwa: robber, strong-arm bandit	James and John, the sons of Zebedee, came near to him, saying, "Teacher, we want you to do for us whatever we will ask."	jah athabaidedun sik du imma Iakobus jah Iohannes, sunjus Zaibaidaiaus, qiþandans: laisari, wileima ei þatei þuk bidjos, taujais uggkis.	𐌾𐌰𐌷 𐌰𐍄𐌷𐌰𐌱𐌰𐌹𐌳𐌴𐌳𐌿𐌽 𐍃𐌹𐌺 𐌳𐌿 𐌹𐌼𐌼𐌰 𐌹𐌰𐌺𐍉𐌱𐌿𐍃 𐌾𐌰𐌷 𐌹𐍉𐌷𐌰𐌽𐌽𐌴𐍃, 𐍃𐌿𐌽𐌾𐌿𐍃 𐌶𐌰𐌹𐌱𐌰𐌹𐌳𐌰𐌹𐌰𐌿𐍃, 𐌵𐌹𐌸𐌰𐌽𐌳𐌰𐌽𐍃: 𐌻𐌰𐌹𐍃𐌰𐍂𐌹, 𐍅𐌹𐌻𐌴𐌹𐌼𐌰 𐌴𐌹 𐌸𐌰𐍄𐌴𐌹 𐌸𐌿𐌺 𐌱𐌹𐌳𐌾𐍉𐍃, 𐍄𐌰𐌿𐌾𐌰𐌹𐍃 𐌿𐌲𐌲𐌺𐌹𐍃.
okay	train_0941_d0	llm_diversify	2	coming	qimandei	𐌵𐌹𐌼𐌰𐌽𐌳𐌴𐌹	yes	3	qiman: arrive, come, get to; lat. venire	3	diwanei: mortality	3	habandei: pregnant	Blessed is the kingdom of our father David that is coming in the name of the Lord! Hosanna in the highest!"	þiuþido so qimandei þiudangardi in namin fraujins attins unsaris Daweidis, osanna in hauhistjam!	𐌸𐌹𐌿𐌸𐌹𐌳𐍉 𐍃𐍉 𐌵𐌹𐌼𐌰𐌽𐌳𐌴𐌹 𐌸𐌹𐌿𐌳𐌰𐌽𐌲𐌰𐍂𐌳𐌹 𐌹𐌽 𐌽𐌰𐌼𐌹𐌽 𐍆𐍂𐌰𐌿𐌾𐌹𐌽𐍃 𐌰𐍄𐍄𐌹𐌽𐍃 𐌿𐌽𐍃𐌰𐍂𐌹𐍃 𐌳𐌰𐍅𐌴𐌹𐌳𐌹𐍃, 𐍉𐍃𐌰𐌽𐌽𐌰 𐌹𐌽 𐌷𐌰𐌿𐌷𐌹𐍃𐍄𐌾𐌰𐌼!
okay	train_0969_d1	llm_diversify	2	others	anþaraim	𐌰𐌽𐌸𐌰𐍂𐌰𐌹𐌼	yes	3	anaþaíma: accursed one, accursed thing, anathema, curse (N.)	3	andahait: acknowledgement, confession, recognition	3	anþar: another, other, second (Adj.), the other	What therefore will the lord of the vineyard do? He will come and destroy the farmers, and will give the vineyard to others.	hva nuh taujai frauja þis weinagardis? qimiþ jah usqisteiþ þans waurstwjans jah gibiþ þana weinagard anþaraim.	𐍈𐌰 𐌽𐌿𐌷 𐍄𐌰𐌿𐌾𐌰𐌹 𐍆𐍂𐌰𐌿𐌾𐌰 𐌸𐌹𐍃 𐍅𐌴𐌹𐌽𐌰𐌲𐌰𐍂𐌳𐌹𐍃? 𐌵𐌹𐌼𐌹𐌸 𐌾𐌰𐌷 𐌿𐍃𐌵𐌹𐍃𐍄𐌴𐌹𐌸 𐌸𐌰𐌽𐍃 𐍅𐌰𐌿𐍂𐍃𐍄𐍅𐌾𐌰𐌽𐍃 𐌾𐌰𐌷 𐌲𐌹𐌱𐌹𐌸 𐌸𐌰𐌽𐌰 𐍅𐌴𐌹𐌽𐌰𐌲𐌰𐍂𐌳 𐌰𐌽𐌸𐌰𐍂𐌰𐌹𐌼.
okay	train_1022_d1	llm_diversify	2	arrest	gripuþ	𐌲𐍂𐌹𐍀𐌿𐌸	yes	3	greipan: apprehend, grasp (V.), seize	3	hliuþ: attention?, hearing (N.)?, quietness?, silence?	3	granus: beard?, plait?	I was daily with you in the temple teaching, and you didn't arrest me. But this is so that the Scriptures might be fulfilled."	daga hvammeh was at izwis in alh laisjands jah ni gripuþ mik: ak ei usfullnodedeina bokos.	𐌳𐌰𐌲𐌰 𐍈𐌰𐌼𐌼𐌴𐌷 𐍅𐌰𐍃 𐌰𐍄 𐌹𐌶𐍅𐌹𐍃 𐌹𐌽 𐌰𐌻𐌷 𐌻𐌰𐌹𐍃𐌾𐌰𐌽𐌳𐍃 𐌾𐌰𐌷 𐌽𐌹 𐌲𐍂𐌹𐍀𐌿𐌸 𐌼𐌹𐌺: 𐌰𐌺 𐌴𐌹 𐌿𐍃𐍆𐌿𐌻𐌻𐌽𐍉𐌳𐌴𐌳𐌴𐌹𐌽𐌰 𐌱𐍉𐌺𐍉𐍃.
okay	train_1052_d1	llm_diversify	2	crucified	ushramiþs	𐌿𐍃𐌷𐍂𐌰𐌼𐌹𐌸𐍃	yes	3	ushramjan: crucify	3	usagiþs: frightened	3	unhrains: impure, unclean, ungrammatical, unpolished, unrefined, unski...	Pilate, wishing to please the multitude, released Barabbas to them, and handed over Jesus, when he had flogged him, to be crucified.	iþ Peilatus wiljands þizai managein fullafahjan, fralailot im þana Barabban, iþ Iesu atgaf usbliggwands, ei ushramiþs wesi.	𐌹𐌸 𐍀𐌴𐌹𐌻𐌰𐍄𐌿𐍃 𐍅𐌹𐌻𐌾𐌰𐌽𐌳𐍃 𐌸𐌹𐌶𐌰𐌹 𐌼𐌰𐌽𐌰𐌲𐌴𐌹𐌽 𐍆𐌿𐌻𐌻𐌰𐍆𐌰𐌷𐌾𐌰𐌽, 𐍆𐍂𐌰𐌻𐌰𐌹𐌻𐍉𐍄 𐌹𐌼 𐌸𐌰𐌽𐌰 𐌱𐌰𐍂𐌰𐌱𐌱𐌰𐌽, 𐌹𐌸 𐌹𐌴𐍃𐌿 𐌰𐍄𐌲𐌰𐍆 𐌿𐍃𐌱𐌻𐌹𐌲𐌲𐍅𐌰𐌽𐌳𐍃, 𐌴𐌹 𐌿𐍃𐌷𐍂𐌰𐌼𐌹𐌸𐍃 𐍅𐌴𐍃𐌹.
okay	train_1062_d1	llm_diversify	2	wagging	wiþondans	𐍅𐌹𐌸𐍉𐌽𐌳𐌰𐌽𐍃	yes	3	windan: wind (V.)	3	windags: windy	4	sipōnjan: be a disciple, be a student	Those who passed by blasphemed him, wagging their heads, and saying, "Ha! You who destroy the temple, and build it in three days,	jah þai faurgaggandans wajameridedun ina, wiþondans haubida seina jah qiþandans: o sa gatairands þo alh jah bi þrins dagans gatimrjands þo,	𐌾𐌰𐌷 𐌸𐌰𐌹 𐍆𐌰𐌿𐍂𐌲𐌰𐌲𐌲𐌰𐌽𐌳𐌰𐌽𐍃 𐍅𐌰𐌾𐌰𐌼𐌴𐍂𐌹𐌳𐌴𐌳𐌿𐌽 𐌹𐌽𐌰, 𐍅𐌹𐌸𐍉𐌽𐌳𐌰𐌽𐍃 𐌷𐌰𐌿𐌱𐌹𐌳𐌰 𐍃𐌴𐌹𐌽𐌰 𐌾𐌰𐌷 𐌵𐌹𐌸𐌰𐌽𐌳𐌰𐌽𐍃: 𐍉 𐍃𐌰 𐌲𐌰𐍄𐌰𐌹𐍂𐌰𐌽𐌳𐍃 𐌸𐍉 𐌰𐌻𐌷 𐌾𐌰𐌷 𐌱𐌹 𐌸𐍂𐌹𐌽𐍃 𐌳𐌰𐌲𐌰𐌽𐍃 𐌲𐌰𐍄𐌹𐌼𐍂𐌾𐌰𐌽𐌳𐍃 𐌸𐍉,
okay	train_1129_d0	llm_diversify	2	trespasses	missadedins	𐌼𐌹𐍃𐍃𐌰𐌳𐌴𐌳𐌹𐌽𐍃	yes	3	missaleiks: different, diverse (Adj.), miscellaneous, varied, various	3	missadēþs: misdeed, transgression	4	ussateins: begetting, engendering, origin, seeding (N.), semination, so...	But if you don't forgive men their trespasses, neither will your Father forgive your trespasses.	iþ jabai ni afletiþ mannam missadedins ize, ni þau atta izwar afletiþ missadedins izwaros.	𐌹𐌸 𐌾𐌰𐌱𐌰𐌹 𐌽𐌹 𐌰𐍆𐌻𐌴𐍄𐌹𐌸 𐌼𐌰𐌽𐌽𐌰𐌼 𐌼𐌹𐍃𐍃𐌰𐌳𐌴𐌳𐌹𐌽𐍃 𐌹𐌶𐌴, 𐌽𐌹 𐌸𐌰𐌿 𐌰𐍄𐍄𐌰 𐌹𐌶𐍅𐌰𐍂 𐌰𐍆𐌻𐌴𐍄𐌹𐌸 𐌼𐌹𐍃𐍃𐌰𐌳𐌴𐌳𐌹𐌽𐍃 𐌹𐌶𐍅𐌰𐍂𐍉𐍃.
okay	train_1185_d0	llm_diversify	2	brought	atberun	𐌰𐍄𐌱𐌴𐍂𐌿𐌽	yes	3	atbaíran: bring, bring to, offer (V.), present to, take to	3	attēkan: lay one’s touch upon, make contact with, touch (V.)	4	aflētan: absolve, forgive, leave (V.), let go, let off, release (V.),...	Behold, they brought to him a man who was paralyzed, lying on a bed. Jesus, seeing their faith, said to the paralytic, "Son, cheer up! Your sins are forgiven you."	þanuh atberun du imma usliþan ana ligra ligandan. jah gasaihvands Iesus galaubein ize qaþ du þamma usliþin: þrafstei þuk, barnilo! afletanda þus frawaurhteis þeinos.	𐌸𐌰𐌽𐌿𐌷 𐌰𐍄𐌱𐌴𐍂𐌿𐌽 𐌳𐌿 𐌹𐌼𐌼𐌰 𐌿𐍃𐌻𐌹𐌸𐌰𐌽 𐌰𐌽𐌰 𐌻𐌹𐌲𐍂𐌰 𐌻𐌹𐌲𐌰𐌽𐌳𐌰𐌽. 𐌾𐌰𐌷 𐌲𐌰𐍃𐌰𐌹𐍈𐌰𐌽𐌳𐍃 𐌹𐌴𐍃𐌿𐍃 𐌲𐌰𐌻𐌰𐌿𐌱𐌴𐌹𐌽 𐌹𐌶𐌴 𐌵𐌰𐌸 𐌳𐌿 𐌸𐌰𐌼𐌼𐌰 𐌿𐍃𐌻𐌹𐌸𐌹𐌽: 𐌸𐍂𐌰𐍆𐍃𐍄𐌴𐌹 𐌸𐌿𐌺, 𐌱𐌰𐍂𐌽𐌹𐌻𐍉! 𐌰𐍆𐌻𐌴𐍄𐌰𐌽𐌳𐌰 𐌸𐌿𐍃 𐍆𐍂𐌰𐍅𐌰𐌿𐍂𐌷𐍄𐌴𐌹𐍃 𐌸𐌴𐌹𐌽𐍉𐍃.
okay	train_1227_d0	llm_diversify	2	finished	usfullida	𐌿𐍃𐍆𐌿𐌻𐌻𐌹𐌳𐌰	yes	3	usfullnan: be brought to fulfillment, be filled up, be fulfilled, becom...	3	usfulljan: bring to fulfillment, complete (V.), fill completely, fill u...	3	usfulleins: completion, fulfillment	It happened that when Jesus had finished directing his twelve disciples, he departed from there to teach and preach in their cities.	Jah warþ, biþe usfullida Iesus anabiudands þaim twalif siponjam seinaim, ushof sik jainþro du laisjan jah merjan and baurgs ize.	𐌾𐌰𐌷 𐍅𐌰𐍂𐌸, 𐌱𐌹𐌸𐌴 𐌿𐍃𐍆𐌿𐌻𐌻𐌹𐌳𐌰 𐌹𐌴𐍃𐌿𐍃 𐌰𐌽𐌰𐌱𐌹𐌿𐌳𐌰𐌽𐌳𐍃 𐌸𐌰𐌹𐌼 𐍄𐍅𐌰𐌻𐌹𐍆 𐍃𐌹𐍀𐍉𐌽𐌾𐌰𐌼 𐍃𐌴𐌹𐌽𐌰𐌹𐌼, 𐌿𐍃𐌷𐍉𐍆 𐍃𐌹𐌺 𐌾𐌰𐌹𐌽𐌸𐍂𐍉 𐌳𐌿 𐌻𐌰𐌹𐍃𐌾𐌰𐌽 𐌾𐌰𐌷 𐌼𐌴𐍂𐌾𐌰𐌽 𐌰𐌽𐌳 𐌱𐌰𐌿𐍂𐌲𐍃 𐌹𐌶𐌴.
okay	train_1307_d1	llm_diversify	2	sworn	ufaiþjai	𐌿𐍆𐌰𐌹𐌸𐌾𐌰𐌹	yes	3	ufaiþeis: bound by oath, under oath	3	usaiwjan: endure to the end, exert o.s., persevere	3	fanþja: foot soldier	For there were many in Judah sworn to him, because he was the son-in-law of Shecaniah the son of Arah; and his son Jehohanan had taken the daughter of Meshullam the son of Berechiah as wife.	managai auk in Iudaia ufaiþjai weisun imma, unte megs was Saixaineiins, sunaus Aieirins, jah Ioanan sunus is nam dauhtar Maisaullamis, sunaus Barakeiins, du qenai.	𐌼𐌰𐌽𐌰𐌲𐌰𐌹 𐌰𐌿𐌺 𐌹𐌽 𐌹𐌿𐌳𐌰𐌹𐌰 𐌿𐍆𐌰𐌹𐌸𐌾𐌰𐌹 𐍅𐌴𐌹𐍃𐌿𐌽 𐌹𐌼𐌼𐌰, 𐌿𐌽𐍄𐌴 𐌼𐌴𐌲𐍃 𐍅𐌰𐍃 𐍃𐌰𐌹𐍇𐌰𐌹𐌽𐌴𐌹𐌹𐌽𐍃, 𐍃𐌿𐌽𐌰𐌿𐍃 𐌰𐌹𐌴𐌹𐍂𐌹𐌽𐍃, 𐌾𐌰𐌷 𐌹𐍉𐌰𐌽𐌰𐌽 𐍃𐌿𐌽𐌿𐍃 𐌹𐍃 𐌽𐌰𐌼 𐌳𐌰𐌿𐌷𐍄𐌰𐍂 𐌼𐌰𐌹𐍃𐌰𐌿𐌻𐌻𐌰𐌼𐌹𐍃, 𐍃𐌿𐌽𐌰𐌿𐍃 𐌱𐌰𐍂𐌰𐌺𐌴𐌹𐌹𐌽𐍃, 𐌳𐌿 𐌵𐌴𐌽𐌰𐌹.
okay	train_1307_d3	llm_diversify	2	sworn	ufaiþjai	𐌿𐍆𐌰𐌹𐌸𐌾𐌰𐌹	yes	3	ufaiþeis: bound by oath, under oath	3	usaiwjan: endure to the end, exert o.s., persevere	3	fanþja: foot soldier	For there were many in Judah sworn to him, because he was the son-in-law of Shecaniah the son of Arah; and his son Jehohanan had taken the daughter of Meshullam the son of Berechiah as wife.	managai auk in Iudaia ufaiþjai weisun imma, unte megs was Saixaineiins, sunaus Aieirins, jah Ioanan sunus is nam dauhtar Maisaullamis, sunaus Barakeiins, du qenai.	𐌼𐌰𐌽𐌰𐌲𐌰𐌹 𐌰𐌿𐌺 𐌹𐌽 𐌹𐌿𐌳𐌰𐌹𐌰 𐌿𐍆𐌰𐌹𐌸𐌾𐌰𐌹 𐍅𐌴𐌹𐍃𐌿𐌽 𐌹𐌼𐌼𐌰, 𐌿𐌽𐍄𐌴 𐌼𐌴𐌲𐍃 𐍅𐌰𐍃 𐍃𐌰𐌹𐍇𐌰𐌹𐌽𐌴𐌹𐌹𐌽𐍃, 𐍃𐌿𐌽𐌰𐌿𐍃 𐌰𐌹𐌴𐌹𐍂𐌹𐌽𐍃, 𐌾𐌰𐌷 𐌹𐍉𐌰𐌽𐌰𐌽 𐍃𐌿𐌽𐌿𐍃 𐌹𐍃 𐌽𐌰𐌼 𐌳𐌰𐌿𐌷𐍄𐌰𐍂 𐌼𐌰𐌹𐍃𐌰𐌿𐌻𐌻𐌰𐌼𐌹𐍃, 𐍃𐌿𐌽𐌰𐌿𐍃 𐌱𐌰𐍂𐌰𐌺𐌴𐌹𐌹𐌽𐍃, 𐌳𐌿 𐌵𐌴𐌽𐌰𐌹.
okay	train_0103_d0	llm_diversify	2	asking questions	fraihnandan	𐍆𐍂𐌰𐌹𐌷𐌽𐌰𐌽𐌳𐌰𐌽	yes	3	fraíhnan: ask, ask a question, question (V.)	4	frarinnan: meet up with, run amiss, run awry	4	frahinþan: capture (V.), take captive	It happened after three days they found him in the temple, sitting in the midst of the teachers, both listening to them, and asking them questions.	jah warþ afar dagans þrins, bigetun ina in alh sitandan in midjaim laisarjam jah hausjandan im jah fraihnandan ins.	𐌾𐌰𐌷 𐍅𐌰𐍂𐌸 𐌰𐍆𐌰𐍂 𐌳𐌰𐌲𐌰𐌽𐍃 𐌸𐍂𐌹𐌽𐍃, 𐌱𐌹𐌲𐌴𐍄𐌿𐌽 𐌹𐌽𐌰 𐌹𐌽 𐌰𐌻𐌷 𐍃𐌹𐍄𐌰𐌽𐌳𐌰𐌽 𐌹𐌽 𐌼𐌹𐌳𐌾𐌰𐌹𐌼 𐌻𐌰𐌹𐍃𐌰𐍂𐌾𐌰𐌼 𐌾𐌰𐌷 𐌷𐌰𐌿𐍃𐌾𐌰𐌽𐌳𐌰𐌽 𐌹𐌼 𐌾𐌰𐌷 𐍆𐍂𐌰𐌹𐌷𐌽𐌰𐌽𐌳𐌰𐌽 𐌹𐌽𐍃.
okay	train_0256_d0	llm_diversify	2	elders	sinistans	𐍃𐌹𐌽𐌹𐍃𐍄𐌰𐌽𐍃	yes	3	siniskalks: male head-servant on a farm, oldest servant, seneschal	4	biwisan: dine convivially, dine together, have a festive get-together...	4	bisitan: be situated around, dwell round about, neighbour (V.)	When he heard about Jesus, he sent to him elders of the Jews, asking him to come and save his servant.	gahausjands þan bi Iesu insandida du imma sinistans Iudaie, bidjands ina ei qimi jah ganasidedi þana skalk is.	𐌲𐌰𐌷𐌰𐌿𐍃𐌾𐌰𐌽𐌳𐍃 𐌸𐌰𐌽 𐌱𐌹 𐌹𐌴𐍃𐌿 𐌹𐌽𐍃𐌰𐌽𐌳𐌹𐌳𐌰 𐌳𐌿 𐌹𐌼𐌼𐌰 𐍃𐌹𐌽𐌹𐍃𐍄𐌰𐌽𐍃 𐌹𐌿𐌳𐌰𐌹𐌴, 𐌱𐌹𐌳𐌾𐌰𐌽𐌳𐍃 𐌹𐌽𐌰 𐌴𐌹 𐌵𐌹𐌼𐌹 𐌾𐌰𐌷 𐌲𐌰𐌽𐌰𐍃𐌹𐌳𐌴𐌳𐌹 𐌸𐌰𐌽𐌰 𐍃𐌺𐌰𐌻𐌺 𐌹𐍃.
okay	train_0298_d1	llm_diversify	2	grew	uskeinoda	𐌿𐍃𐌺𐌴𐌹𐌽𐍉𐌳𐌰	yes	3	uskeinan: bud forth, grow from, sprout up	4	usbeidan: await, expect, look for, wait for	4	uswindan: braid (V.), intertwine, plait (V.), twine (V.), weave (V.)	Other fell into the good ground, and grew, and brought forth fruit one hundred times." As he said these things, he called out, "He who has ears to hear, let him hear!"	jah anþar gadraus ana airþai godai jah uskeinoda jah tawida akran taihuntaihundfalþ. þata þan qiþands ufwopida: saei habai ausona du hausjan, gahausjai.	𐌾𐌰𐌷 𐌰𐌽𐌸𐌰𐍂 𐌲𐌰𐌳𐍂𐌰𐌿𐍃 𐌰𐌽𐌰 𐌰𐌹𐍂𐌸𐌰𐌹 𐌲𐍉𐌳𐌰𐌹 𐌾𐌰𐌷 𐌿𐍃𐌺𐌴𐌹𐌽𐍉𐌳𐌰 𐌾𐌰𐌷 𐍄𐌰𐍅𐌹𐌳𐌰 𐌰𐌺𐍂𐌰𐌽 𐍄𐌰𐌹𐌷𐌿𐌽𐍄𐌰𐌹𐌷𐌿𐌽𐌳𐍆𐌰𐌻𐌸. 𐌸𐌰𐍄𐌰 𐌸𐌰𐌽 𐌵𐌹𐌸𐌰𐌽𐌳𐍃 𐌿𐍆𐍅𐍉𐍀𐌹𐌳𐌰: 𐍃𐌰𐌴𐌹 𐌷𐌰𐌱𐌰𐌹 𐌰𐌿𐍃𐍉𐌽𐌰 𐌳𐌿 𐌷𐌰𐌿𐍃𐌾𐌰𐌽, 𐌲𐌰𐌷𐌰𐌿𐍃𐌾𐌰𐌹.
okay	train_0422_d0	llm_diversify	2	sisters	swistruns	𐍃𐍅𐌹𐍃𐍄𐍂𐌿𐌽𐍃	yes	3	wintrus: winter (N.), wintertime, year	4	swikneins: absolution, exculpation, exoneration, purification	4	siuns: apparition, appearance, countenance, face (N.), seeable, see...	"If anyone comes to me, and doesn't hate his own father, mother, wife, children, brothers, and sisters, yes, and his own life also, he can't be my disciple.	jabai hvas gaggiþ du mis jah ni fijaiþ attan seinana jah aiþein jah qen jah barna jah broþruns jah swistruns, nauhuþ~þan seina silbins saiwala, ni mag meins siponeis wisan.	𐌾𐌰𐌱𐌰𐌹 𐍈𐌰𐍃 𐌲𐌰𐌲𐌲𐌹𐌸 𐌳𐌿 𐌼𐌹𐍃 𐌾𐌰𐌷 𐌽𐌹 𐍆𐌹𐌾𐌰𐌹𐌸 𐌰𐍄𐍄𐌰𐌽 𐍃𐌴𐌹𐌽𐌰𐌽𐌰 𐌾𐌰𐌷 𐌰𐌹𐌸𐌴𐌹𐌽 𐌾𐌰𐌷 𐌵𐌴𐌽 𐌾𐌰𐌷 𐌱𐌰𐍂𐌽𐌰 𐌾𐌰𐌷 𐌱𐍂𐍉𐌸𐍂𐌿𐌽𐍃 𐌾𐌰𐌷 𐍃𐍅𐌹𐍃𐍄𐍂𐌿𐌽𐍃, 𐌽𐌰𐌿𐌷𐌿𐌸~𐌸𐌰𐌽 𐍃𐌴𐌹𐌽𐌰 𐍃𐌹𐌻𐌱𐌹𐌽𐍃 𐍃𐌰𐌹𐍅𐌰𐌻𐌰, 𐌽𐌹 𐌼𐌰𐌲 𐌼𐌴𐌹𐌽𐍃 𐍃𐌹𐍀𐍉𐌽𐌴𐌹𐍃 𐍅𐌹𐍃𐌰𐌽.
okay	train_0422_d2	llm_diversify	2	sisters	swistruns	𐍃𐍅𐌹𐍃𐍄𐍂𐌿𐌽𐍃	yes	3	wintrus: winter (N.), wintertime, year	4	swikneins: absolution, exculpation, exoneration, purification	4	siuns: apparition, appearance, countenance, face (N.), seeable, see...	"If anyone comes to me, and doesn't hate his own father, mother, wife, children, brothers, and sisters, yes, and his own life also, he can't be my disciple.	jabai hvas gaggiþ du mis jah ni fijaiþ attan seinana jah aiþein jah qen jah barna jah broþruns jah swistruns, nauhuþ~þan seina silbins saiwala, ni mag meins siponeis wisan.	𐌾𐌰𐌱𐌰𐌹 𐍈𐌰𐍃 𐌲𐌰𐌲𐌲𐌹𐌸 𐌳𐌿 𐌼𐌹𐍃 𐌾𐌰𐌷 𐌽𐌹 𐍆𐌹𐌾𐌰𐌹𐌸 𐌰𐍄𐍄𐌰𐌽 𐍃𐌴𐌹𐌽𐌰𐌽𐌰 𐌾𐌰𐌷 𐌰𐌹𐌸𐌴𐌹𐌽 𐌾𐌰𐌷 𐌵𐌴𐌽 𐌾𐌰𐌷 𐌱𐌰𐍂𐌽𐌰 𐌾𐌰𐌷 𐌱𐍂𐍉𐌸𐍂𐌿𐌽𐍃 𐌾𐌰𐌷 𐍃𐍅𐌹𐍃𐍄𐍂𐌿𐌽𐍃, 𐌽𐌰𐌿𐌷𐌿𐌸~𐌸𐌰𐌽 𐍃𐌴𐌹𐌽𐌰 𐍃𐌹𐌻𐌱𐌹𐌽𐍃 𐍃𐌰𐌹𐍅𐌰𐌻𐌰, 𐌽𐌹 𐌼𐌰𐌲 𐌼𐌴𐌹𐌽𐍃 𐍃𐌹𐍀𐍉𐌽𐌴𐌹𐍃 𐍅𐌹𐍃𐌰𐌽.
okay	train_0591_d1	llm_diversify	2	died	gadauþnoda	𐌲𐌰𐌳𐌰𐌿𐌸𐌽𐍉𐌳𐌰	yes	3	gadauþnan: die (V.), perish	4	gadauka: house-mate, household companion	4	gadauþjan: kill (V.), put to death	There were therefore seven brothers. The first took a wife, and died childless.	sibun nu broþrjus wesun, jah sa frumista nimands qen gadauþnoda unbarnahs.	𐍃𐌹𐌱𐌿𐌽 𐌽𐌿 𐌱𐍂𐍉𐌸𐍂𐌾𐌿𐍃 𐍅𐌴𐍃𐌿𐌽, 𐌾𐌰𐌷 𐍃𐌰 𐍆𐍂𐌿𐌼𐌹𐍃𐍄𐌰 𐌽𐌹𐌼𐌰𐌽𐌳𐍃 𐌵𐌴𐌽 𐌲𐌰𐌳𐌰𐌿𐌸𐌽𐍉𐌳𐌰 𐌿𐌽𐌱𐌰𐍂𐌽𐌰𐌷𐍃.
okay	train_0591_d3	llm_diversify	2	died	gadauþnoda	𐌲𐌰𐌳𐌰𐌿𐌸𐌽𐍉𐌳𐌰	yes	3	gadauþnan: die (V.), perish	4	gadauka: house-mate, household companion	4	gadauþjan: kill (V.), put to death	There were therefore seven brothers. The first took a wife, and died childless.	sibun nu broþrjus wesun, jah sa frumista nimands qen gadauþnoda unbarnahs.	𐍃𐌹𐌱𐌿𐌽 𐌽𐌿 𐌱𐍂𐍉𐌸𐍂𐌾𐌿𐍃 𐍅𐌴𐍃𐌿𐌽, 𐌾𐌰𐌷 𐍃𐌰 𐍆𐍂𐌿𐌼𐌹𐍃𐍄𐌰 𐌽𐌹𐌼𐌰𐌽𐌳𐍃 𐌵𐌴𐌽 𐌲𐌰𐌳𐌰𐌿𐌸𐌽𐍉𐌳𐌰 𐌿𐌽𐌱𐌰𐍂𐌽𐌰𐌷𐍃.
okay	train_0653_d1	llm_diversify	2	sinners	frawaurhtaim	𐍆𐍂𐌰𐍅𐌰𐌿𐍂𐌷𐍄𐌰𐌹𐌼	yes	3	frawaúrhts: evil-doing (Adj.), evil-doing (N.), offence, sin (N.), sinfu...	4	frawaúrkjan: commit a transgression, commit error, sin (V.), transgress	5	frawaírpan: cast off, discard, jettison, scatter (V.), throw away	The scribes and the Pharisees, when they saw that he was eating with the sinners and tax collectors, said to his disciples, "Why is it that he eats and drinks with tax collectors and sinners?"	jah þai bokarjos jah Fareisaieis gasaihvandans ina matjandan miþ þaim motarjam jah frawaurhtaim, qeþun du þaim siponjam is: hva ist þatei miþ motarjam jah frawaurhtaim matjiþ jah driggkiþ?	𐌾𐌰𐌷 𐌸𐌰𐌹 𐌱𐍉𐌺𐌰𐍂𐌾𐍉𐍃 𐌾𐌰𐌷 𐍆𐌰𐍂𐌴𐌹𐍃𐌰𐌹𐌴𐌹𐍃 𐌲𐌰𐍃𐌰𐌹𐍈𐌰𐌽𐌳𐌰𐌽𐍃 𐌹𐌽𐌰 𐌼𐌰𐍄𐌾𐌰𐌽𐌳𐌰𐌽 𐌼𐌹𐌸 𐌸𐌰𐌹𐌼 𐌼𐍉𐍄𐌰𐍂𐌾𐌰𐌼 𐌾𐌰𐌷 𐍆𐍂𐌰𐍅𐌰𐌿𐍂𐌷𐍄𐌰𐌹𐌼, 𐌵𐌴𐌸𐌿𐌽 𐌳𐌿 𐌸𐌰𐌹𐌼 𐍃𐌹𐍀𐍉𐌽𐌾𐌰𐌼 𐌹𐍃: 𐍈𐌰 𐌹𐍃𐍄 𐌸𐌰𐍄𐌴𐌹 𐌼𐌹𐌸 𐌼𐍉𐍄𐌰𐍂𐌾𐌰𐌼 𐌾𐌰𐌷 𐍆𐍂𐌰𐍅𐌰𐌿𐍂𐌷𐍄𐌰𐌹𐌼 𐌼𐌰𐍄𐌾𐌹𐌸 𐌾𐌰𐌷 𐌳𐍂𐌹𐌲𐌲𐌺𐌹𐌸?
okay	train_0760_d0	llm_diversify	2	ridiculed	bihlohun	𐌱𐌹𐌷𐌻𐍉𐌷𐌿𐌽	yes	3	bihlahjan: deride, laugh at	4	ƕeilōhun: for a short while, for an hour	4	bihaitan: call out about, proclaim about, speak vociferously	They ridiculed him. But he, having put them all out, took the father of the child and her mother and those who were with him, and went in where the child was lying.	jah bihlohun ina. iþ is uswairpands allaim ganimiþ attan þis barnis jah aiþein jah þans miþ sis jah galaiþ inn þarei was þata barn ligando.	𐌾𐌰𐌷 𐌱𐌹𐌷𐌻𐍉𐌷𐌿𐌽 𐌹𐌽𐌰. 𐌹𐌸 𐌹𐍃 𐌿𐍃𐍅𐌰𐌹𐍂𐍀𐌰𐌽𐌳𐍃 𐌰𐌻𐌻𐌰𐌹𐌼 𐌲𐌰𐌽𐌹𐌼𐌹𐌸 𐌰𐍄𐍄𐌰𐌽 𐌸𐌹𐍃 𐌱𐌰𐍂𐌽𐌹𐍃 𐌾𐌰𐌷 𐌰𐌹𐌸𐌴𐌹𐌽 𐌾𐌰𐌷 𐌸𐌰𐌽𐍃 𐌼𐌹𐌸 𐍃𐌹𐍃 𐌾𐌰𐌷 𐌲𐌰𐌻𐌰𐌹𐌸 𐌹𐌽𐌽 𐌸𐌰𐍂𐌴𐌹 𐍅𐌰𐍃 𐌸𐌰𐍄𐌰 𐌱𐌰𐍂𐌽 𐌻𐌹𐌲𐌰𐌽𐌳𐍉.
okay	train_0764_d0	llm_diversify	2	own	seinamma	𐍃𐌴𐌹𐌽𐌰𐌼𐌼𐌰	yes	3	skramma: knife, sword	4	weinags: addicted to wine, drunk (Adj.), drunkard (= subst.), drunkar...	4	swiknaba: blamelessly, innocently, sincerely	He went out from there. He came into his own country, and his disciples followed him.	Jah usstoþ jainþro jah qam in landa seinamma, jah laistidedun afar imma siponjos is.	𐌾𐌰𐌷 𐌿𐍃𐍃𐍄𐍉𐌸 𐌾𐌰𐌹𐌽𐌸𐍂𐍉 𐌾𐌰𐌷 𐌵𐌰𐌼 𐌹𐌽 𐌻𐌰𐌽𐌳𐌰 𐍃𐌴𐌹𐌽𐌰𐌼𐌼𐌰, 𐌾𐌰𐌷 𐌻𐌰𐌹𐍃𐍄𐌹𐌳𐌴𐌳𐌿𐌽 𐌰𐍆𐌰𐍂 𐌹𐌼𐌼𐌰 𐍃𐌹𐍀𐍉𐌽𐌾𐍉𐍃 𐌹𐍃.
okay	train_0766_d0	llm_diversify	2	offended	gamarzidai	𐌲𐌰𐌼𐌰𐍂𐌶𐌹𐌳𐌰𐌹	yes	3	gamarzjan: cause offense, frustrate, make falter, make stumble, thwart ...	4	gamarzeins: cause for anger, hinderance, impediment, obstacle, obstructi...	4	gamarka: bordering (Adj.), conterminous, „co-bordering“ (Adj.)	Isn't this the carpenter, the son of Mary, and brother of James, Joses, Judah, and Simon? Aren't his sisters here with us?" They were offended at him.	niu þata ist sa timrja, sa sunus Marjins, iþ broþar Iakobaus jah Iusezis jah Iudins jah Seimonis? jah niu sind swistrjus is her at unsis? jah gamarzidai waurþun in þamma.	𐌽𐌹𐌿 𐌸𐌰𐍄𐌰 𐌹𐍃𐍄 𐍃𐌰 𐍄𐌹𐌼𐍂𐌾𐌰, 𐍃𐌰 𐍃𐌿𐌽𐌿𐍃 𐌼𐌰𐍂𐌾𐌹𐌽𐍃, 𐌹𐌸 𐌱𐍂𐍉𐌸𐌰𐍂 𐌹𐌰𐌺𐍉𐌱𐌰𐌿𐍃 𐌾𐌰𐌷 𐌹𐌿𐍃𐌴𐌶𐌹𐍃 𐌾𐌰𐌷 𐌹𐌿𐌳𐌹𐌽𐍃 𐌾𐌰𐌷 𐍃𐌴𐌹𐌼𐍉𐌽𐌹𐍃? 𐌾𐌰𐌷 𐌽𐌹𐌿 𐍃𐌹𐌽𐌳 𐍃𐍅𐌹𐍃𐍄𐍂𐌾𐌿𐍃 𐌹𐍃 𐌷𐌴𐍂 𐌰𐍄 𐌿𐌽𐍃𐌹𐍃? 𐌾𐌰𐌷 𐌲𐌰𐌼𐌰𐍂𐌶𐌹𐌳𐌰𐌹 𐍅𐌰𐌿𐍂𐌸𐌿𐌽 𐌹𐌽 𐌸𐌰𐌼𐌼𐌰.
okay	train_0881_d0	llm_diversify	2	forbade	waridedum	𐍅𐌰𐍂𐌹𐌳𐌴𐌳𐌿𐌼	yes	3	waidēdja: bandit, evil-doer, felon, malefactor, robber, „woe-doer“	4	waidēþs: crime, evil deed, felony	4	wardeins: development	John said to him, "Teacher, we saw someone who doesn't follow us casting out demons in your name; and we forbade him, because he doesn't follow us."	andhof þan imma Iohannes qiþands: laisari! sehvum sumana in þeinamma namin usdreibandan unhulþons, saei ni laisteiþ unsis, jah waridedum imma, unte ni laisteiþ unsis.	𐌰𐌽𐌳𐌷𐍉𐍆 𐌸𐌰𐌽 𐌹𐌼𐌼𐌰 𐌹𐍉𐌷𐌰𐌽𐌽𐌴𐍃 𐌵𐌹𐌸𐌰𐌽𐌳𐍃: 𐌻𐌰𐌹𐍃𐌰𐍂𐌹! 𐍃𐌴𐍈𐌿𐌼 𐍃𐌿𐌼𐌰𐌽𐌰 𐌹𐌽 𐌸𐌴𐌹𐌽𐌰𐌼𐌼𐌰 𐌽𐌰𐌼𐌹𐌽 𐌿𐍃𐌳𐍂𐌴𐌹𐌱𐌰𐌽𐌳𐌰𐌽 𐌿𐌽𐌷𐌿𐌻𐌸𐍉𐌽𐍃, 𐍃𐌰𐌴𐌹 𐌽𐌹 𐌻𐌰𐌹𐍃𐍄𐌴𐌹𐌸 𐌿𐌽𐍃𐌹𐍃, 𐌾𐌰𐌷 𐍅𐌰𐍂𐌹𐌳𐌴𐌳𐌿𐌼 𐌹𐌼𐌼𐌰, 𐌿𐌽𐍄𐌴 𐌽𐌹 𐌻𐌰𐌹𐍃𐍄𐌴𐌹𐌸 𐌿𐌽𐍃𐌹𐍃.
okay	train_0881_d1	llm_diversify	2	forbade	waridedum	𐍅𐌰𐍂𐌹𐌳𐌴𐌳𐌿𐌼	yes	3	waidēdja: bandit, evil-doer, felon, malefactor, robber, „woe-doer“	4	waidēþs: crime, evil deed, felony	4	wardeins: development	John said to him, "Teacher, we saw someone who doesn't follow us casting out demons in your name; and we forbade him, because he doesn't follow us."	andhof þan imma Iohannes qiþands: laisari! sehvum sumana in þeinamma namin usdreibandan unhulþons, saei ni laisteiþ unsis, jah waridedum imma, unte ni laisteiþ unsis.	𐌰𐌽𐌳𐌷𐍉𐍆 𐌸𐌰𐌽 𐌹𐌼𐌼𐌰 𐌹𐍉𐌷𐌰𐌽𐌽𐌴𐍃 𐌵𐌹𐌸𐌰𐌽𐌳𐍃: 𐌻𐌰𐌹𐍃𐌰𐍂𐌹! 𐍃𐌴𐍈𐌿𐌼 𐍃𐌿𐌼𐌰𐌽𐌰 𐌹𐌽 𐌸𐌴𐌹𐌽𐌰𐌼𐌼𐌰 𐌽𐌰𐌼𐌹𐌽 𐌿𐍃𐌳𐍂𐌴𐌹𐌱𐌰𐌽𐌳𐌰𐌽 𐌿𐌽𐌷𐌿𐌻𐌸𐍉𐌽𐍃, 𐍃𐌰𐌴𐌹 𐌽𐌹 𐌻𐌰𐌹𐍃𐍄𐌴𐌹𐌸 𐌿𐌽𐍃𐌹𐍃, 𐌾𐌰𐌷 𐍅𐌰𐍂𐌹𐌳𐌴𐌳𐌿𐌼 𐌹𐌼𐌼𐌰, 𐌿𐌽𐍄𐌴 𐌽𐌹 𐌻𐌰𐌹𐍃𐍄𐌴𐌹𐌸 𐌿𐌽𐍃𐌹𐍃.
okay	train_0950_d1	llm_diversify	2	withered away	gaþaursnoda	𐌲𐌰𐌸𐌰𐌿𐍂𐍃𐌽𐍉𐌳𐌰	yes	3	gaþaúrsnan: be parched, become dry, dry up, wither	4	gawaúrstwa: co-laborer, fellow worker	5	gaþaúrbs: abstinent, forgoing (Adj.), self-abnegating (Adj.)	Peter, remembering, said to him, "Rabbi, look! The fig tree which you cursed has withered away."	jah gamunands Paitrus qaþ du imma: rabbei, sai, smakkabagms þanei fraqast gaþaursnoda.	𐌾𐌰𐌷 𐌲𐌰𐌼𐌿𐌽𐌰𐌽𐌳𐍃 𐍀𐌰𐌹𐍄𐍂𐌿𐍃 𐌵𐌰𐌸 𐌳𐌿 𐌹𐌼𐌼𐌰: 𐍂𐌰𐌱𐌱𐌴𐌹, 𐍃𐌰𐌹, 𐍃𐌼𐌰𐌺𐌺𐌰𐌱𐌰𐌲𐌼𐍃 𐌸𐌰𐌽𐌴𐌹 𐍆𐍂𐌰𐌵𐌰𐍃𐍄 𐌲𐌰𐌸𐌰𐌿𐍂𐍃𐌽𐍉𐌳𐌰.
okay	train_0954_d0	llm_diversify	2	praying	bidjandans	𐌱𐌹𐌳𐌾𐌰𐌽𐌳𐌰𐌽𐍃	yes	3	bistandan: stand around, surround (V.)	4	bidjan: ask, ask a favour, ask for, beg, beseech, entreat, petition ...	4	bibindan: bind about, bind around, bind up	Whenever you stand praying, forgive, if you have anything against anyone; so that your Father, who is in heaven, may also forgive you your transgressions.	jah þan standaiþ bidjandans, afletaiþ, jabai hva habaiþ wiþra hvana, ei jah atta izwar sa in himinam afletai izwis missadedins izwaros.	𐌾𐌰𐌷 𐌸𐌰𐌽 𐍃𐍄𐌰𐌽𐌳𐌰𐌹𐌸 𐌱𐌹𐌳𐌾𐌰𐌽𐌳𐌰𐌽𐍃, 𐌰𐍆𐌻𐌴𐍄𐌰𐌹𐌸, 𐌾𐌰𐌱𐌰𐌹 𐍈𐌰 𐌷𐌰𐌱𐌰𐌹𐌸 𐍅𐌹𐌸𐍂𐌰 𐍈𐌰𐌽𐌰, 𐌴𐌹 𐌾𐌰𐌷 𐌰𐍄𐍄𐌰 𐌹𐌶𐍅𐌰𐍂 𐍃𐌰 𐌹𐌽 𐌷𐌹𐌼𐌹𐌽𐌰𐌼 𐌰𐍆𐌻𐌴𐍄𐌰𐌹 𐌹𐌶𐍅𐌹𐍃 𐌼𐌹𐍃𐍃𐌰𐌳𐌴𐌳𐌹𐌽𐍃 𐌹𐌶𐍅𐌰𐍂𐍉𐍃.
okay	train_1112_d0	llm_diversify	2	rise	urranneiþ	𐌿𐍂𐍂𐌰𐌽𐌽𐌴𐌹𐌸	yes	3	urrannjan: cause to course out, cause to emerge	4	ufarranneins: aspergation, sprinkling	4	hrainei: cleanliness	that you may be children of your Father who is in heaven. For he makes his sun to rise on the evil and the good, and sends rain on the just and the unjust.	ei wairþaiþ sunjus attins izwaris þis in himinam, unte sunnon seina urranneiþ ana ubilans jah godans, jah rigneiþ ana garaihtans jah ana inwindans.	𐌴𐌹 𐍅𐌰𐌹𐍂𐌸𐌰𐌹𐌸 𐍃𐌿𐌽𐌾𐌿𐍃 𐌰𐍄𐍄𐌹𐌽𐍃 𐌹𐌶𐍅𐌰𐍂𐌹𐍃 𐌸𐌹𐍃 𐌹𐌽 𐌷𐌹𐌼𐌹𐌽𐌰𐌼, 𐌿𐌽𐍄𐌴 𐍃𐌿𐌽𐌽𐍉𐌽 𐍃𐌴𐌹𐌽𐌰 𐌿𐍂𐍂𐌰𐌽𐌽𐌴𐌹𐌸 𐌰𐌽𐌰 𐌿𐌱𐌹𐌻𐌰𐌽𐍃 𐌾𐌰𐌷 𐌲𐍉𐌳𐌰𐌽𐍃, 𐌾𐌰𐌷 𐍂𐌹𐌲𐌽𐌴𐌹𐌸 𐌰𐌽𐌰 𐌲𐌰𐍂𐌰𐌹𐌷𐍄𐌰𐌽𐍃 𐌾𐌰𐌷 𐌰𐌽𐌰 𐌹𐌽𐍅𐌹𐌽𐌳𐌰𐌽𐍃.
okay	train_1170_d1	llm_diversify	2	lying	ligandein	𐌻𐌹𐌲𐌰𐌽𐌳𐌴𐌹𐌽	yes	3	wigadeinō: road-bramble, thistle, way-thistle	4	biwandjan: avoid, circumvent, shun	4	ligan: be lying down, lie (2) (V.)	When Jesus came into Peter's house, he saw his wife's mother lying sick with a fever.	jah qimands Iesus in garda Paitraus, jah gasahv swaihron is ligandein in heitom.	𐌾𐌰𐌷 𐌵𐌹𐌼𐌰𐌽𐌳𐍃 𐌹𐌴𐍃𐌿𐍃 𐌹𐌽 𐌲𐌰𐍂𐌳𐌰 𐍀𐌰𐌹𐍄𐍂𐌰𐌿𐍃, 𐌾𐌰𐌷 𐌲𐌰𐍃𐌰𐍈 𐍃𐍅𐌰𐌹𐌷𐍂𐍉𐌽 𐌹𐍃 𐌻𐌹𐌲𐌰𐌽𐌳𐌴𐌹𐌽 𐌹𐌽 𐌷𐌴𐌹𐍄𐍉𐌼.
okay	train_1170_d3	llm_diversify	2	lying	ligandein	𐌻𐌹𐌲𐌰𐌽𐌳𐌴𐌹𐌽	yes	3	wigadeinō: road-bramble, thistle, way-thistle	4	biwandjan: avoid, circumvent, shun	4	ligan: be lying down, lie (2) (V.)	When Jesus came into Peter's house, he saw his wife's mother lying sick with a fever.	jah qimands Iesus in garda Paitraus, jah gasahv swaihron is ligandein in heitom.	𐌾𐌰𐌷 𐌵𐌹𐌼𐌰𐌽𐌳𐍃 𐌹𐌴𐍃𐌿𐍃 𐌹𐌽 𐌲𐌰𐍂𐌳𐌰 𐍀𐌰𐌹𐍄𐍂𐌰𐌿𐍃, 𐌾𐌰𐌷 𐌲𐌰𐍃𐌰𐍈 𐍃𐍅𐌰𐌹𐌷𐍂𐍉𐌽 𐌹𐍃 𐌻𐌹𐌲𐌰𐌽𐌳𐌴𐌹𐌽 𐌹𐌽 𐌷𐌴𐌹𐍄𐍉𐌼.
okay	train_1222_d0	llm_diversify	2	more than me	ufar mik	𐌿𐍆𐌰𐍂 𐌼𐌹𐌺	yes	3	ufar filu: over much	4	ufar: above, over	4	ufarō: above, atop, in supervision of, on top, on top of, over, ove...	He who loves father or mother more than me is not worthy of me; and he who loves son or daughter more than me isn't worthy of me.	saei frijoþ attan aiþþau aiþein ufar mik, nist meina wairþs; jah saei frijoþ sunu aiþþau dauhtar ufar mik, nist meina wairþs.	𐍃𐌰𐌴𐌹 𐍆𐍂𐌹𐌾𐍉𐌸 𐌰𐍄𐍄𐌰𐌽 𐌰𐌹𐌸𐌸𐌰𐌿 𐌰𐌹𐌸𐌴𐌹𐌽 𐌿𐍆𐌰𐍂 𐌼𐌹𐌺, 𐌽𐌹𐍃𐍄 𐌼𐌴𐌹𐌽𐌰 𐍅𐌰𐌹𐍂𐌸𐍃; 𐌾𐌰𐌷 𐍃𐌰𐌴𐌹 𐍆𐍂𐌹𐌾𐍉𐌸 𐍃𐌿𐌽𐌿 𐌰𐌹𐌸𐌸𐌰𐌿 𐌳𐌰𐌿𐌷𐍄𐌰𐍂 𐌿𐍆𐌰𐍂 𐌼𐌹𐌺, 𐌽𐌹𐍃𐍄 𐌼𐌴𐌹𐌽𐌰 𐍅𐌰𐌹𐍂𐌸𐍃.
okay	train_1269_d0	llm_diversify	2	elders	sinistans	𐍃𐌹𐌽𐌹𐍃𐍄𐌰𐌽𐍃	yes	3	siniskalks: male head-servant on a farm, oldest servant, seneschal	4	biwisan: dine convivially, dine together, have a festive get-together...	4	bisitan: be situated around, dwell round about, neighbour (V.)	Now when morning had come, all the chief priests and the elders of the people took counsel against Jesus to put him to death:	At maurgin þan waurþanana, runa nemun allai gudjans jah þai sinistans manageins bi Iesu, ei afdauþidedeina ina.	𐌰𐍄 𐌼𐌰𐌿𐍂𐌲𐌹𐌽 𐌸𐌰𐌽 𐍅𐌰𐌿𐍂𐌸𐌰𐌽𐌰𐌽𐌰, 𐍂𐌿𐌽𐌰 𐌽𐌴𐌼𐌿𐌽 𐌰𐌻𐌻𐌰𐌹 𐌲𐌿𐌳𐌾𐌰𐌽𐍃 𐌾𐌰𐌷 𐌸𐌰𐌹 𐍃𐌹𐌽𐌹𐍃𐍄𐌰𐌽𐍃 𐌼𐌰𐌽𐌰𐌲𐌴𐌹𐌽𐍃 𐌱𐌹 𐌹𐌴𐍃𐌿, 𐌴𐌹 𐌰𐍆𐌳𐌰𐌿𐌸𐌹𐌳𐌴𐌳𐌴𐌹𐌽𐌰 𐌹𐌽𐌰.
okay	train_0437_d0	llm_diversify	2	divided	disdailida	𐌳𐌹𐍃𐌳𐌰𐌹𐌻𐌹𐌳𐌰	yes	3	disdailjan: apportion, distribute, divide up, parcel out, partition	5	distaíran: rend in pieces, tear asunder	5	disdriusan: attack (V.), bear down on, beset, descend upon, fall upon	The younger of them said to his father, 'Father, give me my share of your property.' He divided his livelihood between them.	jah qaþ sa juhiza ize du attin: atta, gif mis, sei undrinnai mik dail aiginis; jah disdailida im swes sein.	𐌾𐌰𐌷 𐌵𐌰𐌸 𐍃𐌰 𐌾𐌿𐌷𐌹𐌶𐌰 𐌹𐌶𐌴 𐌳𐌿 𐌰𐍄𐍄𐌹𐌽: 𐌰𐍄𐍄𐌰, 𐌲𐌹𐍆 𐌼𐌹𐍃, 𐍃𐌴𐌹 𐌿𐌽𐌳𐍂𐌹𐌽𐌽𐌰𐌹 𐌼𐌹𐌺 𐌳𐌰𐌹𐌻 𐌰𐌹𐌲𐌹𐌽𐌹𐍃; 𐌾𐌰𐌷 𐌳𐌹𐍃𐌳𐌰𐌹𐌻𐌹𐌳𐌰 𐌹𐌼 𐍃𐍅𐌴𐍃 𐍃𐌴𐌹𐌽.
okay	train_0485_d0	llm_diversify	2	flashes	lauhatjandei	𐌻𐌰𐌿𐌷𐌰𐍄𐌾𐌰𐌽𐌳𐌴𐌹	yes	3	lauhatjan: blaze (V.), flash like lightning, fulgurate, lightning (V.)	5	lausawaúrdei: babble (N.), empty chatter, empty talk	5	kaupatjan: buffet (V.), cuff (V.), pommel (V.), strike with the fist	for as the lightning, when it flashes out of the one part under the sky, shines to the other part under the sky; so will the Son of Man be in his day.	swaswe raihtis lauhmoni lauhatjandei us þamma uf himina in þata uf himina skeiniþ, swa wairþiþ sunus mans in daga seinamma.	𐍃𐍅𐌰𐍃𐍅𐌴 𐍂𐌰𐌹𐌷𐍄𐌹𐍃 𐌻𐌰𐌿𐌷𐌼𐍉𐌽𐌹 𐌻𐌰𐌿𐌷𐌰𐍄𐌾𐌰𐌽𐌳𐌴𐌹 𐌿𐍃 𐌸𐌰𐌼𐌼𐌰 𐌿𐍆 𐌷𐌹𐌼𐌹𐌽𐌰 𐌹𐌽 𐌸𐌰𐍄𐌰 𐌿𐍆 𐌷𐌹𐌼𐌹𐌽𐌰 𐍃𐌺𐌴𐌹𐌽𐌹𐌸, 𐍃𐍅𐌰 𐍅𐌰𐌹𐍂𐌸𐌹𐌸 𐍃𐌿𐌽𐌿𐍃 𐌼𐌰𐌽𐍃 𐌹𐌽 𐌳𐌰𐌲𐌰 𐍃𐌴𐌹𐌽𐌰𐌼𐌼𐌰.
okay	train_0744_d0	llm_diversify	2	crossed back over	usleiþandin	𐌿𐍃𐌻𐌴𐌹𐌸𐌰𐌽𐌳𐌹𐌽	yes	3	usleiþan: go away, go out, pass forth, travel out, vanish	5	bileiþan: abandon (V.), leave behind, relinquish	5	uswandi: aberrance, cunning (N.), digression, diversion	When Jesus had crossed back over in the boat to the other side, a great multitude was gathered to him; and he was by the sea.	jah usleiþandin Iesua in skipa aftra hindar marein, gaqemun sik manageins filu du imma, jah was faura marein.	𐌾𐌰𐌷 𐌿𐍃𐌻𐌴𐌹𐌸𐌰𐌽𐌳𐌹𐌽 𐌹𐌴𐍃𐌿𐌰 𐌹𐌽 𐍃𐌺𐌹𐍀𐌰 𐌰𐍆𐍄𐍂𐌰 𐌷𐌹𐌽𐌳𐌰𐍂 𐌼𐌰𐍂𐌴𐌹𐌽, 𐌲𐌰𐌵𐌴𐌼𐌿𐌽 𐍃𐌹𐌺 𐌼𐌰𐌽𐌰𐌲𐌴𐌹𐌽𐍃 𐍆𐌹𐌻𐌿 𐌳𐌿 𐌹𐌼𐌼𐌰, 𐌾𐌰𐌷 𐍅𐌰𐍃 𐍆𐌰𐌿𐍂𐌰 𐌼𐌰𐍂𐌴𐌹𐌽.
okay	train_0861_d0	llm_diversify	2	must come	skuli qiman	𐍃𐌺𐌿𐌻𐌹 𐌵𐌹𐌼𐌰𐌽	yes	3	skula wisan: be guilty	5	biqiman: attack (V.), come round about, encompass, envelop (V.)	5	faúraqiman: come before, come in advance, go before, precede s.o.	They asked him, saying, "Why do the scribes say that Elijah must come first?"	jah frehun ina qiþandans: unte qiþand þai bokarjos þatei Helias skuli qiman faurþis?	𐌾𐌰𐌷 𐍆𐍂𐌴𐌷𐌿𐌽 𐌹𐌽𐌰 𐌵𐌹𐌸𐌰𐌽𐌳𐌰𐌽𐍃: 𐌿𐌽𐍄𐌴 𐌵𐌹𐌸𐌰𐌽𐌳 𐌸𐌰𐌹 𐌱𐍉𐌺𐌰𐍂𐌾𐍉𐍃 𐌸𐌰𐍄𐌴𐌹 𐌷𐌴𐌻𐌹𐌰𐍃 𐍃𐌺𐌿𐌻𐌹 𐌵𐌹𐌼𐌰𐌽 𐍆𐌰𐌿𐍂𐌸𐌹𐍃?
okay	train_1166_d0	llm_diversify	2	followed	afarlaistjandam	𐌰𐍆𐌰𐍂𐌻𐌰𐌹𐍃𐍄𐌾𐌰𐌽𐌳𐌰𐌼	yes	3	afarlaistjan: follow, follow after, pursue, trail (V.)	6	faúrastandan: be a bystander, be at the head of, preside over, stand befor...	6	galaistjan: follow, pursue	When Jesus heard it, he marveled, and said to those who followed, "Most certainly I tell you, I haven't found so great a faith, not even in Israel.	gahausjands þan Iesus sildaleikida jah qaþ du þaim afarlaistjandam: amen, qiþa izwis, ni in Israela swalauda galaubein bigat.	𐌲𐌰𐌷𐌰𐌿𐍃𐌾𐌰𐌽𐌳𐍃 𐌸𐌰𐌽 𐌹𐌴𐍃𐌿𐍃 𐍃𐌹𐌻𐌳𐌰𐌻𐌴𐌹𐌺𐌹𐌳𐌰 𐌾𐌰𐌷 𐌵𐌰𐌸 𐌳𐌿 𐌸𐌰𐌹𐌼 𐌰𐍆𐌰𐍂𐌻𐌰𐌹𐍃𐍄𐌾𐌰𐌽𐌳𐌰𐌼: 𐌰𐌼𐌴𐌽, 𐌵𐌹𐌸𐌰 𐌹𐌶𐍅𐌹𐍃, 𐌽𐌹 𐌹𐌽 𐌹𐍃𐍂𐌰𐌴𐌻𐌰 𐍃𐍅𐌰𐌻𐌰𐌿𐌳𐌰 𐌲𐌰𐌻𐌰𐌿𐌱𐌴𐌹𐌽 𐌱𐌹𐌲𐌰𐍄.
okay	train_0652_d1	llm_diversify	3	followed him	iddjedun afar imma	𐌹𐌳𐌳𐌾𐌴𐌳𐌿𐌽 𐌰𐍆𐌰𐍂 𐌹𐌼𐌼𐌰	yes	12	anaþaíma: accursed one, accursed thing, anathema, curse (N.)	12	unfaírina: beyond accusation, blameless, unassailable, unblamable, unim...	12	dulgahaitja: creditor, debtor, „debt-caller“	It happened, that he was reclining at the table in his house, and many tax collectors and sinners sat down with Jesus and his disciples, for there were many, and they followed him.	jah warþ, biþe is anakumbida in garda is, jah managai motarjos jah frawaurhtai miþanakumbidedun Iesua jah siponjam is; wesun auk managai jah iddjedun afar imma.	𐌾𐌰𐌷 𐍅𐌰𐍂𐌸, 𐌱𐌹𐌸𐌴 𐌹𐍃 𐌰𐌽𐌰𐌺𐌿𐌼𐌱𐌹𐌳𐌰 𐌹𐌽 𐌲𐌰𐍂𐌳𐌰 𐌹𐍃, 𐌾𐌰𐌷 𐌼𐌰𐌽𐌰𐌲𐌰𐌹 𐌼𐍉𐍄𐌰𐍂𐌾𐍉𐍃 𐌾𐌰𐌷 𐍆𐍂𐌰𐍅𐌰𐌿𐍂𐌷𐍄𐌰𐌹 𐌼𐌹𐌸𐌰𐌽𐌰𐌺𐌿𐌼𐌱𐌹𐌳𐌴𐌳𐌿𐌽 𐌹𐌴𐍃𐌿𐌰 𐌾𐌰𐌷 𐍃𐌹𐍀𐍉𐌽𐌾𐌰𐌼 𐌹𐍃; 𐍅𐌴𐍃𐌿𐌽 𐌰𐌿𐌺 𐌼𐌰𐌽𐌰𐌲𐌰𐌹 𐌾𐌰𐌷 𐌹𐌳𐌳𐌾𐌴𐌳𐌿𐌽 𐌰𐍆𐌰𐍂 𐌹𐌼𐌼𐌰.
okay	train_0058_d0	llm_diversify	3	saying	qiþandans	𐌵𐌹𐌸𐌰𐌽𐌳𐌰𐌽𐍃	yes	4	bibindan: bind about, bind around, bind up	4	qiunan: become alive	4	bistandan: stand around, surround (V.)	All who heard them laid them up in their heart, saying, "What then will this child be?" The hand of the Lord was with him.	jah galagidedun allai þai hausjandans in hairtin seinamma qiþandans: hva skuli þata barn wairþan? jah þan handus fraujins was miþ imma.	𐌾𐌰𐌷 𐌲𐌰𐌻𐌰𐌲𐌹𐌳𐌴𐌳𐌿𐌽 𐌰𐌻𐌻𐌰𐌹 𐌸𐌰𐌹 𐌷𐌰𐌿𐍃𐌾𐌰𐌽𐌳𐌰𐌽𐍃 𐌹𐌽 𐌷𐌰𐌹𐍂𐍄𐌹𐌽 𐍃𐌴𐌹𐌽𐌰𐌼𐌼𐌰 𐌵𐌹𐌸𐌰𐌽𐌳𐌰𐌽𐍃: 𐍈𐌰 𐍃𐌺𐌿𐌻𐌹 𐌸𐌰𐍄𐌰 𐌱𐌰𐍂𐌽 𐍅𐌰𐌹𐍂𐌸𐌰𐌽? 𐌾𐌰𐌷 𐌸𐌰𐌽 𐌷𐌰𐌽𐌳𐌿𐍃 𐍆𐍂𐌰𐌿𐌾𐌹𐌽𐍃 𐍅𐌰𐍃 𐌼𐌹𐌸 𐌹𐌼𐌼𐌰.
okay	train_0076_o2	llm_original	3	terrified	ohtedun	𐍉𐌷𐍄𐌴𐌳𐌿𐌽	yes	4	garēdan: aim at, have a plan for, intend, purpose (V.), take forethou...	4	rēdan: advise, advocate (V.), argue for, plan (V.), propose, take a...	4	ūhteigs: having ample time, with free time	Behold, an angel of the Lord stood by them, and the glory of the Lord shone around them, and they were terrified.	iþ aggilus fraujins anaqam ins jah wulþus fraujins biskain ins, jah ohtedun agisa mikilamma.	𐌹𐌸 𐌰𐌲𐌲𐌹𐌻𐌿𐍃 𐍆𐍂𐌰𐌿𐌾𐌹𐌽𐍃 𐌰𐌽𐌰𐌵𐌰𐌼 𐌹𐌽𐍃 𐌾𐌰𐌷 𐍅𐌿𐌻𐌸𐌿𐍃 𐍆𐍂𐌰𐌿𐌾𐌹𐌽𐍃 𐌱𐌹𐍃𐌺𐌰𐌹𐌽 𐌹𐌽𐍃, 𐌾𐌰𐌷 𐍉𐌷𐍄𐌴𐌳𐌿𐌽 𐌰𐌲𐌹𐍃𐌰 𐌼𐌹𐌺𐌹𐌻𐌰𐌼𐌼𐌰.
okay	train_0211_d1	llm_diversify	3	rubbing	bnauandans	𐌱𐌽𐌰𐌿𐌰𐌽𐌳𐌰𐌽𐍃	yes	4	biauknan: abound, grow in abundance, increase (V.)	4	instandan: be imminent, be impending, be insistent, stand ahead, urge (...	4	bistandan: stand around, surround (V.)	Now it happened on the second Sabbath after the first, that he was going through the grain fields. His disciples plucked the heads of grain, and ate, rubbing them in their hands.	Jah warþ in sabbato anþaramma frumin gaggan imma þairh atisk, jah raupidedun ahsa siponjos is jah matidedun bnauandans handum.	𐌾𐌰𐌷 𐍅𐌰𐍂𐌸 𐌹𐌽 𐍃𐌰𐌱𐌱𐌰𐍄𐍉 𐌰𐌽𐌸𐌰𐍂𐌰𐌼𐌼𐌰 𐍆𐍂𐌿𐌼𐌹𐌽 𐌲𐌰𐌲𐌲𐌰𐌽 𐌹𐌼𐌼𐌰 𐌸𐌰𐌹𐍂𐌷 𐌰𐍄𐌹𐍃𐌺, 𐌾𐌰𐌷 𐍂𐌰𐌿𐍀𐌹𐌳𐌴𐌳𐌿𐌽 𐌰𐌷𐍃𐌰 𐍃𐌹𐍀𐍉𐌽𐌾𐍉𐍃 𐌹𐍃 𐌾𐌰𐌷 𐌼𐌰𐍄𐌹𐌳𐌴𐌳𐌿𐌽 𐌱𐌽𐌰𐌿𐌰𐌽𐌳𐌰𐌽𐍃 𐌷𐌰𐌽𐌳𐌿𐌼.
okay	train_0322_d0	llm_diversify	3	sent him away	fralailot	𐍆𐍂𐌰𐌻𐌰𐌹𐌻𐍉𐍄	yes	4	fralēt: dispensation, forgiveness, release (N.), relinquishment, set...	4	fraujinōn: be lord, be master, lord it over, rule (V.), rule over	4	frabaíran: bear psychologically, endure, sustain psychologically	But the man from whom the demons had gone out begged him that he might go with him, but Jesus sent him away, saying,	baþ þan ina sa wair af þammei þos unhulþons usiddjedun, ei wesi miþ imma; fralailot þan ina Iesus qiþands:	𐌱𐌰𐌸 𐌸𐌰𐌽 𐌹𐌽𐌰 𐍃𐌰 𐍅𐌰𐌹𐍂 𐌰𐍆 𐌸𐌰𐌼𐌼𐌴𐌹 𐌸𐍉𐍃 𐌿𐌽𐌷𐌿𐌻𐌸𐍉𐌽𐍃 𐌿𐍃𐌹𐌳𐌳𐌾𐌴𐌳𐌿𐌽, 𐌴𐌹 𐍅𐌴𐍃𐌹 𐌼𐌹𐌸 𐌹𐌼𐌼𐌰; 𐍆𐍂𐌰𐌻𐌰𐌹𐌻𐍉𐍄 𐌸𐌰𐌽 𐌹𐌽𐌰 𐌹𐌴𐍃𐌿𐍃 𐌵𐌹𐌸𐌰𐌽𐌳𐍃:
okay	train_0442_d0	llm_diversify	3	be called	haitaidau	𐌷𐌰𐌹𐍄𐌰𐌹𐌳𐌰𐌿	yes	4	gastandan: abide, assume proper state, come to a halt, come to a standi...	4	faíraihan: have a share in, partake of, participate in	4	gastaldan: acquire, get, get; ?, procure	I am no more worthy to be called your son. Make me as one of your hired servants."'	ju þanaseiþs ni im wairþs ei haitaidau sunus þeins; gatawei mik swe ainana asnje þeinaize.	𐌾𐌿 𐌸𐌰𐌽𐌰𐍃𐌴𐌹𐌸𐍃 𐌽𐌹 𐌹𐌼 𐍅𐌰𐌹𐍂𐌸𐍃 𐌴𐌹 𐌷𐌰𐌹𐍄𐌰𐌹𐌳𐌰𐌿 𐍃𐌿𐌽𐌿𐍃 𐌸𐌴𐌹𐌽𐍃; 𐌲𐌰𐍄𐌰𐍅𐌴𐌹 𐌼𐌹𐌺 𐍃𐍅𐌴 𐌰𐌹𐌽𐌰𐌽𐌰 𐌰𐍃𐌽𐌾𐌴 𐌸𐌴𐌹𐌽𐌰𐌹𐌶𐌴.
okay	train_0474_o0	llm_original	3	passing	þairhiddja	𐌸𐌰𐌹𐍂𐌷𐌹𐌳𐌳𐌾𐌰	yes	4	waírþida: fittingness, qualification, sufficiency, worthiness	4	þridja: third	5	garaidjan: arrange, decree (V.), enjoin, issue a directive, mandate (V....	It happened as he was on his way to Jerusalem, that he was passing along the borders of Samaria and Galilee.	jah warþ, miþþanei iddja is in Iairusalem, jah is þairhiddja þairh midja Samarian jah Galeilaian.	𐌾𐌰𐌷 𐍅𐌰𐍂𐌸, 𐌼𐌹𐌸𐌸𐌰𐌽𐌴𐌹 𐌹𐌳𐌳𐌾𐌰 𐌹𐍃 𐌹𐌽 𐌹𐌰𐌹𐍂𐌿𐍃𐌰𐌻𐌴𐌼, 𐌾𐌰𐌷 𐌹𐍃 𐌸𐌰𐌹𐍂𐌷𐌹𐌳𐌳𐌾𐌰 𐌸𐌰𐌹𐍂𐌷 𐌼𐌹𐌳𐌾𐌰 𐍃𐌰𐌼𐌰𐍂𐌹𐌰𐌽 𐌾𐌰𐌷 𐌲𐌰𐌻𐌴𐌹𐌻𐌰𐌹𐌰𐌽.
okay	train_0617_d0	llm_diversify	3	casting	wairpandans	𐍅𐌰𐌹𐍂𐍀𐌰𐌽𐌳𐌰𐌽𐍃	yes	4	waírþnan: be reconciled to, become reconciled to, come together with	4	waírpan: cast (V.), throw (V.)	5	gastandan: abide, assume proper state, come to a halt, come to a standi...	Passing along by the sea of Galilee, he saw Simon and Andrew the brother of Simon casting a net into the sea, for they were fishermen.	jah hvarbonds faur marein Galeilaias gasahv Seimonu jah Andraian broþar is, þis Seimonis, wairpandans nati in marein; wesun auk fiskjans.	𐌾𐌰𐌷 𐍈𐌰𐍂𐌱𐍉𐌽𐌳𐍃 𐍆𐌰𐌿𐍂 𐌼𐌰𐍂𐌴𐌹𐌽 𐌲𐌰𐌻𐌴𐌹𐌻𐌰𐌹𐌰𐍃 𐌲𐌰𐍃𐌰𐍈 𐍃𐌴𐌹𐌼𐍉𐌽𐌿 𐌾𐌰𐌷 𐌰𐌽𐌳𐍂𐌰𐌹𐌰𐌽 𐌱𐍂𐍉𐌸𐌰𐍂 𐌹𐍃, 𐌸𐌹𐍃 𐍃𐌴𐌹𐌼𐍉𐌽𐌹𐍃, 𐍅𐌰𐌹𐍂𐍀𐌰𐌽𐌳𐌰𐌽𐍃 𐌽𐌰𐍄𐌹 𐌹𐌽 𐌼𐌰𐍂𐌴𐌹𐌽; 𐍅𐌴𐍃𐌿𐌽 𐌰𐌿𐌺 𐍆𐌹𐍃𐌺𐌾𐌰𐌽𐍃.
okay	train_0617_d2	llm_diversify	3	casting	wairpandans	𐍅𐌰𐌹𐍂𐍀𐌰𐌽𐌳𐌰𐌽𐍃	yes	4	waírþnan: be reconciled to, become reconciled to, come together with	4	waírpan: cast (V.), throw (V.)	5	gastandan: abide, assume proper state, come to a halt, come to a standi...	Passing along by the sea of Galilee, he saw Simon and Andrew the brother of Simon casting a net into the sea, for they were fishermen.	jah hvarbonds faur marein Galeilaias gasahv Seimonu jah Andraian broþar is, þis Seimonis, wairpandans nati in marein; wesun auk fiskjans.	𐌾𐌰𐌷 𐍈𐌰𐍂𐌱𐍉𐌽𐌳𐍃 𐍆𐌰𐌿𐍂 𐌼𐌰𐍂𐌴𐌹𐌽 𐌲𐌰𐌻𐌴𐌹𐌻𐌰𐌹𐌰𐍃 𐌲𐌰𐍃𐌰𐍈 𐍃𐌴𐌹𐌼𐍉𐌽𐌿 𐌾𐌰𐌷 𐌰𐌽𐌳𐍂𐌰𐌹𐌰𐌽 𐌱𐍂𐍉𐌸𐌰𐍂 𐌹𐍃, 𐌸𐌹𐍃 𐍃𐌴𐌹𐌼𐍉𐌽𐌹𐍃, 𐍅𐌰𐌹𐍂𐍀𐌰𐌽𐌳𐌰𐌽𐍃 𐌽𐌰𐍄𐌹 𐌹𐌽 𐌼𐌰𐍂𐌴𐌹𐌽; 𐍅𐌴𐍃𐌿𐌽 𐌰𐌿𐌺 𐍆𐌹𐍃𐌺𐌾𐌰𐌽𐍃.
okay	train_0629_d0	llm_diversify	3	left	aflailot	𐌰𐍆𐌻𐌰𐌹𐌻𐍉𐍄	yes	4	gafaihōn: acquire as property, defraud, make into a possession, take a...	4	alakjō: all, all inclusively, all together, to a man	4	afaikan: abjure, deny, disavow, forswear, renounce (V.)	He came and took her by the hand, and raised her up. The fever left her, and she served them.	jah duatgaggands urraisida þo undgreipands handu izos, jah aflailot þo so brinno suns, jah andbahtida im.	𐌾𐌰𐌷 𐌳𐌿𐌰𐍄𐌲𐌰𐌲𐌲𐌰𐌽𐌳𐍃 𐌿𐍂𐍂𐌰𐌹𐍃𐌹𐌳𐌰 𐌸𐍉 𐌿𐌽𐌳𐌲𐍂𐌴𐌹𐍀𐌰𐌽𐌳𐍃 𐌷𐌰𐌽𐌳𐌿 𐌹𐌶𐍉𐍃, 𐌾𐌰𐌷 𐌰𐍆𐌻𐌰𐌹𐌻𐍉𐍄 𐌸𐍉 𐍃𐍉 𐌱𐍂𐌹𐌽𐌽𐍉 𐍃𐌿𐌽𐍃, 𐌾𐌰𐌷 𐌰𐌽𐌳𐌱𐌰𐌷𐍄𐌹𐌳𐌰 𐌹𐌼.
okay	train_0686_d0	llm_diversify	3	calling	haitandona	𐌷𐌰𐌹𐍄𐌰𐌽𐌳𐍉𐌽𐌰	yes	4	gastandan: abide, assume proper state, come to a halt, come to a standi...	4	haitan: address (V.), be named, bid (V.), call (V.), command (V.), i...	4	hindana: behind, beyond, in back of, on the far side of, on the yon s...	His mother and his brothers came, and standing outside, they sent to him, calling him.	jah qemun þan aiþei is jah broþrjus is jah uta standandona insandidedun du imma, haitandona ina.	𐌾𐌰𐌷 𐌵𐌴𐌼𐌿𐌽 𐌸𐌰𐌽 𐌰𐌹𐌸𐌴𐌹 𐌹𐍃 𐌾𐌰𐌷 𐌱𐍂𐍉𐌸𐍂𐌾𐌿𐍃 𐌹𐍃 𐌾𐌰𐌷 𐌿𐍄𐌰 𐍃𐍄𐌰𐌽𐌳𐌰𐌽𐌳𐍉𐌽𐌰 𐌹𐌽𐍃𐌰𐌽𐌳𐌹𐌳𐌴𐌳𐌿𐌽 𐌳𐌿 𐌹𐌼𐌼𐌰, 𐌷𐌰𐌹𐍄𐌰𐌽𐌳𐍉𐌽𐌰 𐌹𐌽𐌰.
okay	train_0705_d0	llm_diversify	3	heard	hausjandans	𐌷𐌰𐌿𐍃𐌾𐌰𐌽𐌳𐌰𐌽𐍃	yes	4	gastandan: abide, assume proper state, come to a halt, come to a standi...	4	atstandan: be near, come to, come to stand near, stand adjacently, stan...	4	afstandan: dissociate o.s., fall off, go away, stay away	Others are those who are sown among the thorns. These are those who have heard the word,	jah þai sind þai in þaurnuns saianans, þai waurd hausjandans,	𐌾𐌰𐌷 𐌸𐌰𐌹 𐍃𐌹𐌽𐌳 𐌸𐌰𐌹 𐌹𐌽 𐌸𐌰𐌿𐍂𐌽𐌿𐌽𐍃 𐍃𐌰𐌹𐌰𐌽𐌰𐌽𐍃, 𐌸𐌰𐌹 𐍅𐌰𐌿𐍂𐌳 𐌷𐌰𐌿𐍃𐌾𐌰𐌽𐌳𐌰𐌽𐍃,
okay	train_0782_d0	llm_diversify	3	pleased	galeikandein	𐌲𐌰𐌻𐌴𐌹𐌺𐌰𐌽𐌳𐌴𐌹𐌽	yes	4	galeikōn sik:	4	galeikōnds: imitator	4	galeikan: please (V.)	When the daughter of Herodias herself came in and danced, she pleased Herod and those sitting with him. The king said to the young lady, "Ask me whatever you want, and I will give it to you."	jah atgaggandein inn dauhtar Herodiadins jah plinsjandein jah galeikandein Heroda jah þaim miþanakumbjandam, qaþ þiudans du þizai maujai: bidei mik þishvizuh þei wileis, jah giba þus.	𐌾𐌰𐌷 𐌰𐍄𐌲𐌰𐌲𐌲𐌰𐌽𐌳𐌴𐌹𐌽 𐌹𐌽𐌽 𐌳𐌰𐌿𐌷𐍄𐌰𐍂 𐌷𐌴𐍂𐍉𐌳𐌹𐌰𐌳𐌹𐌽𐍃 𐌾𐌰𐌷 𐍀𐌻𐌹𐌽𐍃𐌾𐌰𐌽𐌳𐌴𐌹𐌽 𐌾𐌰𐌷 𐌲𐌰𐌻𐌴𐌹𐌺𐌰𐌽𐌳𐌴𐌹𐌽 𐌷𐌴𐍂𐍉𐌳𐌰 𐌾𐌰𐌷 𐌸𐌰𐌹𐌼 𐌼𐌹𐌸𐌰𐌽𐌰𐌺𐌿𐌼𐌱𐌾𐌰𐌽𐌳𐌰𐌼, 𐌵𐌰𐌸 𐌸𐌹𐌿𐌳𐌰𐌽𐍃 𐌳𐌿 𐌸𐌹𐌶𐌰𐌹 𐌼𐌰𐌿𐌾𐌰𐌹: 𐌱𐌹𐌳𐌴𐌹 𐌼𐌹𐌺 𐌸𐌹𐍃𐍈𐌹𐌶𐌿𐌷 𐌸𐌴𐌹 𐍅𐌹𐌻𐌴𐌹𐍃, 𐌾𐌰𐌷 𐌲𐌹𐌱𐌰 𐌸𐌿𐍃.
okay	train_0892_d0	llm_diversify	3	testing	fraisandans	𐍆𐍂𐌰𐌹𐍃𐌰𐌽𐌳𐌰𐌽𐍃	yes	4	fraíhnan: ask, ask a question, question (V.)	4	fraqistnan: be utterly destroyed, become utterly destroyed, perish (V.)	4	frahunþans: captive	Pharisees came to him testing him, and asked him, "Is it lawful for a man to divorce his wife?"	jah duatgaggandans Fareisaieis frehun ina, skuldu sijai mann qen afsatjan, fraisandans ina.	𐌾𐌰𐌷 𐌳𐌿𐌰𐍄𐌲𐌰𐌲𐌲𐌰𐌽𐌳𐌰𐌽𐍃 𐍆𐌰𐍂𐌴𐌹𐍃𐌰𐌹𐌴𐌹𐍃 𐍆𐍂𐌴𐌷𐌿𐌽 𐌹𐌽𐌰, 𐍃𐌺𐌿𐌻𐌳𐌿 𐍃𐌹𐌾𐌰𐌹 𐌼𐌰𐌽𐌽 𐌵𐌴𐌽 𐌰𐍆𐍃𐌰𐍄𐌾𐌰𐌽, 𐍆𐍂𐌰𐌹𐍃𐌰𐌽𐌳𐌰𐌽𐍃 𐌹𐌽𐌰.
okay	train_0892_d2	llm_diversify	3	testing	fraisandans	𐍆𐍂𐌰𐌹𐍃𐌰𐌽𐌳𐌰𐌽𐍃	yes	4	fraíhnan: ask, ask a question, question (V.)	4	fraqistnan: be utterly destroyed, become utterly destroyed, perish (V.)	4	frahunþans: captive	Pharisees came to him testing him, and asked him, "Is it lawful for a man to divorce his wife?"	jah duatgaggandans Fareisaieis frehun ina, skuldu sijai mann qen afsatjan, fraisandans ina.	𐌾𐌰𐌷 𐌳𐌿𐌰𐍄𐌲𐌰𐌲𐌲𐌰𐌽𐌳𐌰𐌽𐍃 𐍆𐌰𐍂𐌴𐌹𐍃𐌰𐌹𐌴𐌹𐍃 𐍆𐍂𐌴𐌷𐌿𐌽 𐌹𐌽𐌰, 𐍃𐌺𐌿𐌻𐌳𐌿 𐍃𐌹𐌾𐌰𐌹 𐌼𐌰𐌽𐌽 𐌵𐌴𐌽 𐌰𐍆𐍃𐌰𐍄𐌾𐌰𐌽, 𐍆𐍂𐌰𐌹𐍃𐌰𐌽𐌳𐌰𐌽𐍃 𐌹𐌽𐌰.
okay	train_1042_d1	llm_diversify	3	you say	þu qiþis	𐌸𐌿 𐌵𐌹𐌸𐌹𐍃	yes	4	usqiss: accusation, exposing announcement, incriminating disclosure,...	4	tulgiþōs: bastion, bulwark, fastness	4	unqēþs: not to be told, unspeakable, unutterable	Pilate asked him, "Are you the King of the Jews?" He answered, "So you say."	jah frah ina Peilatus: þu is þiudans Iudaie? iþ is andhafjands qaþ du imma: þu qiþis.	𐌾𐌰𐌷 𐍆𐍂𐌰𐌷 𐌹𐌽𐌰 𐍀𐌴𐌹𐌻𐌰𐍄𐌿𐍃: 𐌸𐌿 𐌹𐍃 𐌸𐌹𐌿𐌳𐌰𐌽𐍃 𐌹𐌿𐌳𐌰𐌹𐌴? 𐌹𐌸 𐌹𐍃 𐌰𐌽𐌳𐌷𐌰𐍆𐌾𐌰𐌽𐌳𐍃 𐌵𐌰𐌸 𐌳𐌿 𐌹𐌼𐌼𐌰: 𐌸𐌿 𐌵𐌹𐌸𐌹𐍃.
okay	train_1062_d0	llm_diversify	3	passed by	faurgaggandans	𐍆𐌰𐌿𐍂𐌲𐌰𐌲𐌲𐌰𐌽𐌳𐌰𐌽𐍃	yes	4	faúrastandan: be a bystander, be at the head of, preside over, stand befor...	4	faúrgaggan: go past, pass on by	4	faurastandands: supervisor	Those who passed by blasphemed him, wagging their heads, and saying, "Ha! You who destroy the temple, and build it in three days,	jah þai faurgaggandans wajameridedun ina, wiþondans haubida seina jah qiþandans: o sa gatairands þo alh jah bi þrins dagans gatimrjands þo,	𐌾𐌰𐌷 𐌸𐌰𐌹 𐍆𐌰𐌿𐍂𐌲𐌰𐌲𐌲𐌰𐌽𐌳𐌰𐌽𐍃 𐍅𐌰𐌾𐌰𐌼𐌴𐍂𐌹𐌳𐌴𐌳𐌿𐌽 𐌹𐌽𐌰, 𐍅𐌹𐌸𐍉𐌽𐌳𐌰𐌽𐍃 𐌷𐌰𐌿𐌱𐌹𐌳𐌰 𐍃𐌴𐌹𐌽𐌰 𐌾𐌰𐌷 𐌵𐌹𐌸𐌰𐌽𐌳𐌰𐌽𐍃: 𐍉 𐍃𐌰 𐌲𐌰𐍄𐌰𐌹𐍂𐌰𐌽𐌳𐍃 𐌸𐍉 𐌰𐌻𐌷 𐌾𐌰𐌷 𐌱𐌹 𐌸𐍂𐌹𐌽𐍃 𐌳𐌰𐌲𐌰𐌽𐍃 𐌲𐌰𐍄𐌹𐌼𐍂𐌾𐌰𐌽𐌳𐍃 𐌸𐍉,
okay	train_1062_d2	llm_diversify	3	passed by	faurgaggandans	𐍆𐌰𐌿𐍂𐌲𐌰𐌲𐌲𐌰𐌽𐌳𐌰𐌽𐍃	yes	4	faúrastandan: be a bystander, be at the head of, preside over, stand befor...	4	faúrgaggan: go past, pass on by	4	faurastandands: supervisor	Those who passed by blasphemed him, wagging their heads, and saying, "Ha! You who destroy the temple, and build it in three days,	jah þai faurgaggandans wajameridedun ina, wiþondans haubida seina jah qiþandans: o sa gatairands þo alh jah bi þrins dagans gatimrjands þo,	𐌾𐌰𐌷 𐌸𐌰𐌹 𐍆𐌰𐌿𐍂𐌲𐌰𐌲𐌲𐌰𐌽𐌳𐌰𐌽𐍃 𐍅𐌰𐌾𐌰𐌼𐌴𐍂𐌹𐌳𐌴𐌳𐌿𐌽 𐌹𐌽𐌰, 𐍅𐌹𐌸𐍉𐌽𐌳𐌰𐌽𐍃 𐌷𐌰𐌿𐌱𐌹𐌳𐌰 𐍃𐌴𐌹𐌽𐌰 𐌾𐌰𐌷 𐌵𐌹𐌸𐌰𐌽𐌳𐌰𐌽𐍃: 𐍉 𐍃𐌰 𐌲𐌰𐍄𐌰𐌹𐍂𐌰𐌽𐌳𐍃 𐌸𐍉 𐌰𐌻𐌷 𐌾𐌰𐌷 𐌱𐌹 𐌸𐍂𐌹𐌽𐍃 𐌳𐌰𐌲𐌰𐌽𐍃 𐌲𐌰𐍄𐌹𐌼𐍂𐌾𐌰𐌽𐌳𐍃 𐌸𐍉,
okay	train_1190_d1	llm_diversify	3	feared	ohtedun	𐍉𐌷𐍄𐌴𐌳𐌿𐌽	yes	4	garēdan: aim at, have a plan for, intend, purpose (V.), take forethou...	4	rēdan: advise, advocate (V.), argue for, plan (V.), propose, take a...	4	ūhteigs: having ample time, with free time	But when the multitudes saw it, they marveled and glorified God, who had given such authority to men.	gasaihvandeins þan manageins ohtedun sildaleikjandans jah mikilidedun guþ þana gibandan waldufni swaleikata mannam.	𐌲𐌰𐍃𐌰𐌹𐍈𐌰𐌽𐌳𐌴𐌹𐌽𐍃 𐌸𐌰𐌽 𐌼𐌰𐌽𐌰𐌲𐌴𐌹𐌽𐍃 𐍉𐌷𐍄𐌴𐌳𐌿𐌽 𐍃𐌹𐌻𐌳𐌰𐌻𐌴𐌹𐌺𐌾𐌰𐌽𐌳𐌰𐌽𐍃 𐌾𐌰𐌷 𐌼𐌹𐌺𐌹𐌻𐌹𐌳𐌴𐌳𐌿𐌽 𐌲𐌿𐌸 𐌸𐌰𐌽𐌰 𐌲𐌹𐌱𐌰𐌽𐌳𐌰𐌽 𐍅𐌰𐌻𐌳𐌿𐍆𐌽𐌹 𐍃𐍅𐌰𐌻𐌴𐌹𐌺𐌰𐍄𐌰 𐌼𐌰𐌽𐌽𐌰𐌼.
okay	train_1237_o0	llm_original	3	willing	wildedeiþ	𐍅𐌹𐌻𐌳𐌴𐌳𐌴𐌹𐌸	yes	4	sildaleik: amazement, astonishment, wonder (N.)	4	filudeis: crafty, cunning (Adj.)	4	mildeis: kind (Adj.), mild	If you are willing to receive it, this is Elijah, who is to come.	jah jabai wildedeiþ miþniman, sa ist Helias, saei skulda qiman.	𐌾𐌰𐌷 𐌾𐌰𐌱𐌰𐌹 𐍅𐌹𐌻𐌳𐌴𐌳𐌴𐌹𐌸 𐌼𐌹𐌸𐌽𐌹𐌼𐌰𐌽, 𐍃𐌰 𐌹𐍃𐍄 𐌷𐌴𐌻𐌹𐌰𐍃, 𐍃𐌰𐌴𐌹 𐍃𐌺𐌿𐌻𐌳𐌰 𐌵𐌹𐌼𐌰𐌽.
okay	train_1311_d0	llm_diversify	3	be opened	uslukaindau	𐌿𐍃𐌻𐌿𐌺𐌰𐌹𐌽𐌳𐌰𐌿	yes	4	uslūknan: be opened, be unlocked, become opened, become unlocked	4	uslūkan: open (V.), unlock, unsheathe	5	usstandan: arise, emerge, proceed out, rise up, stand up	I said to them, Don't let the gates of Jerusalem be opened until the sun be hot; and while they stand [on guard], let them shut the doors, and bar you them: and appoint watches of the inhabitants of Jerusalem, everyone in his watch, and everyone [to be] over against his house.	jah qaþ im: ni uslukaindau daurons Iairusalems, und þatei urrinnai sunno ...	𐌾𐌰𐌷 𐌵𐌰𐌸 𐌹𐌼: 𐌽𐌹 𐌿𐍃𐌻𐌿𐌺𐌰𐌹𐌽𐌳𐌰𐌿 𐌳𐌰𐌿𐍂𐍉𐌽𐍃 𐌹𐌰𐌹𐍂𐌿𐍃𐌰𐌻𐌴𐌼𐍃, 𐌿𐌽𐌳 𐌸𐌰𐍄𐌴𐌹 𐌿𐍂𐍂𐌹𐌽𐌽𐌰𐌹 𐍃𐌿𐌽𐌽𐍉 ...
okay	train_0105_d0	llm_diversify	3	looking for	sokidedum	𐍃𐍉𐌺𐌹𐌳𐌴𐌳𐌿𐌼	yes	4	skildus: shield (N.)	5	waidēdja: bandit, evil-doer, felon, malefactor, robber, „woe-doer“	5	sidus: conduct (N.), conduct (N.); ?, custom (N.), habit (N.), usag...	When they saw him, they were astonished, and his mother said to him, "Son, why have you treated us this way? Behold, your father and I were anxiously looking for you."	jah gasaihvandans ina sildaleikidedun, jah qaþ du imma so aiþei is: magau, hva gatawides uns swa? sai, sa atta þeins jah ik winnandona sokidedum þuk.	𐌾𐌰𐌷 𐌲𐌰𐍃𐌰𐌹𐍈𐌰𐌽𐌳𐌰𐌽𐍃 𐌹𐌽𐌰 𐍃𐌹𐌻𐌳𐌰𐌻𐌴𐌹𐌺𐌹𐌳𐌴𐌳𐌿𐌽, 𐌾𐌰𐌷 𐌵𐌰𐌸 𐌳𐌿 𐌹𐌼𐌼𐌰 𐍃𐍉 𐌰𐌹𐌸𐌴𐌹 𐌹𐍃: 𐌼𐌰𐌲𐌰𐌿, 𐍈𐌰 𐌲𐌰𐍄𐌰𐍅𐌹𐌳𐌴𐍃 𐌿𐌽𐍃 𐍃𐍅𐌰? 𐍃𐌰𐌹, 𐍃𐌰 𐌰𐍄𐍄𐌰 𐌸𐌴𐌹𐌽𐍃 𐌾𐌰𐌷 𐌹𐌺 𐍅𐌹𐌽𐌽𐌰𐌽𐌳𐍉𐌽𐌰 𐍃𐍉𐌺𐌹𐌳𐌴𐌳𐌿𐌼 𐌸𐌿𐌺.
okay	train_0105_d1	llm_diversify	3	looking for	sokidedum	𐍃𐍉𐌺𐌹𐌳𐌴𐌳𐌿𐌼	yes	4	skildus: shield (N.)	5	waidēdja: bandit, evil-doer, felon, malefactor, robber, „woe-doer“	5	sidus: conduct (N.), conduct (N.); ?, custom (N.), habit (N.), usag...	When they saw him, they were astonished, and his mother said to him, "Son, why have you treated us this way? Behold, your father and I were anxiously looking for you."	jah gasaihvandans ina sildaleikidedun, jah qaþ du imma so aiþei is: magau, hva gatawides uns swa? sai, sa atta þeins jah ik winnandona sokidedum þuk.	𐌾𐌰𐌷 𐌲𐌰𐍃𐌰𐌹𐍈𐌰𐌽𐌳𐌰𐌽𐍃 𐌹𐌽𐌰 𐍃𐌹𐌻𐌳𐌰𐌻𐌴𐌹𐌺𐌹𐌳𐌴𐌳𐌿𐌽, 𐌾𐌰𐌷 𐌵𐌰𐌸 𐌳𐌿 𐌹𐌼𐌼𐌰 𐍃𐍉 𐌰𐌹𐌸𐌴𐌹 𐌹𐍃: 𐌼𐌰𐌲𐌰𐌿, 𐍈𐌰 𐌲𐌰𐍄𐌰𐍅𐌹𐌳𐌴𐍃 𐌿𐌽𐍃 𐍃𐍅𐌰? 𐍃𐌰𐌹, 𐍃𐌰 𐌰𐍄𐍄𐌰 𐌸𐌴𐌹𐌽𐍃 𐌾𐌰𐌷 𐌹𐌺 𐍅𐌹𐌽𐌽𐌰𐌽𐌳𐍉𐌽𐌰 𐍃𐍉𐌺𐌹𐌳𐌴𐌳𐌿𐌼 𐌸𐌿𐌺.
okay	train_0295_d0	llm_diversify	3	came together	gaqumanaim	𐌲𐌰𐌵𐌿𐌼𐌰𐌽𐌰𐌹𐌼	yes	4	gaqiman: arrive at, attain to, come together, congregate, convene, ga...	5	gaqiunan: be made alive, be revivified, become alive, become revivifie...	5	gagudaba: godly, in a godly manner, in a saintly manner	When a great multitude came together, and people from every city were coming to him, he spoke by a parable.	gaqumanaim þan hiumam managaim jah þaim þaiei us baurgim gaïddjedun du imma, qaþ þairh gajukon:	𐌲𐌰𐌵𐌿𐌼𐌰𐌽𐌰𐌹𐌼 𐌸𐌰𐌽 𐌷𐌹𐌿𐌼𐌰𐌼 𐌼𐌰𐌽𐌰𐌲𐌰𐌹𐌼 𐌾𐌰𐌷 𐌸𐌰𐌹𐌼 𐌸𐌰𐌹𐌴𐌹 𐌿𐍃 𐌱𐌰𐌿𐍂𐌲𐌹𐌼 𐌲𐌰ï𐌳𐌳𐌾𐌴𐌳𐌿𐌽 𐌳𐌿 𐌹𐌼𐌼𐌰, 𐌵𐌰𐌸 𐌸𐌰𐌹𐍂𐌷 𐌲𐌰𐌾𐌿𐌺𐍉𐌽:
okay	train_0308_d0	llm_diversify	3	desiring	gairnjandona	𐌲𐌰𐌹𐍂𐌽𐌾𐌰𐌽𐌳𐍉𐌽𐌰	yes	4	gairnjan: desire (V.), long for, lust after, want (V.), yearn for	5	gaibnjan: level (V.), make even	5	airzjands: seducer	It was told him by some saying, "Your mother and your brothers stand outside, desiring to see you."	jah gataihan warþ imma þatei aiþei þeina jah broþrjus þeinai standand uta gasaihvan þuk gairnjandona.	𐌾𐌰𐌷 𐌲𐌰𐍄𐌰𐌹𐌷𐌰𐌽 𐍅𐌰𐍂𐌸 𐌹𐌼𐌼𐌰 𐌸𐌰𐍄𐌴𐌹 𐌰𐌹𐌸𐌴𐌹 𐌸𐌴𐌹𐌽𐌰 𐌾𐌰𐌷 𐌱𐍂𐍉𐌸𐍂𐌾𐌿𐍃 𐌸𐌴𐌹𐌽𐌰𐌹 𐍃𐍄𐌰𐌽𐌳𐌰𐌽𐌳 𐌿𐍄𐌰 𐌲𐌰𐍃𐌰𐌹𐍈𐌰𐌽 𐌸𐌿𐌺 𐌲𐌰𐌹𐍂𐌽𐌾𐌰𐌽𐌳𐍉𐌽𐌰.
okay	train_0390_d0	llm_diversify	3	come near	atnehvida	𐌰𐍄𐌽𐌴𐍈𐌹𐌳𐌰	no	4	atnēƕjan: approach (V.), come near, draw near to	5	anaþaíma: accursed one, accursed thing, anathema, curse (N.)	5	andhaitan: acknowledge, confess, praise (V.), profess	Heal the sick who are therein, and tell them, 'The Kingdom of God has come near to you.'	jah lekinoþ þans in izai siukans jah qiþiþ du im: atnehvida ana izwis þiudangardi gudis.	𐌾𐌰𐌷 𐌻𐌴𐌺𐌹𐌽𐍉𐌸 𐌸𐌰𐌽𐍃 𐌹𐌽 𐌹𐌶𐌰𐌹 𐍃𐌹𐌿𐌺𐌰𐌽𐍃 𐌾𐌰𐌷 𐌵𐌹𐌸𐌹𐌸 𐌳𐌿 𐌹𐌼: 𐌰𐍄𐌽𐌴𐍈𐌹𐌳𐌰 𐌰𐌽𐌰 𐌹𐌶𐍅𐌹𐍃 𐌸𐌹𐌿𐌳𐌰𐌽𐌲𐌰𐍂𐌳𐌹 𐌲𐌿𐌳𐌹𐍃.
okay	train_0390_d1	llm_diversify	3	come near	atnehvida	𐌰𐍄𐌽𐌴𐍈𐌹𐌳𐌰	no	4	atnēƕjan: approach (V.), come near, draw near to	5	anaþaíma: accursed one, accursed thing, anathema, curse (N.)	5	andhaitan: acknowledge, confess, praise (V.), profess	Heal the sick who are therein, and tell them, 'The Kingdom of God has come near to you.'	jah lekinoþ þans in izai siukans jah qiþiþ du im: atnehvida ana izwis þiudangardi gudis.	𐌾𐌰𐌷 𐌻𐌴𐌺𐌹𐌽𐍉𐌸 𐌸𐌰𐌽𐍃 𐌹𐌽 𐌹𐌶𐌰𐌹 𐍃𐌹𐌿𐌺𐌰𐌽𐍃 𐌾𐌰𐌷 𐌵𐌹𐌸𐌹𐌸 𐌳𐌿 𐌹𐌼: 𐌰𐍄𐌽𐌴𐍈𐌹𐌳𐌰 𐌰𐌽𐌰 𐌹𐌶𐍅𐌹𐍃 𐌸𐌹𐌿𐌳𐌰𐌽𐌲𐌰𐍂𐌳𐌹 𐌲𐌿𐌳𐌹𐍃.
okay	train_0502_d1	llm_diversify	3	despised	frakunnandans	𐍆𐍂𐌰𐌺𐌿𐌽𐌽𐌰𐌽𐌳𐌰𐌽𐍃	yes	4	frakunnan: despise, disdain (V.), refuse to recognize, scorn (V.), spur...	5	anakunnains: bringing into awareness through reading, bringing into recog...	5	frahunþans: captive	He spoke also this parable to certain people who were convinced of their own righteousness, and who despised all others.	qaþ þan du sumaim, þaiei silbans trauaidedun sis ei weseina garaihtai jah frakunnandans þaim anþaraim, þo gajukon:	𐌵𐌰𐌸 𐌸𐌰𐌽 𐌳𐌿 𐍃𐌿𐌼𐌰𐌹𐌼, 𐌸𐌰𐌹𐌴𐌹 𐍃𐌹𐌻𐌱𐌰𐌽𐍃 𐍄𐍂𐌰𐌿𐌰𐌹𐌳𐌴𐌳𐌿𐌽 𐍃𐌹𐍃 𐌴𐌹 𐍅𐌴𐍃𐌴𐌹𐌽𐌰 𐌲𐌰𐍂𐌰𐌹𐌷𐍄𐌰𐌹 𐌾𐌰𐌷 𐍆𐍂𐌰𐌺𐌿𐌽𐌽𐌰𐌽𐌳𐌰𐌽𐍃 𐌸𐌰𐌹𐌼 𐌰𐌽𐌸𐌰𐍂𐌰𐌹𐌼, 𐌸𐍉 𐌲𐌰𐌾𐌿𐌺𐍉𐌽:
okay	train_0507_d0	llm_diversify	3	saw	gasaihvandans	𐌲𐌰𐍃𐌰𐌹𐍈𐌰𐌽𐌳𐌰𐌽𐍃	no	4	gasaíƕans: visible	5	gastandan: abide, assume proper state, come to a halt, come to a standi...	5	gasaíƕan: catch sight of, espy, look at, perceive, see (V.)	They were also bringing their babies to him, that he might touch them. But when the disciples saw it, they rebuked them.	berun þan du imma barna, ei im attaitoki. gasaihvandans þan siponjos andbitun ins.	𐌱𐌴𐍂𐌿𐌽 𐌸𐌰𐌽 𐌳𐌿 𐌹𐌼𐌼𐌰 𐌱𐌰𐍂𐌽𐌰, 𐌴𐌹 𐌹𐌼 𐌰𐍄𐍄𐌰𐌹𐍄𐍉𐌺𐌹. 𐌲𐌰𐍃𐌰𐌹𐍈𐌰𐌽𐌳𐌰𐌽𐍃 𐌸𐌰𐌽 𐍃𐌹𐍀𐍉𐌽𐌾𐍉𐍃 𐌰𐌽𐌳𐌱𐌹𐍄𐌿𐌽 𐌹𐌽𐍃.
okay	train_0524_d0	llm_diversify	3	going by	faurgaggandein	𐍆𐌰𐌿𐍂𐌲𐌰𐌲𐌲𐌰𐌽𐌳𐌴𐌹𐌽	yes	4	faúrgaggan: go past, pass on by	5	faúrastandan: be a bystander, be at the head of, preside over, stand befor...	5	faúragasandjan: send on ahead	Hearing a multitude going by, he asked what this meant.	gahausjands þan managein faurgaggandein frah hva wesi þata.	𐌲𐌰𐌷𐌰𐌿𐍃𐌾𐌰𐌽𐌳𐍃 𐌸𐌰𐌽 𐌼𐌰𐌽𐌰𐌲𐌴𐌹𐌽 𐍆𐌰𐌿𐍂𐌲𐌰𐌲𐌲𐌰𐌽𐌳𐌴𐌹𐌽 𐍆𐍂𐌰𐌷 𐍈𐌰 𐍅𐌴𐍃𐌹 𐌸𐌰𐍄𐌰.
okay	train_0524_d1	llm_diversify	3	going by	faurgaggandein	𐍆𐌰𐌿𐍂𐌲𐌰𐌲𐌲𐌰𐌽𐌳𐌴𐌹𐌽	yes	4	faúrgaggan: go past, pass on by	5	faúrastandan: be a bystander, be at the head of, preside over, stand befor...	5	faúragasandjan: send on ahead	Hearing a multitude going by, he asked what this meant.	gahausjands þan managein faurgaggandein frah hva wesi þata.	𐌲𐌰𐌷𐌰𐌿𐍃𐌾𐌰𐌽𐌳𐍃 𐌸𐌰𐌽 𐌼𐌰𐌽𐌰𐌲𐌴𐌹𐌽 𐍆𐌰𐌿𐍂𐌲𐌰𐌲𐌲𐌰𐌽𐌳𐌴𐌹𐌽 𐍆𐍂𐌰𐌷 𐍈𐌰 𐍅𐌴𐍃𐌹 𐌸𐌰𐍄𐌰.
okay	train_0580_d1	llm_diversify	3	threw	uswairpandans	𐌿𐍃𐍅𐌰𐌹𐍂𐍀𐌰𐌽𐌳𐌰𐌽𐍃	yes	4	uswaírpan: cast off, cast out, eject, expel, reject (V.), throw off, th...	5	uswindan: braid (V.), intertwine, plait (V.), twine (V.), weave (V.)	5	unbaírands: non-bearing, unbearing	They threw him out of the vineyard, and killed him. What therefore will the lord of the vineyard do to them?	jah uswairpandans ina ut us þamma weinagarda usqemun. hva nu taujai im frauja þis weinagardis?	𐌾𐌰𐌷 𐌿𐍃𐍅𐌰𐌹𐍂𐍀𐌰𐌽𐌳𐌰𐌽𐍃 𐌹𐌽𐌰 𐌿𐍄 𐌿𐍃 𐌸𐌰𐌼𐌼𐌰 𐍅𐌴𐌹𐌽𐌰𐌲𐌰𐍂𐌳𐌰 𐌿𐍃𐌵𐌴𐌼𐌿𐌽. 𐍈𐌰 𐌽𐌿 𐍄𐌰𐌿𐌾𐌰𐌹 𐌹𐌼 𐍆𐍂𐌰𐌿𐌾𐌰 𐌸𐌹𐍃 𐍅𐌴𐌹𐌽𐌰𐌲𐌰𐍂𐌳𐌹𐍃?
okay	train_0620_d0	llm_diversify	3	mending	manwjandans	𐌼𐌰𐌽𐍅𐌾𐌰𐌽𐌳𐌰𐌽𐍃	yes	4	manwjan: make ready, prepare	5	gastandan: abide, assume proper state, come to a halt, come to a standi...	5	managnan: abound, be abundant	Going on a little further from there, he saw James the son of Zebedee, and John, his brother, who were also in the boat mending the nets.	jah jainþro inngaggands framis leitilata gasahv Iakobu þana Zaibaidaiaus jah Iohanne broþar is, jah þans in skipa manwjandans natja.	𐌾𐌰𐌷 𐌾𐌰𐌹𐌽𐌸𐍂𐍉 𐌹𐌽𐌽𐌲𐌰𐌲𐌲𐌰𐌽𐌳𐍃 𐍆𐍂𐌰𐌼𐌹𐍃 𐌻𐌴𐌹𐍄𐌹𐌻𐌰𐍄𐌰 𐌲𐌰𐍃𐌰𐍈 𐌹𐌰𐌺𐍉𐌱𐌿 𐌸𐌰𐌽𐌰 𐌶𐌰𐌹𐌱𐌰𐌹𐌳𐌰𐌹𐌰𐌿𐍃 𐌾𐌰𐌷 𐌹𐍉𐌷𐌰𐌽𐌽𐌴 𐌱𐍂𐍉𐌸𐌰𐍂 𐌹𐍃, 𐌾𐌰𐌷 𐌸𐌰𐌽𐍃 𐌹𐌽 𐍃𐌺𐌹𐍀𐌰 𐌼𐌰𐌽𐍅𐌾𐌰𐌽𐌳𐌰𐌽𐍃 𐌽𐌰𐍄𐌾𐌰.
okay	train_0664_o1	llm_original	3	heal	hailidediu	𐌷𐌰𐌹𐌻𐌹𐌳𐌴𐌳𐌹𐌿	yes	4	haírdeis: herdsman, shepherd (M.)	5	hailisks: alive, healthy; lat. vivus, sanus, well (Adj.)	5	waidēdja: bandit, evil-doer, felon, malefactor, robber, „woe-doer“	They watched him, whether he would heal him on the Sabbath day, that they might accuse him.	jah witaidedun imma hailidediu sabbato daga, ei wrohidedeina ina.	𐌾𐌰𐌷 𐍅𐌹𐍄𐌰𐌹𐌳𐌴𐌳𐌿𐌽 𐌹𐌼𐌼𐌰 𐌷𐌰𐌹𐌻𐌹𐌳𐌴𐌳𐌹𐌿 𐍃𐌰𐌱𐌱𐌰𐍄𐍉 𐌳𐌰𐌲𐌰, 𐌴𐌹 𐍅𐍂𐍉𐌷𐌹𐌳𐌴𐌳𐌴𐌹𐌽𐌰 𐌹𐌽𐌰.
okay	train_0752_d0	llm_diversify	3	pressing against	þreihandein	𐌸𐍂𐌴𐌹𐌷𐌰𐌽𐌳𐌴𐌹𐌽	yes	4	þreihan: cramp (V.), crowd (V.), crush (V.), press (V.), thong (V.)	5	þeihan: cooperate, gain (V.) (2), make progress, succeed, thrive, wa...	5	freideins: saving (N.)	His disciples said to him, "You see the multitude pressing against you, and you say, 'Who touched me?'"	jah qeþun du imma siponjos is: saihvis þo managein þreihandein þuk jah qiþis: hvas mis taitok?	𐌾𐌰𐌷 𐌵𐌴𐌸𐌿𐌽 𐌳𐌿 𐌹𐌼𐌼𐌰 𐍃𐌹𐍀𐍉𐌽𐌾𐍉𐍃 𐌹𐍃: 𐍃𐌰𐌹𐍈𐌹𐍃 𐌸𐍉 𐌼𐌰𐌽𐌰𐌲𐌴𐌹𐌽 𐌸𐍂𐌴𐌹𐌷𐌰𐌽𐌳𐌴𐌹𐌽 𐌸𐌿𐌺 𐌾𐌰𐌷 𐌵𐌹𐌸𐌹𐍃: 𐍈𐌰𐍃 𐌼𐌹𐍃 𐍄𐌰𐌹𐍄𐍉𐌺?
okay	train_0752_d1	llm_diversify	3	pressing against	þreihandein	𐌸𐍂𐌴𐌹𐌷𐌰𐌽𐌳𐌴𐌹𐌽	yes	4	þreihan: cramp (V.), crowd (V.), crush (V.), press (V.), thong (V.)	5	þeihan: cooperate, gain (V.) (2), make progress, succeed, thrive, wa...	5	freideins: saving (N.)	His disciples said to him, "You see the multitude pressing against you, and you say, 'Who touched me?'"	jah qeþun du imma siponjos is: saihvis þo managein þreihandein þuk jah qiþis: hvas mis taitok?	𐌾𐌰𐌷 𐌵𐌴𐌸𐌿𐌽 𐌳𐌿 𐌹𐌼𐌼𐌰 𐍃𐌹𐍀𐍉𐌽𐌾𐍉𐍃 𐌹𐍃: 𐍃𐌰𐌹𐍈𐌹𐍃 𐌸𐍉 𐌼𐌰𐌽𐌰𐌲𐌴𐌹𐌽 𐌸𐍂𐌴𐌹𐌷𐌰𐌽𐌳𐌴𐌹𐌽 𐌸𐌿𐌺 𐌾𐌰𐌷 𐌵𐌹𐌸𐌹𐍃: 𐍈𐌰𐍃 𐌼𐌹𐍃 𐍄𐌰𐌹𐍄𐍉𐌺?
okay	train_0822_d0	llm_diversify	3	eat	matidedeina	𐌼𐌰𐍄𐌹𐌳𐌴𐌳𐌴𐌹𐌽𐌰	yes	4	maideins: barter (N.)	5	waidēdja: bandit, evil-doer, felon, malefactor, robber, „woe-doer“	5	gatimreins: building up, construction, edification	In those days, when there was a very great multitude, and they had nothing to eat, Jesus called his disciples to himself, and said to them,	In jainaim þan dagam aftra at filu managai managein wisandein jah ni habandam hva matidedeina, athaitands siponjans qaþuh du im:	𐌹𐌽 𐌾𐌰𐌹𐌽𐌰𐌹𐌼 𐌸𐌰𐌽 𐌳𐌰𐌲𐌰𐌼 𐌰𐍆𐍄𐍂𐌰 𐌰𐍄 𐍆𐌹𐌻𐌿 𐌼𐌰𐌽𐌰𐌲𐌰𐌹 𐌼𐌰𐌽𐌰𐌲𐌴𐌹𐌽 𐍅𐌹𐍃𐌰𐌽𐌳𐌴𐌹𐌽 𐌾𐌰𐌷 𐌽𐌹 𐌷𐌰𐌱𐌰𐌽𐌳𐌰𐌼 𐍈𐌰 𐌼𐌰𐍄𐌹𐌳𐌴𐌳𐌴𐌹𐌽𐌰, 𐌰𐍄𐌷𐌰𐌹𐍄𐌰𐌽𐌳𐍃 𐍃𐌹𐍀𐍉𐌽𐌾𐌰𐌽𐍃 𐌵𐌰𐌸𐌿𐌷 𐌳𐌿 𐌹𐌼:
okay	train_0876_d0	llm_diversify	3	arguing	mitodeduþ	𐌼𐌹𐍄𐍉𐌳𐌴𐌳𐌿𐌸	yes	4	witōdeigō: lawfully, legally, legitimately	5	mitadjō: measure (N.), measured amount	5	mitōn: argue, cogitate, consider, debate, mediate, plan (V.), ponde...	He came to Capernaum, and when he was in the house he asked them, "What were you arguing among yourselves on the way?"	jah qam in Kafarnaum. jah in garda qumans frah ins: hva in wiga miþ izwis misso mitodeduþ?	𐌾𐌰𐌷 𐌵𐌰𐌼 𐌹𐌽 𐌺𐌰𐍆𐌰𐍂𐌽𐌰𐌿𐌼. 𐌾𐌰𐌷 𐌹𐌽 𐌲𐌰𐍂𐌳𐌰 𐌵𐌿𐌼𐌰𐌽𐍃 𐍆𐍂𐌰𐌷 𐌹𐌽𐍃: 𐍈𐌰 𐌹𐌽 𐍅𐌹𐌲𐌰 𐌼𐌹𐌸 𐌹𐌶𐍅𐌹𐍃 𐌼𐌹𐍃𐍃𐍉 𐌼𐌹𐍄𐍉𐌳𐌴𐌳𐌿𐌸?
okay	train_0947_d0	llm_diversify	3	sought	sokidedun	𐍃𐍉𐌺𐌹𐌳𐌴𐌳𐌿𐌽	yes	4	skildus: shield (N.)	5	sōkjan: ask for, query (V.), quest (V.), request (V.), search (V.), ...	5	waidēdja: bandit, evil-doer, felon, malefactor, robber, „woe-doer“	The chief priests and the scribes heard it, and sought how they might destroy him. For they feared him, because all the multitude was astonished at his teaching.	jah gahausidedun þai bokarjos jah gudjane auhumistans jah sokidedun, hvaiwa imma usqistidedeina: ohtedun auk ina, unte alla managei sildaleikidedun in laiseinais is.	𐌾𐌰𐌷 𐌲𐌰𐌷𐌰𐌿𐍃𐌹𐌳𐌴𐌳𐌿𐌽 𐌸𐌰𐌹 𐌱𐍉𐌺𐌰𐍂𐌾𐍉𐍃 𐌾𐌰𐌷 𐌲𐌿𐌳𐌾𐌰𐌽𐌴 𐌰𐌿𐌷𐌿𐌼𐌹𐍃𐍄𐌰𐌽𐍃 𐌾𐌰𐌷 𐍃𐍉𐌺𐌹𐌳𐌴𐌳𐌿𐌽, 𐍈𐌰𐌹𐍅𐌰 𐌹𐌼𐌼𐌰 𐌿𐍃𐌵𐌹𐍃𐍄𐌹𐌳𐌴𐌳𐌴𐌹𐌽𐌰: 𐍉𐌷𐍄𐌴𐌳𐌿𐌽 𐌰𐌿𐌺 𐌹𐌽𐌰, 𐌿𐌽𐍄𐌴 𐌰𐌻𐌻𐌰 𐌼𐌰𐌽𐌰𐌲𐌴𐌹 𐍃𐌹𐌻𐌳𐌰𐌻𐌴𐌹𐌺𐌹𐌳𐌴𐌳𐌿𐌽 𐌹𐌽 𐌻𐌰𐌹𐍃𐌴𐌹𐌽𐌰𐌹𐍃 𐌹𐍃.
okay	train_0956_d0	llm_diversify	3	walking	hvarbondin	𐍈𐌰𐍂𐌱𐍉𐌽𐌳𐌹𐌽	no	4	ƕarbōn: go about, pass on, stroll about, walk about, wander on past	5	gabindan: bind (V.), bind fast	5	gabindi: bond (N.), ligation	They came again to Jerusalem, and as he was walking in the temple, the chief priests, and the scribes, and the elders came to him,	jah iddjedun aftra du Iairusaulwmai. jah in alh hvarbondin imma, atiddjedun du imma þai auhumistans gudjans jah bokarjos jah sinistans.	𐌾𐌰𐌷 𐌹𐌳𐌳𐌾𐌴𐌳𐌿𐌽 𐌰𐍆𐍄𐍂𐌰 𐌳𐌿 𐌹𐌰𐌹𐍂𐌿𐍃𐌰𐌿𐌻𐍅𐌼𐌰𐌹. 𐌾𐌰𐌷 𐌹𐌽 𐌰𐌻𐌷 𐍈𐌰𐍂𐌱𐍉𐌽𐌳𐌹𐌽 𐌹𐌼𐌼𐌰, 𐌰𐍄𐌹𐌳𐌳𐌾𐌴𐌳𐌿𐌽 𐌳𐌿 𐌹𐌼𐌼𐌰 𐌸𐌰𐌹 𐌰𐌿𐌷𐌿𐌼𐌹𐍃𐍄𐌰𐌽𐍃 𐌲𐌿𐌳𐌾𐌰𐌽𐍃 𐌾𐌰𐌷 𐌱𐍉𐌺𐌰𐍂𐌾𐍉𐍃 𐌾𐌰𐌷 𐍃𐌹𐌽𐌹𐍃𐍄𐌰𐌽𐍃.
okay	train_0956_d2	llm_diversify	3	walking	hvarbondin	𐍈𐌰𐍂𐌱𐍉𐌽𐌳𐌹𐌽	no	4	ƕarbōn: go about, pass on, stroll about, walk about, wander on past	5	gabindan: bind (V.), bind fast	5	gabindi: bond (N.), ligation	They came again to Jerusalem, and as he was walking in the temple, the chief priests, and the scribes, and the elders came to him,	jah iddjedun aftra du Iairusaulwmai. jah in alh hvarbondin imma, atiddjedun du imma þai auhumistans gudjans jah bokarjos jah sinistans.	𐌾𐌰𐌷 𐌹𐌳𐌳𐌾𐌴𐌳𐌿𐌽 𐌰𐍆𐍄𐍂𐌰 𐌳𐌿 𐌹𐌰𐌹𐍂𐌿𐍃𐌰𐌿𐌻𐍅𐌼𐌰𐌹. 𐌾𐌰𐌷 𐌹𐌽 𐌰𐌻𐌷 𐍈𐌰𐍂𐌱𐍉𐌽𐌳𐌹𐌽 𐌹𐌼𐌼𐌰, 𐌰𐍄𐌹𐌳𐌳𐌾𐌴𐌳𐌿𐌽 𐌳𐌿 𐌹𐌼𐌼𐌰 𐌸𐌰𐌹 𐌰𐌿𐌷𐌿𐌼𐌹𐍃𐍄𐌰𐌽𐍃 𐌲𐌿𐌳𐌾𐌰𐌽𐍃 𐌾𐌰𐌷 𐌱𐍉𐌺𐌰𐍂𐌾𐍉𐍃 𐌾𐌰𐌷 𐍃𐌹𐌽𐌹𐍃𐍄𐌰𐌽𐍃.
okay	train_0956_d4	llm_diversify	3	walking	hvarbondin	𐍈𐌰𐍂𐌱𐍉𐌽𐌳𐌹𐌽	no	4	ƕarbōn: go about, pass on, stroll about, walk about, wander on past	5	gabindan: bind (V.), bind fast	5	gabindi: bond (N.), ligation	They came again to Jerusalem, and as he was walking in the temple, the chief priests, and the scribes, and the elders came to him,	jah iddjedun aftra du Iairusaulwmai. jah in alh hvarbondin imma, atiddjedun du imma þai auhumistans gudjans jah bokarjos jah sinistans.	𐌾𐌰𐌷 𐌹𐌳𐌳𐌾𐌴𐌳𐌿𐌽 𐌰𐍆𐍄𐍂𐌰 𐌳𐌿 𐌹𐌰𐌹𐍂𐌿𐍃𐌰𐌿𐌻𐍅𐌼𐌰𐌹. 𐌾𐌰𐌷 𐌹𐌽 𐌰𐌻𐌷 𐍈𐌰𐍂𐌱𐍉𐌽𐌳𐌹𐌽 𐌹𐌼𐌼𐌰, 𐌰𐍄𐌹𐌳𐌳𐌾𐌴𐌳𐌿𐌽 𐌳𐌿 𐌹𐌼𐌼𐌰 𐌸𐌰𐌹 𐌰𐌿𐌷𐌿𐌼𐌹𐍃𐍄𐌰𐌽𐍃 𐌲𐌿𐌳𐌾𐌰𐌽𐍃 𐌾𐌰𐌷 𐌱𐍉𐌺𐌰𐍂𐌾𐍉𐍃 𐌾𐌰𐌷 𐍃𐌹𐌽𐌹𐍃𐍄𐌰𐌽𐍃.
okay	train_1254_d1	llm_diversify	3	delivered up	atg(iba)da	𐌰𐍄𐌲(𐌹𐌱𐌰)𐌳𐌰	yes	4	atgiban: deliver into the custody of, give over to, give unto	5	gibands: donor, giver	6	gibla: edge of a roof peak, gable	"You know that after two days the Passover is coming, and the Son of Man will be delivered up to be crucified."	wituþ þatei afar twans dagans p(aska) wairþiþ, jas~sa sunus mans atg(iba)da du ushramjan.	𐍅𐌹𐍄𐌿𐌸 𐌸𐌰𐍄𐌴𐌹 𐌰𐍆𐌰𐍂 𐍄𐍅𐌰𐌽𐍃 𐌳𐌰𐌲𐌰𐌽𐍃 𐍀(𐌰𐍃𐌺𐌰) 𐍅𐌰𐌹𐍂𐌸𐌹𐌸, 𐌾𐌰𐍃~𐍃𐌰 𐍃𐌿𐌽𐌿𐍃 𐌼𐌰𐌽𐍃 𐌰𐍄𐌲(𐌹𐌱𐌰)𐌳𐌰 𐌳𐌿 𐌿𐍃𐌷𐍂𐌰𐌼𐌾𐌰𐌽.
okay	train_0202_d1	llm_diversify	3	reclining	anakumbjandans	𐌰𐌽𐌰𐌺𐌿𐌼𐌱𐌾𐌰𐌽𐌳𐌰𐌽𐍃	yes	4	anakumbjan: lie (V.) (2) down to a meal, recline at table	6	anakunnan: make acquire knowledge of by reading, teach or learn through...	6	anakunnains: bringing into awareness through reading, bringing into recog...	Levi made a great feast for him in his house. There was a great crowd of tax collectors and others who were reclining with them.	jah gawaurhta dauht mikila Laiwweis imma in garda seinamma, jah was managei motarje mikila jah anþaraize, þaiei wesun miþ im anakumbjandans.	𐌾𐌰𐌷 𐌲𐌰𐍅𐌰𐌿𐍂𐌷𐍄𐌰 𐌳𐌰𐌿𐌷𐍄 𐌼𐌹𐌺𐌹𐌻𐌰 𐌻𐌰𐌹𐍅𐍅𐌴𐌹𐍃 𐌹𐌼𐌼𐌰 𐌹𐌽 𐌲𐌰𐍂𐌳𐌰 𐍃𐌴𐌹𐌽𐌰𐌼𐌼𐌰, 𐌾𐌰𐌷 𐍅𐌰𐍃 𐌼𐌰𐌽𐌰𐌲𐌴𐌹 𐌼𐍉𐍄𐌰𐍂𐌾𐌴 𐌼𐌹𐌺𐌹𐌻𐌰 𐌾𐌰𐌷 𐌰𐌽𐌸𐌰𐍂𐌰𐌹𐌶𐌴, 𐌸𐌰𐌹𐌴𐌹 𐍅𐌴𐍃𐌿𐌽 𐌼𐌹𐌸 𐌹𐌼 𐌰𐌽𐌰𐌺𐌿𐌼𐌱𐌾𐌰𐌽𐌳𐌰𐌽𐍃.
okay	train_0774_d0	llm_diversify	3	anointed	gasalbodedun	𐌲𐌰𐍃𐌰𐌻𐌱𐍉𐌳𐌴𐌳𐌿𐌽	yes	4	gasalbōn: anoint (V.), salve with an ointment	6	gasandjan: accompany, send off, send on	6	gastaldan: acquire, get, get; ?, procure	They cast out many demons, and anointed many with oil who were sick, and healed them.	jah unhulþons managos usdribun jah gasalbodedun alewa managans siukans jah gahailidedun.	𐌾𐌰𐌷 𐌿𐌽𐌷𐌿𐌻𐌸𐍉𐌽𐍃 𐌼𐌰𐌽𐌰𐌲𐍉𐍃 𐌿𐍃𐌳𐍂𐌹𐌱𐌿𐌽 𐌾𐌰𐌷 𐌲𐌰𐍃𐌰𐌻𐌱𐍉𐌳𐌴𐌳𐌿𐌽 𐌰𐌻𐌴𐍅𐌰 𐌼𐌰𐌽𐌰𐌲𐌰𐌽𐍃 𐍃𐌹𐌿𐌺𐌰𐌽𐍃 𐌾𐌰𐌷 𐌲𐌰𐌷𐌰𐌹𐌻𐌹𐌳𐌴𐌳𐌿𐌽.
okay	train_1308_d1	llm_diversify	3	reported	spillodedun	𐍃𐍀𐌹𐌻𐌻𐍉𐌳𐌴𐌳𐌿𐌽	yes	4	spillōn: give report of, proclaim the gospel, relate, report (V.), te...	6	gaspillōn: announce, promulgate, tell	6	spilla: announcer, herald, proclaimer, promulgator, teller	Also they spoke of his good deeds before me, and reported my words to him. Tobiah sent letters to put me in fear.	jah rodidedun du imma wai(la) in andwairþja meinamma, jah waurda meina spillodedun imma, jah aipistulans insandida Tobeias ogjan mik.	𐌾𐌰𐌷 𐍂𐍉𐌳𐌹𐌳𐌴𐌳𐌿𐌽 𐌳𐌿 𐌹𐌼𐌼𐌰 𐍅𐌰𐌹(𐌻𐌰) 𐌹𐌽 𐌰𐌽𐌳𐍅𐌰𐌹𐍂𐌸𐌾𐌰 𐌼𐌴𐌹𐌽𐌰𐌼𐌼𐌰, 𐌾𐌰𐌷 𐍅𐌰𐌿𐍂𐌳𐌰 𐌼𐌴𐌹𐌽𐌰 𐍃𐍀𐌹𐌻𐌻𐍉𐌳𐌴𐌳𐌿𐌽 𐌹𐌼𐌼𐌰, 𐌾𐌰𐌷 𐌰𐌹𐍀𐌹𐍃𐍄𐌿𐌻𐌰𐌽𐍃 𐌹𐌽𐍃𐌰𐌽𐌳𐌹𐌳𐌰 𐍄𐍉𐌱𐌴𐌹𐌰𐍃 𐍉𐌲𐌾𐌰𐌽 𐌼𐌹𐌺.
okay	train_0260_d0	llm_diversify	3	followed	afarlaistjandein	𐌰𐍆𐌰𐍂𐌻𐌰𐌹𐍃𐍄𐌾𐌰𐌽𐌳𐌴𐌹𐌽	yes	4	afarlaistjan: follow, follow after, pursue, trail (V.)	7	faúrastandan: be a bystander, be at the head of, preside over, stand befor...	7	galaistjan: follow, pursue	When Jesus heard these things, he marveled at him, and turned and said to the multitude who followed him, "I tell you, I have not found such great faith, no, not in Israel."	gahausjands þan þata Iesus sildaleikida ina jah wandjands sik du þizai afarlaistjandein sis managein qaþ: amen, qiþa izwis, ni in Israela swalauda galaubein bigat.	𐌲𐌰𐌷𐌰𐌿𐍃𐌾𐌰𐌽𐌳𐍃 𐌸𐌰𐌽 𐌸𐌰𐍄𐌰 𐌹𐌴𐍃𐌿𐍃 𐍃𐌹𐌻𐌳𐌰𐌻𐌴𐌹𐌺𐌹𐌳𐌰 𐌹𐌽𐌰 𐌾𐌰𐌷 𐍅𐌰𐌽𐌳𐌾𐌰𐌽𐌳𐍃 𐍃𐌹𐌺 𐌳𐌿 𐌸𐌹𐌶𐌰𐌹 𐌰𐍆𐌰𐍂𐌻𐌰𐌹𐍃𐍄𐌾𐌰𐌽𐌳𐌴𐌹𐌽 𐍃𐌹𐍃 𐌼𐌰𐌽𐌰𐌲𐌴𐌹𐌽 𐌵𐌰𐌸: 𐌰𐌼𐌴𐌽, 𐌵𐌹𐌸𐌰 𐌹𐌶𐍅𐌹𐍃, 𐌽𐌹 𐌹𐌽 𐌹𐍃𐍂𐌰𐌴𐌻𐌰 𐍃𐍅𐌰𐌻𐌰𐌿𐌳𐌰 𐌲𐌰𐌻𐌰𐌿𐌱𐌴𐌹𐌽 𐌱𐌹𐌲𐌰𐍄.
okay	train_0260_d2	llm_diversify	3	followed	afarlaistjandein	𐌰𐍆𐌰𐍂𐌻𐌰𐌹𐍃𐍄𐌾𐌰𐌽𐌳𐌴𐌹𐌽	yes	4	afarlaistjan: follow, follow after, pursue, trail (V.)	7	faúrastandan: be a bystander, be at the head of, preside over, stand befor...	7	galaistjan: follow, pursue	When Jesus heard these things, he marveled at him, and turned and said to the multitude who followed him, "I tell you, I have not found such great faith, no, not in Israel."	gahausjands þan þata Iesus sildaleikida ina jah wandjands sik du þizai afarlaistjandein sis managein qaþ: amen, qiþa izwis, ni in Israela swalauda galaubein bigat.	𐌲𐌰𐌷𐌰𐌿𐍃𐌾𐌰𐌽𐌳𐍃 𐌸𐌰𐌽 𐌸𐌰𐍄𐌰 𐌹𐌴𐍃𐌿𐍃 𐍃𐌹𐌻𐌳𐌰𐌻𐌴𐌹𐌺𐌹𐌳𐌰 𐌹𐌽𐌰 𐌾𐌰𐌷 𐍅𐌰𐌽𐌳𐌾𐌰𐌽𐌳𐍃 𐍃𐌹𐌺 𐌳𐌿 𐌸𐌹𐌶𐌰𐌹 𐌰𐍆𐌰𐍂𐌻𐌰𐌹𐍃𐍄𐌾𐌰𐌽𐌳𐌴𐌹𐌽 𐍃𐌹𐍃 𐌼𐌰𐌽𐌰𐌲𐌴𐌹𐌽 𐌵𐌰𐌸: 𐌰𐌼𐌴𐌽, 𐌵𐌹𐌸𐌰 𐌹𐌶𐍅𐌹𐍃, 𐌽𐌹 𐌹𐌽 𐌹𐍃𐍂𐌰𐌴𐌻𐌰 𐍃𐍅𐌰𐌻𐌰𐌿𐌳𐌰 𐌲𐌰𐌻𐌰𐌿𐌱𐌴𐌹𐌽 𐌱𐌹𐌲𐌰𐍄.
okay	train_1025_d3	llm_diversify	3	high priest	auhumistin gudjin	𐌰𐌿𐌷𐌿𐌼𐌹𐍃𐍄𐌹𐌽 𐌲𐌿𐌳𐌾𐌹𐌽	yes	4	auhumists gudja: high priest	7	sa auhumista gudja: high priest	8	auhumists weiha: high priest	They led Jesus away to the high priest. All the chief priests, the elders, and the scribes came together with him.	jah gatauhun Iesu du auhumistin gudjin; jah garunnun miþ imma auhumistans gudjans allai jah þai sinistans jah bokarjos.	𐌾𐌰𐌷 𐌲𐌰𐍄𐌰𐌿𐌷𐌿𐌽 𐌹𐌴𐍃𐌿 𐌳𐌿 𐌰𐌿𐌷𐌿𐌼𐌹𐍃𐍄𐌹𐌽 𐌲𐌿𐌳𐌾𐌹𐌽; 𐌾𐌰𐌷 𐌲𐌰𐍂𐌿𐌽𐌽𐌿𐌽 𐌼𐌹𐌸 𐌹𐌼𐌼𐌰 𐌰𐌿𐌷𐌿𐌼𐌹𐍃𐍄𐌰𐌽𐍃 𐌲𐌿𐌳𐌾𐌰𐌽𐍃 𐌰𐌻𐌻𐌰𐌹 𐌾𐌰𐌷 𐌸𐌰𐌹 𐍃𐌹𐌽𐌹𐍃𐍄𐌰𐌽𐍃 𐌾𐌰𐌷 𐌱𐍉𐌺𐌰𐍂𐌾𐍉𐍃.
okay	train_0295_d1	llm_diversify	3	coming	gaïddjedun	𐌲𐌰ï𐌳𐌳𐌾𐌴𐌳𐌿𐌽	yes	5	garēdan: aim at, have a plan for, intend, purpose (V.), take forethou...	5	gabidjan: pray, request (V.), say a prayer	5	gawadjōn: betroth, pledge (V.), plight (V.), promise (V.)	When a great multitude came together, and people from every city were coming to him, he spoke by a parable.	gaqumanaim þan hiumam managaim jah þaim þaiei us baurgim gaïddjedun du imma, qaþ þairh gajukon:	𐌲𐌰𐌵𐌿𐌼𐌰𐌽𐌰𐌹𐌼 𐌸𐌰𐌽 𐌷𐌹𐌿𐌼𐌰𐌼 𐌼𐌰𐌽𐌰𐌲𐌰𐌹𐌼 𐌾𐌰𐌷 𐌸𐌰𐌹𐌼 𐌸𐌰𐌹𐌴𐌹 𐌿𐍃 𐌱𐌰𐌿𐍂𐌲𐌹𐌼 𐌲𐌰ï𐌳𐌳𐌾𐌴𐌳𐌿𐌽 𐌳𐌿 𐌹𐌼𐌼𐌰, 𐌵𐌰𐌸 𐌸𐌰𐌹𐍂𐌷 𐌲𐌰𐌾𐌿𐌺𐍉𐌽:
okay	train_0347_d0	llm_diversify	3	met	gamotidedun	𐌲𐌰𐌼𐍉𐍄𐌹𐌳𐌴𐌳𐌿𐌽	yes	5	gamōtan: be admitted, be permitted in, find admission, find room, hav...	5	gamōtjan: encounter (V.), meet (V.)	6	gamainjan: be a partner in, be a partner with, debase, defile, demean, ...	It happened, as he was praying alone, that the disciples were with him, and he asked them, "Who do the multitudes say that I am?"	jah warþ, miþþanei was is bidjands sundro, gamotidedun imma siponjos is, jah frah ins qiþands: hvana mik qiþand wisan þos manageins?	𐌾𐌰𐌷 𐍅𐌰𐍂𐌸, 𐌼𐌹𐌸𐌸𐌰𐌽𐌴𐌹 𐍅𐌰𐍃 𐌹𐍃 𐌱𐌹𐌳𐌾𐌰𐌽𐌳𐍃 𐍃𐌿𐌽𐌳𐍂𐍉, 𐌲𐌰𐌼𐍉𐍄𐌹𐌳𐌴𐌳𐌿𐌽 𐌹𐌼𐌼𐌰 𐍃𐌹𐍀𐍉𐌽𐌾𐍉𐍃 𐌹𐍃, 𐌾𐌰𐌷 𐍆𐍂𐌰𐌷 𐌹𐌽𐍃 𐌵𐌹𐌸𐌰𐌽𐌳𐍃: 𐍈𐌰𐌽𐌰 𐌼𐌹𐌺 𐌵𐌹𐌸𐌰𐌽𐌳 𐍅𐌹𐍃𐌰𐌽 𐌸𐍉𐍃 𐌼𐌰𐌽𐌰𐌲𐌴𐌹𐌽𐍃?
okay	train_0452_d1	llm_diversify	3	wasting	distahidedi	𐌳𐌹𐍃𐍄𐌰𐌷𐌹𐌳𐌴𐌳𐌹	yes	5	distaíran: rend in pieces, tear asunder	5	distaheins: diaspora, dispersion, scattering	5	distahjan: disperse, scatter, shred, tear to pieces	He also said to his disciples, "There was a certain rich man who had a manager. An accusation was made to him that this man was wasting his possessions.	Qaþuþ~þan du siponjam seinaim: manne sums was gabeigs, saei aihta fauragaggjan, jah sa frawrohiþs warþ du imma ei distahidedi aigin is.	𐌵𐌰𐌸𐌿𐌸~𐌸𐌰𐌽 𐌳𐌿 𐍃𐌹𐍀𐍉𐌽𐌾𐌰𐌼 𐍃𐌴𐌹𐌽𐌰𐌹𐌼: 𐌼𐌰𐌽𐌽𐌴 𐍃𐌿𐌼𐍃 𐍅𐌰𐍃 𐌲𐌰𐌱𐌴𐌹𐌲𐍃, 𐍃𐌰𐌴𐌹 𐌰𐌹𐌷𐍄𐌰 𐍆𐌰𐌿𐍂𐌰𐌲𐌰𐌲𐌲𐌾𐌰𐌽, 𐌾𐌰𐌷 𐍃𐌰 𐍆𐍂𐌰𐍅𐍂𐍉𐌷𐌹𐌸𐍃 𐍅𐌰𐍂𐌸 𐌳𐌿 𐌹𐌼𐌼𐌰 𐌴𐌹 𐌳𐌹𐍃𐍄𐌰𐌷𐌹𐌳𐌴𐌳𐌹 𐌰𐌹𐌲𐌹𐌽 𐌹𐍃.
okay	train_0625_d0	llm_diversify	3	Nazarene	Nazorenai	𐌽𐌰𐌶𐍉𐍂𐌴𐌽𐌰𐌹	no	5	garēdan: aim at, have a plan for, intend, purpose (V.), take forethou...	5	ganōhnan: abound in, be sufficient in, become sufficient in	5	maúrnan: be anxious, be troubled about, concern oneself, have anxiety...	saying, "Ha! What do we have to do with you, Jesus, you Nazarene? Have you come to destroy us? I know you who you are: the Holy One of God!"	qiþands: fralet, hva uns jah þus, Iesu Nazorenai, qamt fraqistjan uns? kann þuk, hvas þu is, sa weiha gudis.	𐌵𐌹𐌸𐌰𐌽𐌳𐍃: 𐍆𐍂𐌰𐌻𐌴𐍄, 𐍈𐌰 𐌿𐌽𐍃 𐌾𐌰𐌷 𐌸𐌿𐍃, 𐌹𐌴𐍃𐌿 𐌽𐌰𐌶𐍉𐍂𐌴𐌽𐌰𐌹, 𐌵𐌰𐌼𐍄 𐍆𐍂𐌰𐌵𐌹𐍃𐍄𐌾𐌰𐌽 𐌿𐌽𐍃? 𐌺𐌰𐌽𐌽 𐌸𐌿𐌺, 𐍈𐌰𐍃 𐌸𐌿 𐌹𐍃, 𐍃𐌰 𐍅𐌴𐌹𐌷𐌰 𐌲𐌿𐌳𐌹𐍃.
okay	train_0787_d1	llm_diversify	3	laid	galagidedun	𐌲𐌰𐌻𐌰𐌲𐌹𐌳𐌴𐌳𐌿𐌽	yes	5	garaidjan: arrange, decree (V.), enjoin, issue a directive, mandate (V....	5	gapaidōn: clothe, dress (V.), jacket (V.), put on as a tunic	5	garaginōn: advise (V.), give counsel to, give guidance to, prescribe to	When his disciples heard this, they came and took up his corpse, and laid it in a tomb.	jah gahausjandans siponjos is qemun jah usnemun leik is jah galagidedun ita in hlaiwa.	𐌾𐌰𐌷 𐌲𐌰𐌷𐌰𐌿𐍃𐌾𐌰𐌽𐌳𐌰𐌽𐍃 𐍃𐌹𐍀𐍉𐌽𐌾𐍉𐍃 𐌹𐍃 𐌵𐌴𐌼𐌿𐌽 𐌾𐌰𐌷 𐌿𐍃𐌽𐌴𐌼𐌿𐌽 𐌻𐌴𐌹𐌺 𐌹𐍃 𐌾𐌰𐌷 𐌲𐌰𐌻𐌰𐌲𐌹𐌳𐌴𐌳𐌿𐌽 𐌹𐍄𐌰 𐌹𐌽 𐌷𐌻𐌰𐌹𐍅𐌰.
okay	train_0947_d1	llm_diversify	3	astonished	sildaleikidedun	𐍃𐌹𐌻𐌳𐌰𐌻𐌴𐌹𐌺𐌹𐌳𐌴𐌳𐌿𐌽	yes	5	sildaleiknan: be admired, be marveled at, become marveled at	5	sildaleikjan: be amazed, marvel (V.), wonder (V.)	6	sildaleik: amazement, astonishment, wonder (N.)	The chief priests and the scribes heard it, and sought how they might destroy him. For they feared him, because all the multitude was astonished at his teaching.	jah gahausidedun þai bokarjos jah gudjane auhumistans jah sokidedun, hvaiwa imma usqistidedeina: ohtedun auk ina, unte alla managei sildaleikidedun in laiseinais is.	𐌾𐌰𐌷 𐌲𐌰𐌷𐌰𐌿𐍃𐌹𐌳𐌴𐌳𐌿𐌽 𐌸𐌰𐌹 𐌱𐍉𐌺𐌰𐍂𐌾𐍉𐍃 𐌾𐌰𐌷 𐌲𐌿𐌳𐌾𐌰𐌽𐌴 𐌰𐌿𐌷𐌿𐌼𐌹𐍃𐍄𐌰𐌽𐍃 𐌾𐌰𐌷 𐍃𐍉𐌺𐌹𐌳𐌴𐌳𐌿𐌽, 𐍈𐌰𐌹𐍅𐌰 𐌹𐌼𐌼𐌰 𐌿𐍃𐌵𐌹𐍃𐍄𐌹𐌳𐌴𐌳𐌴𐌹𐌽𐌰: 𐍉𐌷𐍄𐌴𐌳𐌿𐌽 𐌰𐌿𐌺 𐌹𐌽𐌰, 𐌿𐌽𐍄𐌴 𐌰𐌻𐌻𐌰 𐌼𐌰𐌽𐌰𐌲𐌴𐌹 𐍃𐌹𐌻𐌳𐌰𐌻𐌴𐌹𐌺𐌹𐌳𐌴𐌳𐌿𐌽 𐌹𐌽 𐌻𐌰𐌹𐍃𐌴𐌹𐌽𐌰𐌹𐍃 𐌹𐍃.
okay	train_1019_d0	llm_diversify	3	laid	uslagidedun	𐌿𐍃𐌻𐌰𐌲𐌹𐌳𐌴𐌳𐌿𐌽	yes	5	uslaisjan: educate, instruct thoroughly, teach, train (V.)	5	uslagjan: lay on, lay out, lay outstretched	5	usgildan: recompense (V.), repay (V.), requite, reward (V.)	They laid their hands on him, and seized him.	iþ eis uslagidedun handuns ana ina jah undgripun ina.	𐌹𐌸 𐌴𐌹𐍃 𐌿𐍃𐌻𐌰𐌲𐌹𐌳𐌴𐌳𐌿𐌽 𐌷𐌰𐌽𐌳𐌿𐌽𐍃 𐌰𐌽𐌰 𐌹𐌽𐌰 𐌾𐌰𐌷 𐌿𐌽𐌳𐌲𐍂𐌹𐍀𐌿𐌽 𐌹𐌽𐌰.
okay	train_1300_d0	llm_diversify	3	did	gatawidedun	𐌲𐌰𐍄𐌰𐍅𐌹𐌳𐌴𐌳𐌿𐌽	yes	5	garaidjan: arrange, decree (V.), enjoin, issue a directive, mandate (V....	5	ganawistrōn: bury, inter (V.), put in a grave	5	gapaidōn: clothe, dress (V.), jacket (V.), put on as a tunic	Also I shook out my lap, and said, So God shake out every man from his house, and from his labor, that doesn't perform this promise; even thus be he shaken out, and emptied. All the assembly said, Amen, and praised Yahweh. The people did according to this promise.	... jah qaþ alla gamainþs: amen. jah hazidedun fraujan jah gatawidedun þata waurd alla so managei.	... 𐌾𐌰𐌷 𐌵𐌰𐌸 𐌰𐌻𐌻𐌰 𐌲𐌰𐌼𐌰𐌹𐌽𐌸𐍃: 𐌰𐌼𐌴𐌽. 𐌾𐌰𐌷 𐌷𐌰𐌶𐌹𐌳𐌴𐌳𐌿𐌽 𐍆𐍂𐌰𐌿𐌾𐌰𐌽 𐌾𐌰𐌷 𐌲𐌰𐍄𐌰𐍅𐌹𐌳𐌴𐌳𐌿𐌽 𐌸𐌰𐍄𐌰 𐍅𐌰𐌿𐍂𐌳 𐌰𐌻𐌻𐌰 𐍃𐍉 𐌼𐌰𐌽𐌰𐌲𐌴𐌹.
okay	train_0019_d0	llm_diversify	3	fulfilled	usfullnodedun	𐌿𐍃𐍆𐌿𐌻𐌻𐌽𐍉𐌳𐌴𐌳𐌿𐌽	yes	5	usfullnan: be brought to fulfillment, be filled up, be fulfilled, becom...	6	usfulljan: bring to fulfillment, complete (V.), fill completely, fill u...	6	usfulleins: completion, fulfillment	It happened, when the days of his service were fulfilled, he departed to his house.	jah warþ, biþe usfullnodedun dagos andbahteis is, galaiþ du garda seinamma.	𐌾𐌰𐌷 𐍅𐌰𐍂𐌸, 𐌱𐌹𐌸𐌴 𐌿𐍃𐍆𐌿𐌻𐌻𐌽𐍉𐌳𐌴𐌳𐌿𐌽 𐌳𐌰𐌲𐍉𐍃 𐌰𐌽𐌳𐌱𐌰𐌷𐍄𐌴𐌹𐍃 𐌹𐍃, 𐌲𐌰𐌻𐌰𐌹𐌸 𐌳𐌿 𐌲𐌰𐍂𐌳𐌰 𐍃𐌴𐌹𐌽𐌰𐌼𐌼𐌰.
okay	train_0313_d0	llm_diversify	3	long time	mela lagga	𐌼𐌴𐌻𐌰 𐌻𐌰𐌲𐌲𐌰	yes	5	halsagga: narrow of the neck, neck (N.)	6	managnan: abound, be abundant	6	gagaggan: assemble, come about, come out, come to be, come to pass, co...	When Jesus stepped ashore, a certain man out of the city who had demons for a long time met him. He wore no clothes, and didn't live in a house, but in the tombs.	usgaggandin þan imma ana airþa, gamotida imma wair sums us baurg saei habaida unhulþons mela lagga jah wastjom ni gawasiþs was jah in garda ni gawas, ak in hlaiwasnom.	𐌿𐍃𐌲𐌰𐌲𐌲𐌰𐌽𐌳𐌹𐌽 𐌸𐌰𐌽 𐌹𐌼𐌼𐌰 𐌰𐌽𐌰 𐌰𐌹𐍂𐌸𐌰, 𐌲𐌰𐌼𐍉𐍄𐌹𐌳𐌰 𐌹𐌼𐌼𐌰 𐍅𐌰𐌹𐍂 𐍃𐌿𐌼𐍃 𐌿𐍃 𐌱𐌰𐌿𐍂𐌲 𐍃𐌰𐌴𐌹 𐌷𐌰𐌱𐌰𐌹𐌳𐌰 𐌿𐌽𐌷𐌿𐌻𐌸𐍉𐌽𐍃 𐌼𐌴𐌻𐌰 𐌻𐌰𐌲𐌲𐌰 𐌾𐌰𐌷 𐍅𐌰𐍃𐍄𐌾𐍉𐌼 𐌽𐌹 𐌲𐌰𐍅𐌰𐍃𐌹𐌸𐍃 𐍅𐌰𐍃 𐌾𐌰𐌷 𐌹𐌽 𐌲𐌰𐍂𐌳𐌰 𐌽𐌹 𐌲𐌰𐍅𐌰𐍃, 𐌰𐌺 𐌹𐌽 𐌷𐌻𐌰𐌹𐍅𐌰𐍃𐌽𐍉𐌼.
okay	train_0470_d3	llm_diversify	3	obey	andhausidedi	𐌰𐌽𐌳𐌷𐌰𐌿𐍃𐌹𐌳𐌴𐌳𐌹	yes	5	andhausjan: give heed to, hearken to, heed (V.), listen to, obey	6	andasēts: abhorrent, causing aversion, detestable, repugnant	6	andhaitan: acknowledge, confess, praise (V.), profess	The Lord said, "If you had faith like a grain of mustard seed, you would tell this sycamore tree, 'Be uprooted, and be planted in the sea,' and it would obey you.	qaþ þan frauja: jabai habaidedeiþ galaubein swe kaurno sinapis, aiþþau jus jabai qiþeiþ du bairabagma þamma: uslausei þuk us waurtim jah ussatei þuk in marein, jah andhausidedi þau izwis.	𐌵𐌰𐌸 𐌸𐌰𐌽 𐍆𐍂𐌰𐌿𐌾𐌰: 𐌾𐌰𐌱𐌰𐌹 𐌷𐌰𐌱𐌰𐌹𐌳𐌴𐌳𐌴𐌹𐌸 𐌲𐌰𐌻𐌰𐌿𐌱𐌴𐌹𐌽 𐍃𐍅𐌴 𐌺𐌰𐌿𐍂𐌽𐍉 𐍃𐌹𐌽𐌰𐍀𐌹𐍃, 𐌰𐌹𐌸𐌸𐌰𐌿 𐌾𐌿𐍃 𐌾𐌰𐌱𐌰𐌹 𐌵𐌹𐌸𐌴𐌹𐌸 𐌳𐌿 𐌱𐌰𐌹𐍂𐌰𐌱𐌰𐌲𐌼𐌰 𐌸𐌰𐌼𐌼𐌰: 𐌿𐍃𐌻𐌰𐌿𐍃𐌴𐌹 𐌸𐌿𐌺 𐌿𐍃 𐍅𐌰𐌿𐍂𐍄𐌹𐌼 𐌾𐌰𐌷 𐌿𐍃𐍃𐌰𐍄𐌴𐌹 𐌸𐌿𐌺 𐌹𐌽 𐌼𐌰𐍂𐌴𐌹𐌽, 𐌾𐌰𐌷 𐌰𐌽𐌳𐌷𐌰𐌿𐍃𐌹𐌳𐌴𐌳𐌹 𐌸𐌰𐌿 𐌹𐌶𐍅𐌹𐍃.
okay	train_0565_d1	llm_diversify	3	daily	daga hvammeh	𐌳𐌰𐌲𐌰 𐍈𐌰𐌼𐌼𐌴𐌷	no	5	dag ƕanoh:	7	anahamōn: don, get dressed, put on as clothing	7	anahaimeis: at home, present (Adj.)	He was teaching daily in the temple, but the chief priests and the scribes and the leading men among the people sought to destroy him.	jah was laisjands daga hvammeh in þizai alh: iþ þai auhmistans gudjans jah bokarjos sokidedun ina usqistjan jah þai frumistans manageins.	𐌾𐌰𐌷 𐍅𐌰𐍃 𐌻𐌰𐌹𐍃𐌾𐌰𐌽𐌳𐍃 𐌳𐌰𐌲𐌰 𐍈𐌰𐌼𐌼𐌴𐌷 𐌹𐌽 𐌸𐌹𐌶𐌰𐌹 𐌰𐌻𐌷: 𐌹𐌸 𐌸𐌰𐌹 𐌰𐌿𐌷𐌼𐌹𐍃𐍄𐌰𐌽𐍃 𐌲𐌿𐌳𐌾𐌰𐌽𐍃 𐌾𐌰𐌷 𐌱𐍉𐌺𐌰𐍂𐌾𐍉𐍃 𐍃𐍉𐌺𐌹𐌳𐌴𐌳𐌿𐌽 𐌹𐌽𐌰 𐌿𐍃𐌵𐌹𐍃𐍄𐌾𐌰𐌽 𐌾𐌰𐌷 𐌸𐌰𐌹 𐍆𐍂𐌿𐌼𐌹𐍃𐍄𐌰𐌽𐍃 𐌼𐌰𐌽𐌰𐌲𐌴𐌹𐌽𐍃.
okay	train_0758_d0	llm_diversify	3	wailing	waifairhvjandans	𐍅𐌰𐌹𐍆𐌰𐌹𐍂𐍈𐌾𐌰𐌽𐌳𐌰𐌽𐍃	no	5	waifaírƕjan: lament (V.), mourn with lamentation, wail in mourning	8	faúrastandan: be a bystander, be at the head of, preside over, stand befor...	8	waila andanems: agreeable, pleasant	He came to the synagogue ruler's house, and he saw an uproar, weeping, and great wailing.	jah galaiþ in gard þis swnagogafadis jah gasahv auhjodu jah gretandans jah waifairhvjandans filu.	𐌾𐌰𐌷 𐌲𐌰𐌻𐌰𐌹𐌸 𐌹𐌽 𐌲𐌰𐍂𐌳 𐌸𐌹𐍃 𐍃𐍅𐌽𐌰𐌲𐍉𐌲𐌰𐍆𐌰𐌳𐌹𐍃 𐌾𐌰𐌷 𐌲𐌰𐍃𐌰𐍈 𐌰𐌿𐌷𐌾𐍉𐌳𐌿 𐌾𐌰𐌷 𐌲𐍂𐌴𐍄𐌰𐌽𐌳𐌰𐌽𐍃 𐌾𐌰𐌷 𐍅𐌰𐌹𐍆𐌰𐌹𐍂𐍈𐌾𐌰𐌽𐌳𐌰𐌽𐍃 𐍆𐌹𐌻𐌿.
okay	train_0216_d0	llm_diversify	3	watched	witaidedunuh	𐍅𐌹𐍄𐌰𐌹𐌳𐌴𐌳𐌿𐌽𐌿𐌷	yes	6	waidēdja: bandit, evil-doer, felon, malefactor, robber, „woe-doer“	6	wigadeinō: road-bramble, thistle, way-thistle	6	witains: seeing (N.)	The scribes and the Pharisees watched him, to see whether he would heal on the Sabbath, that they might find an accusation against him.	witaidedunuh þan þai bokarjos jah Fareisaieis, jau in sabbato daga leikinodedi, ei bigeteina til du wrohjan ina.	𐍅𐌹𐍄𐌰𐌹𐌳𐌴𐌳𐌿𐌽𐌿𐌷 𐌸𐌰𐌽 𐌸𐌰𐌹 𐌱𐍉𐌺𐌰𐍂𐌾𐍉𐍃 𐌾𐌰𐌷 𐍆𐌰𐍂𐌴𐌹𐍃𐌰𐌹𐌴𐌹𐍃, 𐌾𐌰𐌿 𐌹𐌽 𐍃𐌰𐌱𐌱𐌰𐍄𐍉 𐌳𐌰𐌲𐌰 𐌻𐌴𐌹𐌺𐌹𐌽𐍉𐌳𐌴𐌳𐌹, 𐌴𐌹 𐌱𐌹𐌲𐌴𐍄𐌴𐌹𐌽𐌰 𐍄𐌹𐌻 𐌳𐌿 𐍅𐍂𐍉𐌷𐌾𐌰𐌽 𐌹𐌽𐌰.
okay	train_0342_d0	llm_diversify	3	deserted place	auþjamma stada	𐌰𐌿𐌸𐌾𐌰𐌼𐌼𐌰 𐍃𐍄𐌰𐌳𐌰	yes	6	þamma tōja: in this action	6	ainamma sinþa: once	6	anþaramma sinþa: to the other time	The day began to wear away; and the twelve came, and said to him, "Send the multitude away, that they may go into the surrounding villages and farms, and lodge, and get food, for we are here in a deserted place."	þanuh dags juþan dugann hneiwan. atgaggandans þan du imma þai twalif qeþun du imma: fralet þo managein, ei galeiþandans in þos bisunjane haimos jah weihsa saljaina jah bugjaina sis matins, unte her in auþjamma stada sium.	𐌸𐌰𐌽𐌿𐌷 𐌳𐌰𐌲𐍃 𐌾𐌿𐌸𐌰𐌽 𐌳𐌿𐌲𐌰𐌽𐌽 𐌷𐌽𐌴𐌹𐍅𐌰𐌽. 𐌰𐍄𐌲𐌰𐌲𐌲𐌰𐌽𐌳𐌰𐌽𐍃 𐌸𐌰𐌽 𐌳𐌿 𐌹𐌼𐌼𐌰 𐌸𐌰𐌹 𐍄𐍅𐌰𐌻𐌹𐍆 𐌵𐌴𐌸𐌿𐌽 𐌳𐌿 𐌹𐌼𐌼𐌰: 𐍆𐍂𐌰𐌻𐌴𐍄 𐌸𐍉 𐌼𐌰𐌽𐌰𐌲𐌴𐌹𐌽, 𐌴𐌹 𐌲𐌰𐌻𐌴𐌹𐌸𐌰𐌽𐌳𐌰𐌽𐍃 𐌹𐌽 𐌸𐍉𐍃 𐌱𐌹𐍃𐌿𐌽𐌾𐌰𐌽𐌴 𐌷𐌰𐌹𐌼𐍉𐍃 𐌾𐌰𐌷 𐍅𐌴𐌹𐌷𐍃𐌰 𐍃𐌰𐌻𐌾𐌰𐌹𐌽𐌰 𐌾𐌰𐌷 𐌱𐌿𐌲𐌾𐌰𐌹𐌽𐌰 𐍃𐌹𐍃 𐌼𐌰𐍄𐌹𐌽𐍃, 𐌿𐌽𐍄𐌴 𐌷𐌴𐍂 𐌹𐌽 𐌰𐌿𐌸𐌾𐌰𐌼𐌼𐌰 𐍃𐍄𐌰𐌳𐌰 𐍃𐌹𐌿𐌼.
okay	train_0427_d0	llm_diversify	3	ten thousand	taihun þusundjom	𐍄𐌰𐌹𐌷𐌿𐌽 𐌸𐌿𐍃𐌿𐌽𐌳𐌾𐍉𐌼	yes	6	fimf þūsundjōs: five thousand	6	twōs þūsundjōs: two thousand	7	fidwōr þūsundjōs: four thousand	Or what king, as he goes to encounter another king in war, will not sit down first and consider whether he is able with ten thousand to meet him who comes against him with twenty thousand?	aiþþau hvas þiudans gaggands stigqan wiþra anþarana þiudan du wigan ina, niu gasitands faurþis þankeiþ, siaiu mahteigs miþ taihun þusundjom gamotjan þamma miþ twaim tigum þusundjo gaggandin ana sik?	𐌰𐌹𐌸𐌸𐌰𐌿 𐍈𐌰𐍃 𐌸𐌹𐌿𐌳𐌰𐌽𐍃 𐌲𐌰𐌲𐌲𐌰𐌽𐌳𐍃 𐍃𐍄𐌹𐌲𐌵𐌰𐌽 𐍅𐌹𐌸𐍂𐌰 𐌰𐌽𐌸𐌰𐍂𐌰𐌽𐌰 𐌸𐌹𐌿𐌳𐌰𐌽 𐌳𐌿 𐍅𐌹𐌲𐌰𐌽 𐌹𐌽𐌰, 𐌽𐌹𐌿 𐌲𐌰𐍃𐌹𐍄𐌰𐌽𐌳𐍃 𐍆𐌰𐌿𐍂𐌸𐌹𐍃 𐌸𐌰𐌽𐌺𐌴𐌹𐌸, 𐍃𐌹𐌰𐌹𐌿 𐌼𐌰𐌷𐍄𐌴𐌹𐌲𐍃 𐌼𐌹𐌸 𐍄𐌰𐌹𐌷𐌿𐌽 𐌸𐌿𐍃𐌿𐌽𐌳𐌾𐍉𐌼 𐌲𐌰𐌼𐍉𐍄𐌾𐌰𐌽 𐌸𐌰𐌼𐌼𐌰 𐌼𐌹𐌸 𐍄𐍅𐌰𐌹𐌼 𐍄𐌹𐌲𐌿𐌼 𐌸𐌿𐍃𐌿𐌽𐌳𐌾𐍉 𐌲𐌰𐌲𐌲𐌰𐌽𐌳𐌹𐌽 𐌰𐌽𐌰 𐍃𐌹𐌺?
okay	train_0664_o2	llm_original	3	accuse	wrohidedeina	𐍅𐍂𐍉𐌷𐌹𐌳𐌴𐌳𐌴𐌹𐌽𐌰	yes	6	waidēdja: bandit, evil-doer, felon, malefactor, robber, „woe-doer“	6	raideins: directive (N.), ordinance	6	wigadeinō: road-bramble, thistle, way-thistle	They watched him, whether he would heal him on the Sabbath day, that they might accuse him.	jah witaidedun imma hailidediu sabbato daga, ei wrohidedeina ina.	𐌾𐌰𐌷 𐍅𐌹𐍄𐌰𐌹𐌳𐌴𐌳𐌿𐌽 𐌹𐌼𐌼𐌰 𐌷𐌰𐌹𐌻𐌹𐌳𐌴𐌳𐌹𐌿 𐍃𐌰𐌱𐌱𐌰𐍄𐍉 𐌳𐌰𐌲𐌰, 𐌴𐌹 𐍅𐍂𐍉𐌷𐌹𐌳𐌴𐌳𐌴𐌹𐌽𐌰 𐌹𐌽𐌰.
okay	train_0755_d0	llm_diversify	3	be cured	sijais haila	𐍃𐌹𐌾𐌰𐌹𐍃 𐌷𐌰𐌹𐌻𐌰	yes	6	ei waila: in order that well	6	saiwala: soul	7	siniskalks: male head-servant on a farm, oldest servant, seneschal	He said to her, "Daughter, your faith has made you well. Go in peace, and be cured of your disease."	iþ is qaþ du izai: dauhtar, galaubeins þeina ganasida þuk, gagg in gawairþi jah sijais haila af þamma slaha þeinamma.	𐌹𐌸 𐌹𐍃 𐌵𐌰𐌸 𐌳𐌿 𐌹𐌶𐌰𐌹: 𐌳𐌰𐌿𐌷𐍄𐌰𐍂, 𐌲𐌰𐌻𐌰𐌿𐌱𐌴𐌹𐌽𐍃 𐌸𐌴𐌹𐌽𐌰 𐌲𐌰𐌽𐌰𐍃𐌹𐌳𐌰 𐌸𐌿𐌺, 𐌲𐌰𐌲𐌲 𐌹𐌽 𐌲𐌰𐍅𐌰𐌹𐍂𐌸𐌹 𐌾𐌰𐌷 𐍃𐌹𐌾𐌰𐌹𐍃 𐌷𐌰𐌹𐌻𐌰 𐌰𐍆 𐌸𐌰𐌼𐌼𐌰 𐍃𐌻𐌰𐌷𐌰 𐌸𐌴𐌹𐌽𐌰𐌼𐌼𐌰.
okay	train_0974_d0	llm_diversify	3	came	atiddjedun	𐌰𐍄𐌹𐌳𐌳𐌾𐌴𐌳𐌿𐌽	yes	6	bidjan: ask, ask a favour, ask for, beg, beseech, entreat, petition ...	6	stadjan: bring to a standstill, stop (V.)	6	raidjan: carry (V.), direct authoritatively, enjoin, establish, inter...	There came to him Sadducees, who say that there is no resurrection. They asked him, saying,	jah atiddjedun Saddukaieis du imma þaiei qiþand usstass ni wisan, jah frehun ina qiþandans:	𐌾𐌰𐌷 𐌰𐍄𐌹𐌳𐌳𐌾𐌴𐌳𐌿𐌽 𐍃𐌰𐌳𐌳𐌿𐌺𐌰𐌹𐌴𐌹𐍃 𐌳𐌿 𐌹𐌼𐌼𐌰 𐌸𐌰𐌹𐌴𐌹 𐌵𐌹𐌸𐌰𐌽𐌳 𐌿𐍃𐍃𐍄𐌰𐍃𐍃 𐌽𐌹 𐍅𐌹𐍃𐌰𐌽, 𐌾𐌰𐌷 𐍆𐍂𐌴𐌷𐌿𐌽 𐌹𐌽𐌰 𐌵𐌹𐌸𐌰𐌽𐌳𐌰𐌽𐍃:
okay	train_1079_o2	llm_original	3	came	atiddjedun	𐌰𐍄𐌹𐌳𐌳𐌾𐌴𐌳𐌿𐌽	yes	6	bidjan: ask, ask a favour, ask for, beg, beseech, entreat, petition ...	6	stadjan: bring to a standstill, stop (V.)	6	raidjan: carry (V.), direct authoritatively, enjoin, establish, inter...	Very early on the first day of the week, they came to the tomb when the sun had risen.	jah filu air þis dagis afarsabbate atiddjedun du þamma hlaiwa at urrinnandin sunnin.	𐌾𐌰𐌷 𐍆𐌹𐌻𐌿 𐌰𐌹𐍂 𐌸𐌹𐍃 𐌳𐌰𐌲𐌹𐍃 𐌰𐍆𐌰𐍂𐍃𐌰𐌱𐌱𐌰𐍄𐌴 𐌰𐍄𐌹𐌳𐌳𐌾𐌴𐌳𐌿𐌽 𐌳𐌿 𐌸𐌰𐌼𐌼𐌰 𐌷𐌻𐌰𐌹𐍅𐌰 𐌰𐍄 𐌿𐍂𐍂𐌹𐌽𐌽𐌰𐌽𐌳𐌹𐌽 𐍃𐌿𐌽𐌽𐌹𐌽.
okay	train_1022_d0	llm_diversify	3	fulfilled	usfullnodedeina	𐌿𐍃𐍆𐌿𐌻𐌻𐌽𐍉𐌳𐌴𐌳𐌴𐌹𐌽𐌰	yes	6	usfulleins: completion, fulfillment	7	usfullnan: be brought to fulfillment, be filled up, be fulfilled, becom...	7	usfōdeins: food, nourishment, nutriment, nutriment; ?	I was daily with you in the temple teaching, and you didn't arrest me. But this is so that the Scriptures might be fulfilled."	daga hvammeh was at izwis in alh laisjands jah ni gripuþ mik: ak ei usfullnodedeina bokos.	𐌳𐌰𐌲𐌰 𐍈𐌰𐌼𐌼𐌴𐌷 𐍅𐌰𐍃 𐌰𐍄 𐌹𐌶𐍅𐌹𐍃 𐌹𐌽 𐌰𐌻𐌷 𐌻𐌰𐌹𐍃𐌾𐌰𐌽𐌳𐍃 𐌾𐌰𐌷 𐌽𐌹 𐌲𐍂𐌹𐍀𐌿𐌸 𐌼𐌹𐌺: 𐌰𐌺 𐌴𐌹 𐌿𐍃𐍆𐌿𐌻𐌻𐌽𐍉𐌳𐌴𐌳𐌴𐌹𐌽𐌰 𐌱𐍉𐌺𐍉𐍃.
okay	train_0225_d0	llm_diversify	3	level place	stada ibnamma	𐍃𐍄𐌰𐌳𐌰 𐌹𐌱𐌽𐌰𐌼𐌼𐌰	yes	7	stibna: vocal sound, voice (N.)	7	stainahs: stony	8	stadjan: bring to a standstill, stop (V.)	He came down with them, and stood on a level place, with a crowd of his disciples, and a great number of the people from all Judea and Jerusalem, and the sea coast of Tyre and Sidon, who came to hear him and to be healed of their diseases;	jah atgaggands dalaþ miþ im gastoþ ana stada ibnamma jah hiuma siponje is jah hansa mikila manageins af allamma Iudaias jah Iairusalem jah þize faur marein Twre jah Seidone jah anþaraizo baurge,	𐌾𐌰𐌷 𐌰𐍄𐌲𐌰𐌲𐌲𐌰𐌽𐌳𐍃 𐌳𐌰𐌻𐌰𐌸 𐌼𐌹𐌸 𐌹𐌼 𐌲𐌰𐍃𐍄𐍉𐌸 𐌰𐌽𐌰 𐍃𐍄𐌰𐌳𐌰 𐌹𐌱𐌽𐌰𐌼𐌼𐌰 𐌾𐌰𐌷 𐌷𐌹𐌿𐌼𐌰 𐍃𐌹𐍀𐍉𐌽𐌾𐌴 𐌹𐍃 𐌾𐌰𐌷 𐌷𐌰𐌽𐍃𐌰 𐌼𐌹𐌺𐌹𐌻𐌰 𐌼𐌰𐌽𐌰𐌲𐌴𐌹𐌽𐍃 𐌰𐍆 𐌰𐌻𐌻𐌰𐌼𐌼𐌰 𐌹𐌿𐌳𐌰𐌹𐌰𐍃 𐌾𐌰𐌷 𐌹𐌰𐌹𐍂𐌿𐍃𐌰𐌻𐌴𐌼 𐌾𐌰𐌷 𐌸𐌹𐌶𐌴 𐍆𐌰𐌿𐍂 𐌼𐌰𐍂𐌴𐌹𐌽 𐍄𐍅𐍂𐌴 𐌾𐌰𐌷 𐍃𐌴𐌹𐌳𐍉𐌽𐌴 𐌾𐌰𐌷 𐌰𐌽𐌸𐌰𐍂𐌰𐌹𐌶𐍉 𐌱𐌰𐌿𐍂𐌲𐌴,
okay	train_1064_d1	llm_diversify	3	crucified with him	miþushramidans imma	𐌼𐌹𐌸𐌿𐍃𐌷𐍂𐌰𐌼𐌹𐌳𐌰𐌽𐍃 𐌹𐌼𐌼𐌰	yes	8	miþushramjan: crucify together	11	miþurreisan: arise together with, rise up together	11	miþuskeinan: bud forth together with, grow with, sprout up together with	Let the Christ, the King of Israel, now come down from the cross, that we may see and believe him." Those who were crucified with him insulted him.	sa Xristus, sa þiudans Israelis, atsteigadau nu af þamma galgin, ei gasaihvaima jah galaubjaima. jah þai miþushramidans imma idweitidedun imma.	𐍃𐌰 𐍇𐍂𐌹𐍃𐍄𐌿𐍃, 𐍃𐌰 𐌸𐌹𐌿𐌳𐌰𐌽𐍃 𐌹𐍃𐍂𐌰𐌴𐌻𐌹𐍃, 𐌰𐍄𐍃𐍄𐌴𐌹𐌲𐌰𐌳𐌰𐌿 𐌽𐌿 𐌰𐍆 𐌸𐌰𐌼𐌼𐌰 𐌲𐌰𐌻𐌲𐌹𐌽, 𐌴𐌹 𐌲𐌰𐍃𐌰𐌹𐍈𐌰𐌹𐌼𐌰 𐌾𐌰𐌷 𐌲𐌰𐌻𐌰𐌿𐌱𐌾𐌰𐌹𐌼𐌰. 𐌾𐌰𐌷 𐌸𐌰𐌹 𐌼𐌹𐌸𐌿𐍃𐌷𐍂𐌰𐌼𐌹𐌳𐌰𐌽𐍃 𐌹𐌼𐌼𐌰 𐌹𐌳𐍅𐌴𐌹𐍄𐌹𐌳𐌴𐌳𐌿𐌽 𐌹𐌼𐌼𐌰.
okay	train_1152_d0	llm_diversify	3	mighty works	mahtins mikilos	𐌼𐌰𐌷𐍄𐌹𐌽𐍃 𐌼𐌹𐌺𐌹𐌻𐍉𐍃	yes	9	mahteigs: able, capable, possible, power-holding, powerful	9	ainakls: alone, lonely, solitary (Adj.), standing alone	9	mikils: great, great amount of, great number of, large (Adj.), many,...	Many will tell me in that day, 'Lord, Lord, didn't we prophesy in your name, in your name cast out demons, and in your name do many mighty works?'	managai qiþand mis in jainamma daga: frauja, frauja! niu þeinamma namin praufetidedum, jah þeinamma namin unhulþons uswaurpum, jah þeinamma namin mahtins mikilos gatawidedum?	𐌼𐌰𐌽𐌰𐌲𐌰𐌹 𐌵𐌹𐌸𐌰𐌽𐌳 𐌼𐌹𐍃 𐌹𐌽 𐌾𐌰𐌹𐌽𐌰𐌼𐌼𐌰 𐌳𐌰𐌲𐌰: 𐍆𐍂𐌰𐌿𐌾𐌰, 𐍆𐍂𐌰𐌿𐌾𐌰! 𐌽𐌹𐌿 𐌸𐌴𐌹𐌽𐌰𐌼𐌼𐌰 𐌽𐌰𐌼𐌹𐌽 𐍀𐍂𐌰𐌿𐍆𐌴𐍄𐌹𐌳𐌴𐌳𐌿𐌼, 𐌾𐌰𐌷 𐌸𐌴𐌹𐌽𐌰𐌼𐌼𐌰 𐌽𐌰𐌼𐌹𐌽 𐌿𐌽𐌷𐌿𐌻𐌸𐍉𐌽𐍃 𐌿𐍃𐍅𐌰𐌿𐍂𐍀𐌿𐌼, 𐌾𐌰𐌷 𐌸𐌴𐌹𐌽𐌰𐌼𐌼𐌰 𐌽𐌰𐌼𐌹𐌽 𐌼𐌰𐌷𐍄𐌹𐌽𐍃 𐌼𐌹𐌺𐌹𐌻𐍉𐍃 𐌲𐌰𐍄𐌰𐍅𐌹𐌳𐌴𐌳𐌿𐌼?
unverified	train_0008_d0	llm_diversify	1	burn incense	saljan	𐍃𐌰𐌻𐌾𐌰𐌽	yes	0	saljan: be a guest of, lodge (V.) (intr.), make a tributary offering...	1	samjan: give o.s. a pleasing appearance (= sik samjan), present a pl...	1	aljan: avidity, cause to wax fat, eagerness, fatten, zeal	according to the custom of the priest's office, his lot was to enter into the temple of the Lord and burn incense.	bi biuhtja gudjinassaus hlauts imma urrann du saljan, atgaggands in alh fraujins,	𐌱𐌹 𐌱𐌹𐌿𐌷𐍄𐌾𐌰 𐌲𐌿𐌳𐌾𐌹𐌽𐌰𐍃𐍃𐌰𐌿𐍃 𐌷𐌻𐌰𐌿𐍄𐍃 𐌹𐌼𐌼𐌰 𐌿𐍂𐍂𐌰𐌽𐌽 𐌳𐌿 𐍃𐌰𐌻𐌾𐌰𐌽, 𐌰𐍄𐌲𐌰𐌲𐌲𐌰𐌽𐌳𐍃 𐌹𐌽 𐌰𐌻𐌷 𐍆𐍂𐌰𐌿𐌾𐌹𐌽𐍃,
unverified	train_0084_d0	llm_diversify	1	circumcision	bimaitan	𐌱𐌹𐌼𐌰𐌹𐍄𐌰𐌽	yes	0	bimaitan: circumcise	1	bihaitan: call out about, proclaim about, speak vociferously	1	bimaitans: circumcised	When eight days were fulfilled for the circumcision of the child, his name was called Jesus, which was given by the angel before he was conceived in the womb.	jah biþe usfulnodedun dagos ahtau du bimaitan ina, jah haitan was namo is Iesus, þata qiþano fram aggilau faurþizei ganumans wesi in wamba.	𐌾𐌰𐌷 𐌱𐌹𐌸𐌴 𐌿𐍃𐍆𐌿𐌻𐌽𐍉𐌳𐌴𐌳𐌿𐌽 𐌳𐌰𐌲𐍉𐍃 𐌰𐌷𐍄𐌰𐌿 𐌳𐌿 𐌱𐌹𐌼𐌰𐌹𐍄𐌰𐌽 𐌹𐌽𐌰, 𐌾𐌰𐌷 𐌷𐌰𐌹𐍄𐌰𐌽 𐍅𐌰𐍃 𐌽𐌰𐌼𐍉 𐌹𐍃 𐌹𐌴𐍃𐌿𐍃, 𐌸𐌰𐍄𐌰 𐌵𐌹𐌸𐌰𐌽𐍉 𐍆𐍂𐌰𐌼 𐌰𐌲𐌲𐌹𐌻𐌰𐌿 𐍆𐌰𐌿𐍂𐌸𐌹𐌶𐌴𐌹 𐌲𐌰𐌽𐌿𐌼𐌰𐌽𐍃 𐍅𐌴𐍃𐌹 𐌹𐌽 𐍅𐌰𐌼𐌱𐌰.
unverified	train_0747_d1	llm_diversify	1	issue	runa	𐍂𐌿𐌽𐌰	yes	0	rūna: mystery, secret (N.), secret consultation, secret council, s...	1	rūni: secret counsel	1	runs: course, flow (N.), flux, issue (N.), racecourse, run (N.), r...	A certain woman, who had an issue of blood for twelve years,	jah qinono suma wisandei in runa bloþis jera twalif	𐌾𐌰𐌷 𐌵𐌹𐌽𐍉𐌽𐍉 𐍃𐌿𐌼𐌰 𐍅𐌹𐍃𐌰𐌽𐌳𐌴𐌹 𐌹𐌽 𐍂𐌿𐌽𐌰 𐌱𐌻𐍉𐌸𐌹𐍃 𐌾𐌴𐍂𐌰 𐍄𐍅𐌰𐌻𐌹𐍆
unverified	train_1221_d0	llm_diversify	1	daughter-in-law	bruþ	𐌱𐍂𐌿𐌸	yes	0	bruþ: soup	1	briþ: board (N.)	1	brauþ: bread	For I came to set a man at odds against his father, and a daughter against her mother, and a daughter-in-law against her mother-in-law.	qam auk skaidan mannan wiþra attan is jah dauhtar wiþra aiþein izos jah bruþ wiþra swaihron izos;	𐌵𐌰𐌼 𐌰𐌿𐌺 𐍃𐌺𐌰𐌹𐌳𐌰𐌽 𐌼𐌰𐌽𐌽𐌰𐌽 𐍅𐌹𐌸𐍂𐌰 𐌰𐍄𐍄𐌰𐌽 𐌹𐍃 𐌾𐌰𐌷 𐌳𐌰𐌿𐌷𐍄𐌰𐍂 𐍅𐌹𐌸𐍂𐌰 𐌰𐌹𐌸𐌴𐌹𐌽 𐌹𐌶𐍉𐍃 𐌾𐌰𐌷 𐌱𐍂𐌿𐌸 𐍅𐌹𐌸𐍂𐌰 𐍃𐍅𐌰𐌹𐌷𐍂𐍉𐌽 𐌹𐌶𐍉𐍃;
unverified	train_0966_d0	llm_diversify	1	having	aigands	𐌰𐌹𐌲𐌰𐌽𐌳𐍃	yes	1	agands: fearful	1	digands: molder	2	gibands: donor, giver	Therefore still having one, his beloved son, he sent him last to them, saying, 'They will respect my son.'	þanuh nauhþanuh ainana sunu aigands liubana sis, insandida jah þana du im spedistana, qiþands þatei gaaistand sunu meinana.	𐌸𐌰𐌽𐌿𐌷 𐌽𐌰𐌿𐌷𐌸𐌰𐌽𐌿𐌷 𐌰𐌹𐌽𐌰𐌽𐌰 𐍃𐌿𐌽𐌿 𐌰𐌹𐌲𐌰𐌽𐌳𐍃 𐌻𐌹𐌿𐌱𐌰𐌽𐌰 𐍃𐌹𐍃, 𐌹𐌽𐍃𐌰𐌽𐌳𐌹𐌳𐌰 𐌾𐌰𐌷 𐌸𐌰𐌽𐌰 𐌳𐌿 𐌹𐌼 𐍃𐍀𐌴𐌳𐌹𐍃𐍄𐌰𐌽𐌰, 𐌵𐌹𐌸𐌰𐌽𐌳𐍃 𐌸𐌰𐍄𐌴𐌹 𐌲𐌰𐌰𐌹𐍃𐍄𐌰𐌽𐌳 𐍃𐌿𐌽𐌿 𐌼𐌴𐌹𐌽𐌰𐌽𐌰.
unverified	train_1095_o0	llm_original	1	gift	aibr	𐌰𐌹𐌱𐍂	yes	1	air: early	1	tibr: oblation, sacrificial gift	2	ains: a, alone, an, anyone, once (= ainamma sinþa), one, only, sin...	"If therefore you are offering your gift at the altar, and there remember that your brother has anything against you,	jabai nu bairais aibr þein du hunslastada jah jainar gamuneis þatei broþar þeins habaiþ hva bi þuk,	𐌾𐌰𐌱𐌰𐌹 𐌽𐌿 𐌱𐌰𐌹𐍂𐌰𐌹𐍃 𐌰𐌹𐌱𐍂 𐌸𐌴𐌹𐌽 𐌳𐌿 𐌷𐌿𐌽𐍃𐌻𐌰𐍃𐍄𐌰𐌳𐌰 𐌾𐌰𐌷 𐌾𐌰𐌹𐌽𐌰𐍂 𐌲𐌰𐌼𐌿𐌽𐌴𐌹𐍃 𐌸𐌰𐍄𐌴𐌹 𐌱𐍂𐍉𐌸𐌰𐍂 𐌸𐌴𐌹𐌽𐍃 𐌷𐌰𐌱𐌰𐌹𐌸 𐍈𐌰 𐌱𐌹 𐌸𐌿𐌺,
unverified	train_0543_o1	llm_original	1	handkerchief	fanin	𐍆𐌰𐌽𐌹𐌽	yes	1	fani: clay, mire (N.), mud	2	ragin: adjudgement, assessment, decision, decree (N.), determinatio...	2	fáian: blame (V.), criticize, find fault	Another came, saying, 'Lord, behold, your mina, which I kept laid away in a handkerchief,	jah sums qam qiþands: frauja, sai, sa skatts þeins þanei habaida galagidana in fanin;	𐌾𐌰𐌷 𐍃𐌿𐌼𐍃 𐌵𐌰𐌼 𐌵𐌹𐌸𐌰𐌽𐌳𐍃: 𐍆𐍂𐌰𐌿𐌾𐌰, 𐍃𐌰𐌹, 𐍃𐌰 𐍃𐌺𐌰𐍄𐍄𐍃 𐌸𐌴𐌹𐌽𐍃 𐌸𐌰𐌽𐌴𐌹 𐌷𐌰𐌱𐌰𐌹𐌳𐌰 𐌲𐌰𐌻𐌰𐌲𐌹𐌳𐌰𐌽𐌰 𐌹𐌽 𐍆𐌰𐌽𐌹𐌽;
unverified	train_0107_d0	llm_diversify	1	the	þamma	𐌸𐌰𐌼𐌼𐌰	yes	2	wamba: belly (N.), internal abdominal organs, uterus, viscera, womb	2	gauma: attention; ?, crop (N.), goitre	2	þarba: beggar (M.), necessity, need (N.), neediness, privation, wan...	They didn't understand the saying which he spoke to them.	jah ija ni froþun þamma waurda þatei rodida du im.	𐌾𐌰𐌷 𐌹𐌾𐌰 𐌽𐌹 𐍆𐍂𐍉𐌸𐌿𐌽 𐌸𐌰𐌼𐌼𐌰 𐍅𐌰𐌿𐍂𐌳𐌰 𐌸𐌰𐍄𐌴𐌹 𐍂𐍉𐌳𐌹𐌳𐌰 𐌳𐌿 𐌹𐌼.
unverified	train_0419_d0	llm_diversify	1	compel	nauþei	𐌽𐌰𐌿𐌸𐌴𐌹	yes	2	gaurei: anguish (N.), grief, sorrow (N.)	2	auþeis: barren, desert (Adj.), deserted, desolate (Adj.)	2	balþei: boldness, confidence, fearlessness, frankness	"The lord said to the servant, 'Go out into the highways and hedges, and compel them to come in, that my house may be filled.	jah qaþ sa frauja du þamma skalka: usgagg and wigans jah faþos jah nauþei innatgaggan, ei usfulnai gards meins.	𐌾𐌰𐌷 𐌵𐌰𐌸 𐍃𐌰 𐍆𐍂𐌰𐌿𐌾𐌰 𐌳𐌿 𐌸𐌰𐌼𐌼𐌰 𐍃𐌺𐌰𐌻𐌺𐌰: 𐌿𐍃𐌲𐌰𐌲𐌲 𐌰𐌽𐌳 𐍅𐌹𐌲𐌰𐌽𐍃 𐌾𐌰𐌷 𐍆𐌰𐌸𐍉𐍃 𐌾𐌰𐌷 𐌽𐌰𐌿𐌸𐌴𐌹 𐌹𐌽𐌽𐌰𐍄𐌲𐌰𐌲𐌲𐌰𐌽, 𐌴𐌹 𐌿𐍃𐍆𐌿𐌻𐌽𐌰𐌹 𐌲𐌰𐍂𐌳𐍃 𐌼𐌴𐌹𐌽𐍃.
unverified	train_0450_d1	llm_diversify	1	fattened	alidan	𐌰𐌻𐌹𐌳𐌰𐌽	yes	2	atligan: lie (V.) (2) adjacent to, lie (V.) (2) at hand	2	aliza: alder	2	liban: be alive, live	But when this, your son, came, who has devoured your living with prostitutes, you killed the fattened calf for him.'	iþ þan sa sunus þeins, saei fret þein swes miþ kalkjom, qam, ufsnaist imma stiur þana alidan.	𐌹𐌸 𐌸𐌰𐌽 𐍃𐌰 𐍃𐌿𐌽𐌿𐍃 𐌸𐌴𐌹𐌽𐍃, 𐍃𐌰𐌴𐌹 𐍆𐍂𐌴𐍄 𐌸𐌴𐌹𐌽 𐍃𐍅𐌴𐍃 𐌼𐌹𐌸 𐌺𐌰𐌻𐌺𐌾𐍉𐌼, 𐌵𐌰𐌼, 𐌿𐍆𐍃𐌽𐌰𐌹𐍃𐍄 𐌹𐌼𐌼𐌰 𐍃𐍄𐌹𐌿𐍂 𐌸𐌰𐌽𐌰 𐌰𐌻𐌹𐌳𐌰𐌽.
unverified	train_0461_d0	llm_diversify	1	justify	domeiþ	𐌳𐍉𐌼𐌴𐌹𐌸	yes	2	dōmeins: judgement	3	miþ: along, alongside, amongst, between, by the side of, concomit...	3	gumein: male (N.), male animal	He said to them, "You are those who justify yourselves in the sight of men, but God knows your hearts. For that which is exalted among men is an abomination in the sight of God.	jah qaþ du im: jus sijuþ juzei garaihtans domeiþ izwis silbans in andwairþja manne; iþ guþ kann hairtona izwara, unte þata hauho in mannam andaset in andwairþja gudis.	𐌾𐌰𐌷 𐌵𐌰𐌸 𐌳𐌿 𐌹𐌼: 𐌾𐌿𐍃 𐍃𐌹𐌾𐌿𐌸 𐌾𐌿𐌶𐌴𐌹 𐌲𐌰𐍂𐌰𐌹𐌷𐍄𐌰𐌽𐍃 𐌳𐍉𐌼𐌴𐌹𐌸 𐌹𐌶𐍅𐌹𐍃 𐍃𐌹𐌻𐌱𐌰𐌽𐍃 𐌹𐌽 𐌰𐌽𐌳𐍅𐌰𐌹𐍂𐌸𐌾𐌰 𐌼𐌰𐌽𐌽𐌴; 𐌹𐌸 𐌲𐌿𐌸 𐌺𐌰𐌽𐌽 𐌷𐌰𐌹𐍂𐍄𐍉𐌽𐌰 𐌹𐌶𐍅𐌰𐍂𐌰, 𐌿𐌽𐍄𐌴 𐌸𐌰𐍄𐌰 𐌷𐌰𐌿𐌷𐍉 𐌹𐌽 𐌼𐌰𐌽𐌽𐌰𐌼 𐌰𐌽𐌳𐌰𐍃𐌴𐍄 𐌹𐌽 𐌰𐌽𐌳𐍅𐌰𐌹𐍂𐌸𐌾𐌰 𐌲𐌿𐌳𐌹𐍃.
unverified	train_0128_d0	llm_diversify	2	supposed	munds	𐌼𐌿𐌽𐌳𐍃	yes	0	munds: memory, remembrance, shelter (N.)	1	muns: design (N.), determination, intention, mindedness, plan (N.)...	1	hunds: dog	Jesus himself, when he began to teach, was about thirty years old, being the son (as was supposed) of Joseph, the son of Heli,	jah silba was Iesus swe jere þrije tigiwe uf gakunþai, swaei sunus munds was Iosefis, sunaus Heleis,	𐌾𐌰𐌷 𐍃𐌹𐌻𐌱𐌰 𐍅𐌰𐍃 𐌹𐌴𐍃𐌿𐍃 𐍃𐍅𐌴 𐌾𐌴𐍂𐌴 𐌸𐍂𐌹𐌾𐌴 𐍄𐌹𐌲𐌹𐍅𐌴 𐌿𐍆 𐌲𐌰𐌺𐌿𐌽𐌸𐌰𐌹, 𐍃𐍅𐌰𐌴𐌹 𐍃𐌿𐌽𐌿𐍃 𐌼𐌿𐌽𐌳𐍃 𐍅𐌰𐍃 𐌹𐍉𐍃𐌴𐍆𐌹𐍃, 𐍃𐌿𐌽𐌰𐌿𐍃 𐌷𐌴𐌻𐌴𐌹𐍃,
unverified	train_0666_o2	llm_original	2	conspired	garuni	𐌲𐌰𐍂𐌿𐌽𐌹	yes	0	garūni: private conference, privy council, secret consultation, secr...	1	garuns: concourse, marketplace, public mall, running together, stree...	1	gaíruni: greediness	The Pharisees went out, and immediately conspired with the Herodians against him, how they might destroy him.	jah gaggandans þan Fareisaieis sunsaiw miþ þaim Herodianum garuni gatawidedun bi ina, ei imma usqemeina.	𐌾𐌰𐌷 𐌲𐌰𐌲𐌲𐌰𐌽𐌳𐌰𐌽𐍃 𐌸𐌰𐌽 𐍆𐌰𐍂𐌴𐌹𐍃𐌰𐌹𐌴𐌹𐍃 𐍃𐌿𐌽𐍃𐌰𐌹𐍅 𐌼𐌹𐌸 𐌸𐌰𐌹𐌼 𐌷𐌴𐍂𐍉𐌳𐌹𐌰𐌽𐌿𐌼 𐌲𐌰𐍂𐌿𐌽𐌹 𐌲𐌰𐍄𐌰𐍅𐌹𐌳𐌴𐌳𐌿𐌽 𐌱𐌹 𐌹𐌽𐌰, 𐌴𐌹 𐌹𐌼𐌼𐌰 𐌿𐍃𐌵𐌴𐌼𐌴𐌹𐌽𐌰.
unverified	train_0028_o2	llm_original	2	virgin	aban	𐌰𐌱𐌰𐌽	yes	1	agan: be afraid of	1	taban: sacrifice (N.), sacrificial animal	1	daban: be appertinent to, be appropriate to, pertain properly to	Mary said to the angel, "How can this be, seeing I am a virgin?"	qaþ þan Mariam du þamma aggilau: hvaiwa sijai þata, þandei aban ni kann?	𐌵𐌰𐌸 𐌸𐌰𐌽 𐌼𐌰𐍂𐌹𐌰𐌼 𐌳𐌿 𐌸𐌰𐌼𐌼𐌰 𐌰𐌲𐌲𐌹𐌻𐌰𐌿: 𐍈𐌰𐌹𐍅𐌰 𐍃𐌹𐌾𐌰𐌹 𐌸𐌰𐍄𐌰, 𐌸𐌰𐌽𐌳𐌴𐌹 𐌰𐌱𐌰𐌽 𐌽𐌹 𐌺𐌰𐌽𐌽?
unverified	train_0069_o1	llm_original	2	growing	wohs	𐍅𐍉𐌷𐍃	yes	1	wrōhs: accusation, charge (N.), complaint	1	wāhs: blameworthy, reprehensible	1	wōþs: demoniacal, demonic, demonized, possessed	The child was growing, and becoming strong in spirit, and was in the desert until the day of his public appearance to Israel.	iþ þata barn wohs jah swinþnoda ahmin jah was ana auþidom und dag ustaikneinais seinaizos du Israela.	𐌹𐌸 𐌸𐌰𐍄𐌰 𐌱𐌰𐍂𐌽 𐍅𐍉𐌷𐍃 𐌾𐌰𐌷 𐍃𐍅𐌹𐌽𐌸𐌽𐍉𐌳𐌰 𐌰𐌷𐌼𐌹𐌽 𐌾𐌰𐌷 𐍅𐌰𐍃 𐌰𐌽𐌰 𐌰𐌿𐌸𐌹𐌳𐍉𐌼 𐌿𐌽𐌳 𐌳𐌰𐌲 𐌿𐍃𐍄𐌰𐌹𐌺𐌽𐌴𐌹𐌽𐌰𐌹𐍃 𐍃𐌴𐌹𐌽𐌰𐌹𐌶𐍉𐍃 𐌳𐌿 𐌹𐍃𐍂𐌰𐌴𐌻𐌰.
unverified	train_0099_o1	llm_original	2	growing	wohs	𐍅𐍉𐌷𐍃	yes	1	wrōhs: accusation, charge (N.), complaint	1	wāhs: blameworthy, reprehensible	1	wōþs: demoniacal, demonic, demonized, possessed	The child was growing, and was becoming strong in spirit, being filled with wisdom, and the grace of God was upon him.	iþ þata barn wohs jah swinþnoda ahmins fullnands jah handugeins, jah ansts gudis was ana imma.	𐌹𐌸 𐌸𐌰𐍄𐌰 𐌱𐌰𐍂𐌽 𐍅𐍉𐌷𐍃 𐌾𐌰𐌷 𐍃𐍅𐌹𐌽𐌸𐌽𐍉𐌳𐌰 𐌰𐌷𐌼𐌹𐌽𐍃 𐍆𐌿𐌻𐌻𐌽𐌰𐌽𐌳𐍃 𐌾𐌰𐌷 𐌷𐌰𐌽𐌳𐌿𐌲𐌴𐌹𐌽𐍃, 𐌾𐌰𐌷 𐌰𐌽𐍃𐍄𐍃 𐌲𐌿𐌳𐌹𐍃 𐍅𐌰𐍃 𐌰𐌽𐌰 𐌹𐌼𐌼𐌰.
unverified	train_0040_d0	llm_diversify	2	magnifies	mikileid	𐌼𐌹𐌺𐌹𐌻𐌴𐌹𐌳	yes	1	mikilei: greatness, immensity, majesty	3	mikils: great, great amount of, great number of, large (Adj.), many,...	3	mikilnan: be enlarged, become great, become large, become magnified	Mary said, "My soul magnifies the Lord.	jah qaþ Mariam: mikileid saiwala meina fraujan,	𐌾𐌰𐌷 𐌵𐌰𐌸 𐌼𐌰𐍂𐌹𐌰𐌼: 𐌼𐌹𐌺𐌹𐌻𐌴𐌹𐌳 𐍃𐌰𐌹𐍅𐌰𐌻𐌰 𐌼𐌴𐌹𐌽𐌰 𐍆𐍂𐌰𐌿𐌾𐌰𐌽,
unverified	train_0064_d1	llm_diversify	2	before	andwairþja	𐌰𐌽𐌳𐍅𐌰𐌹𐍂𐌸𐌾𐌰	yes	2	andwaírþis: against, facing (Adj.), opposite (Adj.), over, vis-a-vis	2	andwaírþō: at once, for the present, momentary	2	andwaírþs: being present, present (Adj.)	In holiness and righteousness before him all the days of our life.	in sunjai jah garaihtein in andwairþja is allans dagans unsarans.	𐌹𐌽 𐍃𐌿𐌽𐌾𐌰𐌹 𐌾𐌰𐌷 𐌲𐌰𐍂𐌰𐌹𐌷𐍄𐌴𐌹𐌽 𐌹𐌽 𐌰𐌽𐌳𐍅𐌰𐌹𐍂𐌸𐌾𐌰 𐌹𐍃 𐌰𐌻𐌻𐌰𐌽𐍃 𐌳𐌰𐌲𐌰𐌽𐍃 𐌿𐌽𐍃𐌰𐍂𐌰𐌽𐍃.
unverified	train_0443_d0	llm_diversify	2	sight	andwairþja	𐌰𐌽𐌳𐍅𐌰𐌹𐍂𐌸𐌾𐌰	yes	2	andwaírþis: against, facing (Adj.), opposite (Adj.), over, vis-a-vis	2	andwaírþō: at once, for the present, momentary	2	andwaírþs: being present, present (Adj.)	The son said to him, 'Father, I have sinned against heaven, and in your sight. I am no longer worthy to be called your son.'	jah qaþ imma sa sunus: atta, frawaurhta in himin jah in andwairþja þeinamma, ju þanaseiþs ni im wairþs ei haitaidau sunus þeins.	𐌾𐌰𐌷 𐌵𐌰𐌸 𐌹𐌼𐌼𐌰 𐍃𐌰 𐍃𐌿𐌽𐌿𐍃: 𐌰𐍄𐍄𐌰, 𐍆𐍂𐌰𐍅𐌰𐌿𐍂𐌷𐍄𐌰 𐌹𐌽 𐌷𐌹𐌼𐌹𐌽 𐌾𐌰𐌷 𐌹𐌽 𐌰𐌽𐌳𐍅𐌰𐌹𐍂𐌸𐌾𐌰 𐌸𐌴𐌹𐌽𐌰𐌼𐌼𐌰, 𐌾𐌿 𐌸𐌰𐌽𐌰𐍃𐌴𐌹𐌸𐍃 𐌽𐌹 𐌹𐌼 𐍅𐌰𐌹𐍂𐌸𐍃 𐌴𐌹 𐌷𐌰𐌹𐍄𐌰𐌹𐌳𐌰𐌿 𐍃𐌿𐌽𐌿𐍃 𐌸𐌴𐌹𐌽𐍃.
unverified	train_0470_d2	llm_diversify	2	uprooted	uslausei	𐌿𐍃𐌻𐌰𐌿𐍃𐌴𐌹	yes	2	usdaudei: endurance, energy, vigour, zeal	2	uslauseins: freeing, liberation, release (N.), salvation	3	usbalþei: arrogance, continuous bickering, insolence	The Lord said, "If you had faith like a grain of mustard seed, you would tell this sycamore tree, 'Be uprooted, and be planted in the sea,' and it would obey you.	qaþ þan frauja: jabai habaidedeiþ galaubein swe kaurno sinapis, aiþþau jus jabai qiþeiþ du bairabagma þamma: uslausei þuk us waurtim jah ussatei þuk in marein, jah andhausidedi þau izwis.	𐌵𐌰𐌸 𐌸𐌰𐌽 𐍆𐍂𐌰𐌿𐌾𐌰: 𐌾𐌰𐌱𐌰𐌹 𐌷𐌰𐌱𐌰𐌹𐌳𐌴𐌳𐌴𐌹𐌸 𐌲𐌰𐌻𐌰𐌿𐌱𐌴𐌹𐌽 𐍃𐍅𐌴 𐌺𐌰𐌿𐍂𐌽𐍉 𐍃𐌹𐌽𐌰𐍀𐌹𐍃, 𐌰𐌹𐌸𐌸𐌰𐌿 𐌾𐌿𐍃 𐌾𐌰𐌱𐌰𐌹 𐌵𐌹𐌸𐌴𐌹𐌸 𐌳𐌿 𐌱𐌰𐌹𐍂𐌰𐌱𐌰𐌲𐌼𐌰 𐌸𐌰𐌼𐌼𐌰: 𐌿𐍃𐌻𐌰𐌿𐍃𐌴𐌹 𐌸𐌿𐌺 𐌿𐍃 𐍅𐌰𐌿𐍂𐍄𐌹𐌼 𐌾𐌰𐌷 𐌿𐍃𐍃𐌰𐍄𐌴𐌹 𐌸𐌿𐌺 𐌹𐌽 𐌼𐌰𐍂𐌴𐌹𐌽, 𐌾𐌰𐌷 𐌰𐌽𐌳𐌷𐌰𐌿𐍃𐌹𐌳𐌴𐌳𐌹 𐌸𐌰𐌿 𐌹𐌶𐍅𐌹𐍃.
unverified	train_0427_o2	llm_original	2	consider	þankeiþ	𐌸𐌰𐌽𐌺𐌴𐌹𐌸	yes	2	þanei: at the time when, at which time, how much, when	3	þanaseiþs: after then, from then on, later than then, thereafter	3	þandē: as long as, because, if, if only, since, when, while (Konj.)	Or what king, as he goes to encounter another king in war, will not sit down first and consider whether he is able with ten thousand to meet him who comes against him with twenty thousand?	aiþþau hvas þiudans gaggands stigqan wiþra anþarana þiudan du wigan ina, niu gasitands faurþis þankeiþ, siaiu mahteigs miþ taihun þusundjom gamotjan þamma miþ twaim tigum þusundjo gaggandin ana sik?	𐌰𐌹𐌸𐌸𐌰𐌿 𐍈𐌰𐍃 𐌸𐌹𐌿𐌳𐌰𐌽𐍃 𐌲𐌰𐌲𐌲𐌰𐌽𐌳𐍃 𐍃𐍄𐌹𐌲𐌵𐌰𐌽 𐍅𐌹𐌸𐍂𐌰 𐌰𐌽𐌸𐌰𐍂𐌰𐌽𐌰 𐌸𐌹𐌿𐌳𐌰𐌽 𐌳𐌿 𐍅𐌹𐌲𐌰𐌽 𐌹𐌽𐌰, 𐌽𐌹𐌿 𐌲𐌰𐍃𐌹𐍄𐌰𐌽𐌳𐍃 𐍆𐌰𐌿𐍂𐌸𐌹𐍃 𐌸𐌰𐌽𐌺𐌴𐌹𐌸, 𐍃𐌹𐌰𐌹𐌿 𐌼𐌰𐌷𐍄𐌴𐌹𐌲𐍃 𐌼𐌹𐌸 𐍄𐌰𐌹𐌷𐌿𐌽 𐌸𐌿𐍃𐌿𐌽𐌳𐌾𐍉𐌼 𐌲𐌰𐌼𐍉𐍄𐌾𐌰𐌽 𐌸𐌰𐌼𐌼𐌰 𐌼𐌹𐌸 𐍄𐍅𐌰𐌹𐌼 𐍄𐌹𐌲𐌿𐌼 𐌸𐌿𐍃𐌿𐌽𐌳𐌾𐍉 𐌲𐌰𐌲𐌲𐌰𐌽𐌳𐌹𐌽 𐌰𐌽𐌰 𐍃𐌹𐌺?
unverified	train_0495_o0	llm_original	2	grinding	malandeins	𐌼𐌰𐌻𐌰𐌽𐌳𐌴𐌹𐌽𐍃	yes	2	gawandeins: conversion	3	malteins: dissolution?, melting away	3	maideins: barter (N.)	There will be two grinding grain together. One will be taken, and the other will be left."	twos wairþand malandeins samana, aina usnimada jah anþara bileiþada.	𐍄𐍅𐍉𐍃 𐍅𐌰𐌹𐍂𐌸𐌰𐌽𐌳 𐌼𐌰𐌻𐌰𐌽𐌳𐌴𐌹𐌽𐍃 𐍃𐌰𐌼𐌰𐌽𐌰, 𐌰𐌹𐌽𐌰 𐌿𐍃𐌽𐌹𐌼𐌰𐌳𐌰 𐌾𐌰𐌷 𐌰𐌽𐌸𐌰𐍂𐌰 𐌱𐌹𐌻𐌴𐌹𐌸𐌰𐌳𐌰.
unverified	train_1197_d0	llm_diversify	2	worshiped	inwait	𐌹𐌽𐍅𐌰𐌹𐍄	yes	2	idweit: disgrace (N.), ignominy, reproach (N.)	3	iowi: a god?	3	insahts: account (N.), argumentation, explication, exposition, report...	While he told these things to them, behold, a ruler came and worshiped him, saying, "My daughter has just died, but come and lay your hand on her, and she will live."	miþþanei is rodida þata du im, þaruh reiks ains qimands inwait ina, qiþands þatei dauhtar meina nu gaswalt; akei qimands atlagei handu þeina ana ija, jah libaiþ.	𐌼𐌹𐌸𐌸𐌰𐌽𐌴𐌹 𐌹𐍃 𐍂𐍉𐌳𐌹𐌳𐌰 𐌸𐌰𐍄𐌰 𐌳𐌿 𐌹𐌼, 𐌸𐌰𐍂𐌿𐌷 𐍂𐌴𐌹𐌺𐍃 𐌰𐌹𐌽𐍃 𐌵𐌹𐌼𐌰𐌽𐌳𐍃 𐌹𐌽𐍅𐌰𐌹𐍄 𐌹𐌽𐌰, 𐌵𐌹𐌸𐌰𐌽𐌳𐍃 𐌸𐌰𐍄𐌴𐌹 𐌳𐌰𐌿𐌷𐍄𐌰𐍂 𐌼𐌴𐌹𐌽𐌰 𐌽𐌿 𐌲𐌰𐍃𐍅𐌰𐌻𐍄; 𐌰𐌺𐌴𐌹 𐌵𐌹𐌼𐌰𐌽𐌳𐍃 𐌰𐍄𐌻𐌰𐌲𐌴𐌹 𐌷𐌰𐌽𐌳𐌿 𐌸𐌴𐌹𐌽𐌰 𐌰𐌽𐌰 𐌹𐌾𐌰, 𐌾𐌰𐌷 𐌻𐌹𐌱𐌰𐌹𐌸.
unverified	train_1298_d0	llm_diversify	2	secure	witaiduh	𐍅𐌹𐍄𐌰𐌹𐌳𐌿𐌷	yes	3	witands: knowing	3	witains: seeing (N.)	4	mitadjō: measure (N.), measured amount	Pilate said to them, "You have a guard. Go, make it as secure as you can."	qaþ im Peilatus: habaiþ wardjans, gaggiþ witaiduh swaswe kunnuþ.	𐌵𐌰𐌸 𐌹𐌼 𐍀𐌴𐌹𐌻𐌰𐍄𐌿𐍃: 𐌷𐌰𐌱𐌰𐌹𐌸 𐍅𐌰𐍂𐌳𐌾𐌰𐌽𐍃, 𐌲𐌰𐌲𐌲𐌹𐌸 𐍅𐌹𐍄𐌰𐌹𐌳𐌿𐌷 𐍃𐍅𐌰𐍃𐍅𐌴 𐌺𐌿𐌽𐌽𐌿𐌸.
unverified	train_0502_d0	llm_diversify	3	convinced	trauaidedun	𐍄𐍂𐌰𐌿𐌰𐌹𐌳𐌴𐌳𐌿𐌽	yes	5	tráuan: confide in, have confidence, rely on, trust (V.)	5	tráuains: confidence, trust (N.), trusting	6	garaidjan: arrange, decree (V.), enjoin, issue a directive, mandate (V....	He spoke also this parable to certain people who were convinced of their own righteousness, and who despised all others.	qaþ þan du sumaim, þaiei silbans trauaidedun sis ei weseina garaihtai jah frakunnandans þaim anþaraim, þo gajukon:	𐌵𐌰𐌸 𐌸𐌰𐌽 𐌳𐌿 𐍃𐌿𐌼𐌰𐌹𐌼, 𐌸𐌰𐌹𐌴𐌹 𐍃𐌹𐌻𐌱𐌰𐌽𐍃 𐍄𐍂𐌰𐌿𐌰𐌹𐌳𐌴𐌳𐌿𐌽 𐍃𐌹𐍃 𐌴𐌹 𐍅𐌴𐍃𐌴𐌹𐌽𐌰 𐌲𐌰𐍂𐌰𐌹𐌷𐍄𐌰𐌹 𐌾𐌰𐌷 𐍆𐍂𐌰𐌺𐌿𐌽𐌽𐌰𐌽𐌳𐌰𐌽𐍃 𐌸𐌰𐌹𐌼 𐌰𐌽𐌸𐌰𐍂𐌰𐌹𐌼, 𐌸𐍉 𐌲𐌰𐌾𐌿𐌺𐍉𐌽:
unverified	train_1173_d0	llm_diversify	3	gave the order to depart	haihait galeiþan	𐌷𐌰𐌹𐌷𐌰𐌹𐍄 𐌲𐌰𐌻𐌴𐌹𐌸𐌰𐌽	yes	5	waila galeikan: be pleasing to	6	miþinngaleiþan: go along into, go in together with	6	framis galeiþan:	Now when Jesus saw great multitudes around him, he gave the order to depart to the other side.	gasaihvands þan Iesus managans hiuhmans bi sik, haihait galeiþan siponjans hindar marein.	𐌲𐌰𐍃𐌰𐌹𐍈𐌰𐌽𐌳𐍃 𐌸𐌰𐌽 𐌹𐌴𐍃𐌿𐍃 𐌼𐌰𐌽𐌰𐌲𐌰𐌽𐍃 𐌷𐌹𐌿𐌷𐌼𐌰𐌽𐍃 𐌱𐌹 𐍃𐌹𐌺, 𐌷𐌰𐌹𐌷𐌰𐌹𐍄 𐌲𐌰𐌻𐌴𐌹𐌸𐌰𐌽 𐍃𐌹𐍀𐍉𐌽𐌾𐌰𐌽𐍃 𐌷𐌹𐌽𐌳𐌰𐍂 𐌼𐌰𐍂𐌴𐌹𐌽.
unverified	train_0225_d1	llm_diversify	3	came down	atgaggands dalaþ	𐌰𐍄𐌲𐌰𐌲𐌲𐌰𐌽𐌳𐍃 𐌳𐌰𐌻𐌰𐌸	yes	7	atgaggan nēƕ: approach (V.)	7	atgaggan ut: go out	8	atgaggan: betake o.s. to, come down to, come up to, go to, proceed to	He came down with them, and stood on a level place, with a crowd of his disciples, and a great number of the people from all Judea and Jerusalem, and the sea coast of Tyre and Sidon, who came to hear him and to be healed of their diseases;	jah atgaggands dalaþ miþ im gastoþ ana stada ibnamma jah hiuma siponje is jah hansa mikila manageins af allamma Iudaias jah Iairusalem jah þize faur marein Twre jah Seidone jah anþaraizo baurge,	𐌾𐌰𐌷 𐌰𐍄𐌲𐌰𐌲𐌲𐌰𐌽𐌳𐍃 𐌳𐌰𐌻𐌰𐌸 𐌼𐌹𐌸 𐌹𐌼 𐌲𐌰𐍃𐍄𐍉𐌸 𐌰𐌽𐌰 𐍃𐍄𐌰𐌳𐌰 𐌹𐌱𐌽𐌰𐌼𐌼𐌰 𐌾𐌰𐌷 𐌷𐌹𐌿𐌼𐌰 𐍃𐌹𐍀𐍉𐌽𐌾𐌴 𐌹𐍃 𐌾𐌰𐌷 𐌷𐌰𐌽𐍃𐌰 𐌼𐌹𐌺𐌹𐌻𐌰 𐌼𐌰𐌽𐌰𐌲𐌴𐌹𐌽𐍃 𐌰𐍆 𐌰𐌻𐌻𐌰𐌼𐌼𐌰 𐌹𐌿𐌳𐌰𐌹𐌰𐍃 𐌾𐌰𐌷 𐌹𐌰𐌹𐍂𐌿𐍃𐌰𐌻𐌴𐌼 𐌾𐌰𐌷 𐌸𐌹𐌶𐌴 𐍆𐌰𐌿𐍂 𐌼𐌰𐍂𐌴𐌹𐌽 𐍄𐍅𐍂𐌴 𐌾𐌰𐌷 𐍃𐌴𐌹𐌳𐍉𐌽𐌴 𐌾𐌰𐌷 𐌰𐌽𐌸𐌰𐍂𐌰𐌹𐌶𐍉 𐌱𐌰𐌿𐍂𐌲𐌴,
unverified	train_0559_d0	llm_diversify	3	drew near	sunsei nehva was	𐍃𐌿𐌽𐍃𐌴𐌹 𐌽𐌴𐍈𐌰 𐍅𐌰𐍃	no	9	unsaíƕands: blind (Adj.), unseeing	9	sunjeins: factual, genuine, of truth, true, truthful	10	ussaíƕan: direct one’s vision, look about, look at, look up, raise one...	When he drew near, he saw the city and wept over it,	jah sunsei nehva was, gasaihvands þo baurg gaigrot bi þo, qiþands:	𐌾𐌰𐌷 𐍃𐌿𐌽𐍃𐌴𐌹 𐌽𐌴𐍈𐌰 𐍅𐌰𐍃, 𐌲𐌰𐍃𐌰𐌹𐍈𐌰𐌽𐌳𐍃 𐌸𐍉 𐌱𐌰𐌿𐍂𐌲 𐌲𐌰𐌹𐌲𐍂𐍉𐍄 𐌱𐌹 𐌸𐍉, 𐌵𐌹𐌸𐌰𐌽𐌳𐍃: